DesignName,ParticipantID,TrialID,Block1,Letter1,Letter2,Modifier1,Size
2key,1,1,1,Middle,Middle,CMD_Shift,1
2key,1,2,2,Middle,Right,None,2
2key,1,3,3,Middle,Left,CMD_Shift,2
2key,1,4,4,Left,Right,None,1
2key,1,5,5,Middle,Left,CMD_Alt_Shift,1
2key,1,6,6,Middle,Right,CMD_Shift,1
2key,1,7,7,Right,Right,CMD_Alt_Shift,2
2key,1,8,8,Middle,Right,CMD_Shift,2
2key,1,9,9,Right,Middle,CMD_Alt_Shift,1
2key,1,10,10,Middle,Middle,CMD_Alt_Shift,1
2key,1,11,11,Middle,Right,CMD_Alt_Shift,1
2key,1,12,12,Middle,Right,Alt,2
2key,1,13,13,Right,Left,CMD,2
2key,1,14,14,Right,Left,Alt,1
2key,1,15,15,Right,Right,Alt,1
2key,1,16,16,Right,Middle,CMD_Shift,2
2key,1,17,17,Left,Left,CMD_Alt_Shift,1
2key,1,18,18,Right,Right,CMD_Shift,2
2key,1,19,19,Right,Middle,Alt,2
2key,1,20,20,Right,Middle,CMD_Shift,1
2key,1,21,21,Left,Middle,CMD_Shift,2
2key,1,22,22,Left,Middle,CMD_Alt_Shift,2
2key,1,23,23,Left,Left,Alt,2
2key,1,24,24,Left,Left,CMD_Shift,2
2key,1,25,25,Right,Right,CMD,2
2key,1,26,26,Right,Right,CMD_Shift,1
2key,1,27,27,Left,Middle,None,2
2key,1,28,28,Middle,Left,CMD,1
2key,1,29,29,Left,Right,CMD,1
2key,1,30,30,Left,Right,Alt,2
2key,1,31,31,Right,Left,CMD_Shift,2
2key,1,32,32,Middle,Middle,None,1
2key,1,33,33,Left,Left,None,1
2key,1,34,34,Middle,Right,CMD_Alt_Shift,2
2key,1,35,35,Left,Right,None,2
2key,1,36,36,Middle,Right,CMD,1
2key,1,37,37,Right,Left,CMD,1
2key,1,38,38,Right,Left,CMD_Alt_Shift,1
2key,1,39,39,Right,Left,CMD_Alt_Shift,2
2key,1,40,40,Left,Middle,Alt,2
2key,1,41,41,Right,Right,CMD,1
2key,1,42,42,Middle,Left,None,1
2key,1,43,43,Left,Right,CMD_Alt_Shift,2
2key,1,44,44,Left,Middle,CMD_Shift,1
2key,1,45,45,Left,Left,CMD_Alt_Shift,2
2key,1,46,46,Left,Middle,CMD_Alt_Shift,1
2key,1,47,47,Right,Middle,CMD_Alt_Shift,2
2key,1,48,48,Left,Middle,CMD,1
2key,1,49,49,Left,Middle,None,1
2key,1,50,50,Left,Left,Alt,1
2key,1,51,51,Middle,Middle,CMD,2
2key,1,52,52,Middle,Right,None,1
2key,1,53,53,Middle,Left,CMD,2
2key,1,54,54,Right,Left,None,1
2key,1,55,55,Right,Left,Alt,2
2key,1,56,56,Middle,Middle,CMD_Alt_Shift,2
2key,1,57,57,Right,Right,None,1
2key,1,58,58,Middle,Left,CMD_Shift,1
2key,1,59,59,Middle,Middle,Alt,2
2key,1,60,60,Middle,Middle,CMD,1
2key,1,61,61,Left,Right,CMD_Shift,1
2key,1,62,62,Right,Middle,Alt,1
2key,1,63,63,Right,Right,Alt,2
2key,1,64,64,Middle,Middle,Alt,1
2key,1,65,65,Left,Right,CMD,2
2key,1,66,66,Right,Left,None,2
2key,1,67,67,Left,Right,Alt,1
2key,1,68,68,Left,Right,CMD_Alt_Shift,1
2key,1,69,69,Middle,Middle,CMD_Shift,2
2key,1,70,70,Right,Middle,None,1
2key,1,71,71,Middle,Left,Alt,1
2key,1,72,72,Right,Middle,CMD,2
2key,1,73,73,Middle,Right,Alt,1
2key,1,74,74,Left,Middle,Alt,1
2key,1,75,75,Right,Right,None,2
2key,1,76,76,Middle,Left,CMD_Alt_Shift,2
2key,1,77,77,Left,Left,CMD,2
2key,1,78,78,Left,Left,CMD,1
2key,1,79,79,Middle,Left,None,2
2key,1,80,80,Left,Left,CMD_Shift,1
2key,1,81,81,Right,Right,CMD_Alt_Shift,1
2key,1,82,82,Left,Middle,CMD,2
2key,1,83,83,Right,Middle,CMD,1
2key,1,84,84,Middle,Right,CMD,2
2key,1,85,85,Left,Left,None,2
2key,1,86,86,Left,Right,CMD_Shift,2
2key,1,87,87,Middle,Middle,None,2
2key,1,88,88,Right,Middle,None,2
2key,1,89,89,Right,Left,CMD_Shift,1
2key,1,90,90,Middle,Left,Alt,2
2key,2,91,1,Middle,Middle,CMD_Shift,2
2key,2,92,2,Middle,Right,CMD,1
2key,2,93,3,Middle,Left,CMD_Alt_Shift,1
2key,2,94,4,Left,Right,None,2
2key,2,95,5,Middle,Left,CMD_Alt_Shift,2
2key,2,96,6,Middle,Right,CMD_Shift,2
2key,2,97,7,Left,Left,None,1
2key,2,98,8,Middle,Right,CMD_Alt_Shift,1
2key,2,99,9,Right,Middle,CMD_Alt_Shift,2
2key,2,100,10,Middle,Middle,CMD_Alt_Shift,2
2key,2,101,11,Middle,Right,CMD_Alt_Shift,2
2key,2,102,12,Middle,Right,CMD_Shift,1
2key,2,103,13,Right,Left,Alt,1
2key,2,104,14,Right,Left,Alt,2
2key,2,105,15,Right,Right,Alt,2
2key,2,106,16,Right,Middle,CMD_Alt_Shift,1
2key,2,107,17,Left,Left,CMD_Alt_Shift,2
2key,2,108,18,Right,Right,CMD_Alt_Shift,1
2key,2,109,19,Right,Middle,CMD_Shift,1
2key,2,110,20,Right,Middle,CMD_Shift,2
2key,2,111,21,Left,Middle,CMD_Alt_Shift,1
2key,2,112,22,Left,Right,None,1
2key,2,113,23,Left,Left,CMD_Shift,1
2key,2,114,24,Left,Left,CMD_Alt_Shift,1
2key,2,115,25,Right,Right,Alt,1
2key,2,116,26,Right,Right,CMD_Shift,2
2key,2,117,27,Left,Middle,CMD,1
2key,2,118,28,Middle,Left,CMD,2
2key,2,119,29,Left,Right,CMD,2
2key,2,120,30,Left,Right,CMD_Shift,1
2key,2,121,31,Right,Left,CMD_Alt_Shift,1
2key,2,122,32,Middle,Middle,None,2
2key,2,123,33,Left,Left,None,2
2key,2,124,34,Right,Left,None,1
2key,2,125,35,Left,Right,CMD,1
2key,2,126,36,Middle,Right,CMD,2
2key,2,127,37,Right,Left,CMD,2
2key,2,128,38,Right,Left,CMD_Alt_Shift,2
2key,2,129,39,Right,Middle,None,1
2key,2,130,40,Left,Middle,CMD_Shift,1
2key,2,131,41,Right,Right,CMD,2
2key,2,132,42,Middle,Left,None,2
2key,2,133,43,Middle,Left,None,1
2key,2,134,44,Left,Middle,CMD_Shift,2
2key,2,135,45,Left,Middle,None,1
2key,2,136,46,Left,Middle,CMD_Alt_Shift,2
2key,2,137,47,Right,Right,None,1
2key,2,138,48,Left,Middle,CMD,2
2key,2,139,49,Left,Middle,None,2
2key,2,140,50,Left,Left,Alt,2
2key,2,141,51,Middle,Middle,Alt,1
2key,2,142,52,Middle,Right,None,2
2key,2,143,53,Middle,Left,Alt,1
2key,2,144,54,Right,Left,None,2
2key,2,145,55,Right,Left,CMD_Shift,1
2key,2,146,56,Middle,Right,None,1
2key,2,147,57,Right,Right,None,2
2key,2,148,58,Middle,Left,CMD_Shift,2
2key,2,149,59,Middle,Middle,CMD_Shift,1
2key,2,150,60,Middle,Middle,CMD,2
2key,2,151,61,Left,Right,CMD_Shift,2
2key,2,152,62,Right,Middle,Alt,2
2key,2,153,63,Right,Right,CMD_Shift,1
2key,2,154,64,Middle,Middle,Alt,2
2key,2,155,65,Left,Right,Alt,1
2key,2,156,66,Right,Left,CMD,1
2key,2,157,67,Left,Right,Alt,2
2key,2,158,68,Left,Right,CMD_Alt_Shift,2
2key,2,159,69,Middle,Middle,CMD_Alt_Shift,1
2key,2,160,70,Right,Middle,None,2
2key,2,161,71,Middle,Left,Alt,2
2key,2,162,72,Right,Middle,Alt,1
2key,2,163,73,Middle,Right,Alt,2
2key,2,164,74,Left,Middle,Alt,2
2key,2,165,75,Right,Right,CMD,1
2key,2,166,76,Middle,Middle,None,1
2key,2,167,77,Left,Left,Alt,1
2key,2,168,78,Left,Left,CMD,2
2key,2,169,79,Middle,Left,CMD,1
2key,2,170,80,Left,Left,CMD_Shift,2
2key,2,171,81,Right,Right,CMD_Alt_Shift,2
2key,2,172,82,Left,Middle,Alt,1
2key,2,173,83,Right,Middle,CMD,2
2key,2,174,84,Middle,Right,Alt,1
2key,2,175,85,Left,Left,CMD,1
2key,2,176,86,Left,Right,CMD_Alt_Shift,1
2key,2,177,87,Middle,Middle,CMD,1
2key,2,178,88,Right,Middle,CMD,1
2key,2,179,89,Right,Left,CMD_Shift,2
2key,2,180,90,Middle,Left,CMD_Shift,1
2key,3,181,1,Middle,Middle,CMD_Alt_Shift,1
2key,3,182,2,Middle,Right,CMD,2
2key,3,183,3,Middle,Left,CMD_Alt_Shift,2
2key,3,184,4,Left,Right,CMD,1
2key,3,185,5,Middle,Middle,None,1
2key,3,186,6,Middle,Right,CMD_Alt_Shift,1
2key,3,187,7,Left,Left,None,2
2key,3,188,8,Middle,Right,CMD_Alt_Shift,2
2key,3,189,9,Right,Right,None,1
2key,3,190,10,Middle,Right,None,1
2key,3,191,11,Right,Left,None,1
2key,3,192,12,Middle,Right,CMD_Shift,2
2key,3,193,13,Right,Left,Alt,2
2key,3,194,14,Right,Left,CMD_Shift,1
2key,3,195,15,Right,Right,CMD_Shift,1
2key,3,196,16,Right,Middle,CMD_Alt_Shift,2
2key,3,197,17,Left,Middle,None,1
2key,3,198,18,Right,Right,CMD_Alt_Shift,2
2key,3,199,19,Right,Middle,CMD_Shift,2
2key,3,200,20,Right,Middle,CMD_Alt_Shift,1
2key,3,201,21,Left,Middle,CMD_Alt_Shift,2
2key,3,202,22,Left,Right,None,2
2key,3,203,23,Left,Left,CMD_Shift,2
2key,3,204,24,Left,Left,CMD_Alt_Shift,2
2key,3,205,25,Right,Right,Alt,2
2key,3,206,26,Right,Right,CMD_Alt_Shift,1
2key,3,207,27,Left,Middle,CMD,2
2key,3,208,28,Middle,Left,Alt,1
2key,3,209,29,Left,Right,Alt,1
2key,3,210,30,Left,Right,CMD_Shift,2
2key,3,211,31,Right,Left,CMD_Alt_Shift,2
2key,3,212,32,Middle,Middle,CMD,1
2key,3,213,33,Left,Left,CMD,1
2key,3,214,34,Right,Left,None,2
2key,3,215,35,Left,Right,CMD,2
2key,3,216,36,Middle,Right,Alt,1
2key,3,217,37,Right,Left,Alt,1
2key,3,218,38,Right,Middle,None,1
2key,3,219,39,Right,Middle,None,2
2key,3,220,40,Left,Middle,CMD_Shift,2
2key,3,221,41,Right,Right,Alt,1
2key,3,222,42,Middle,Left,CMD,1
2key,3,223,43,Middle,Left,None,2
2key,3,224,44,Left,Middle,CMD_Alt_Shift,1
2key,3,225,45,Left,Middle,None,2
2key,3,226,46,Left,Right,None,1
2key,3,227,47,Right,Right,None,2
2key,3,228,48,Left,Middle,Alt,1
2key,3,229,49,Left,Middle,CMD,1
2key,3,230,50,Left,Left,CMD_Shift,1
2key,3,231,51,Middle,Middle,Alt,2
2key,3,232,52,Middle,Right,CMD,1
2key,3,233,53,Middle,Left,Alt,2
2key,3,234,54,Right,Left,CMD,1
2key,3,235,55,Right,Left,CMD_Shift,2
2key,3,236,56,Middle,Right,None,2
2key,3,237,57,Right,Right,CMD,1
2key,3,238,58,Middle,Left,CMD_Alt_Shift,1
2key,3,239,59,Middle,Middle,CMD_Shift,2
2key,3,240,60,Middle,Middle,Alt,1
2key,3,241,61,Left,Right,CMD_Alt_Shift,1
2key,3,242,62,Right,Middle,CMD_Shift,1
2key,3,243,63,Right,Right,CMD_Shift,2
2key,3,244,64,Middle,Middle,CMD_Shift,1
2key,3,245,65,Left,Right,Alt,2
2key,3,246,66,Right,Left,CMD,2
2key,3,247,67,Left,Right,CMD_Shift,1
2key,3,248,68,Middle,Left,None,1
2key,3,249,69,Middle,Middle,CMD_Alt_Shift,2
2key,3,250,70,Right,Middle,CMD,1
2key,3,251,71,Middle,Left,CMD_Shift,1
2key,3,252,72,Right,Middle,Alt,2
2key,3,253,73,Middle,Right,CMD_Shift,1
2key,3,254,74,Left,Middle,CMD_Shift,1
2key,3,255,75,Right,Right,CMD,2
2key,3,256,76,Middle,Middle,None,2
2key,3,257,77,Left,Left,Alt,2
2key,3,258,78,Left,Left,Alt,1
2key,3,259,79,Middle,Left,CMD,2
2key,3,260,80,Left,Left,CMD_Alt_Shift,1
2key,3,261,81,Left,Left,None,1
2key,3,262,82,Left,Middle,Alt,2
2key,3,263,83,Right,Middle,Alt,1
2key,3,264,84,Middle,Right,Alt,2
2key,3,265,85,Left,Left,CMD,2
2key,3,266,86,Left,Right,CMD_Alt_Shift,2
2key,3,267,87,Middle,Middle,CMD,2
2key,3,268,88,Right,Middle,CMD,2
2key,3,269,89,Right,Left,CMD_Alt_Shift,1
2key,3,270,90,Middle,Left,CMD_Shift,2
2key,4,271,1,Middle,Middle,CMD_Alt_Shift,2
2key,4,272,2,Middle,Right,Alt,1
2key,4,273,3,Middle,Middle,None,1
2key,4,274,4,Left,Right,CMD,2
2key,4,275,5,Middle,Middle,None,2
2key,4,276,6,Middle,Right,CMD_Alt_Shift,2
2key,4,277,7,Left,Left,CMD,1
2key,4,278,8,Right,Left,None,1
2key,4,279,9,Right,Right,None,2
2key,4,280,10,Middle,Right,None,2
2key,4,281,11,Right,Left,None,2
2key,4,282,12,Middle,Right,CMD_Alt_Shift,1
2key,4,283,13,Right,Left,CMD_Shift,1
2key,4,284,14,Right,Left,CMD_Shift,2
2key,4,285,15,Right,Right,CMD_Shift,2
2key,4,286,16,Right,Right,None,1
2key,4,287,17,Left,Middle,None,2
2key,4,288,18,Left,Left,None,1
2key,4,289,19,Right,Middle,CMD_Alt_Shift,1
2key,4,290,20,Right,Middle,CMD_Alt_Shift,2
2key,4,291,21,Left,Right,None,1
2key,4,292,22,Left,Right,CMD,1
2key,4,293,23,Left,Left,CMD_Alt_Shift,1
2key,4,294,24,Left,Middle,None,1
2key,4,295,25,Right,Right,CMD_Shift,1
2key,4,296,26,Right,Right,CMD_Alt_Shift,2
2key,4,297,27,Left,Middle,Alt,1
2key,4,298,28,Middle,Left,Alt,2
2key,4,299,29,Left,Right,Alt,2
2key,4,300,30,Left,Right,CMD_Alt_Shift,1
2key,4,301,31,Right,Middle,None,1
2key,4,302,32,Middle,Middle,CMD,2
2key,4,303,33,Left,Left,CMD,2
2key,4,304,34,Right,Left,CMD,1
2key,4,305,35,Left,Right,Alt,1
2key,4,306,36,Middle,Right,Alt,2
2key,4,307,37,Right,Left,Alt,2
2key,4,308,38,Right,Middle,None,2
2key,4,309,39,Right,Middle,CMD,1
2key,4,310,40,Left,Middle,CMD_Alt_Shift,1
2key,4,311,41,Right,Right,Alt,2
2key,4,312,42,Middle,Left,CMD,2
2key,4,313,43,Middle,Left,CMD,1
2key,4,314,44,Left,Middle,CMD_Alt_Shift,2
2key,4,315,45,Left,Middle,CMD,1
2key,4,316,46,Left,Right,None,2
2key,4,317,47,Right,Right,CMD,1
2key,4,318,48,Left,Middle,Alt,2
2key,4,319,49,Left,Middle,CMD,2
2key,4,320,50,Left,Left,CMD_Shift,2
2key,4,321,51,Middle,Middle,CMD_Shift,1
2key,4,322,52,Middle,Right,CMD,2
2key,4,323,53,Middle,Left,CMD_Shift,1
2key,4,324,54,Right,Left,CMD,2
2key,4,325,55,Right,Left,CMD_Alt_Shift,1
2key,4,326,56,Middle,Right,CMD,1
2key,4,327,57,Right,Right,CMD,2
2key,4,328,58,Middle,Left,CMD_Alt_Shift,2
2key,4,329,59,Middle,Middle,CMD_Alt_Shift,1
2key,4,330,60,Middle,Middle,Alt,2
2key,4,331,61,Left,Right,CMD_Alt_Shift,2
2key,4,332,62,Right,Middle,CMD_Shift,2
2key,4,333,63,Right,Right,CMD_Alt_Shift,1
2key,4,334,64,Middle,Middle,CMD_Shift,2
2key,4,335,65,Left,Right,CMD_Shift,1
2key,4,336,66,Right,Left,Alt,1
2key,4,337,67,Left,Right,CMD_Shift,2
2key,4,338,68,Middle,Left,None,2
2key,4,339,69,Middle,Right,None,1
2key,4,340,70,Right,Middle,CMD,2
2key,4,341,71,Middle,Left,CMD_Shift,2
2key,4,342,72,Right,Middle,CMD_Shift,1
2key,4,343,73,Middle,Right,CMD_Shift,2
2key,4,344,74,Left,Middle,CMD_Shift,2
2key,4,345,75,Right,Right,Alt,1
2key,4,346,76,Middle,Middle,CMD,1
2key,4,347,77,Left,Left,CMD_Shift,1
2key,4,348,78,Left,Left,Alt,2
2key,4,349,79,Middle,Left,Alt,1
2key,4,350,80,Left,Left,CMD_Alt_Shift,2
2key,4,351,81,Left,Left,None,2
2key,4,352,82,Left,Middle,CMD_Shift,1
2key,4,353,83,Right,Middle,Alt,2
2key,4,354,84,Middle,Right,CMD_Shift,1
2key,4,355,85,Left,Left,Alt,1
2key,4,356,86,Middle,Left,None,1
2key,4,357,87,Middle,Middle,Alt,1
2key,4,358,88,Right,Middle,Alt,1
2key,4,359,89,Right,Left,CMD_Alt_Shift,2
2key,4,360,90,Middle,Left,CMD_Alt_Shift,1
2key,5,361,1,Middle,Right,None,1
2key,5,362,2,Middle,Right,Alt,2
2key,5,363,3,Middle,Middle,None,2
2key,5,364,4,Left,Right,Alt,1
2key,5,365,5,Middle,Middle,CMD,1
2key,5,366,6,Right,Left,None,1
2key,5,367,7,Left,Left,CMD,2
2key,5,368,8,Right,Left,None,2
2key,5,369,9,Right,Right,CMD,1
2key,5,370,10,Middle,Right,CMD,1
2key,5,371,11,Right,Left,CMD,1
2key,5,372,12,Middle,Right,CMD_Alt_Shift,2
2key,5,373,13,Right,Left,CMD_Shift,2
2key,5,374,14,Right,Left,CMD_Alt_Shift,1
2key,5,375,15,Right,Right,CMD_Alt_Shift,1
2key,5,376,16,Right,Right,None,2
2key,5,377,17,Left,Middle,CMD,1
2key,5,378,18,Left,Left,None,2
2key,5,379,19,Right,Middle,CMD_Alt_Shift,2
2key,5,380,20,Right,Right,None,1
2key,5,381,21,Left,Right,None,2
2key,5,382,22,Left,Right,CMD,2
2key,5,383,23,Left,Left,CMD_Alt_Shift,2
2key,5,384,24,Left,Middle,None,2
2key,5,385,25,Right,Right,CMD_Shift,2
2key,5,386,26,Left,Left,None,1
2key,5,387,27,Left,Middle,Alt,2
2key,5,388,28,Middle,Left,CMD_Shift,1
2key,5,389,29,Left,Right,CMD_Shift,1
2key,5,390,30,Left,Right,CMD_Alt_Shift,2
2key,5,391,31,Right,Middle,None,2
2key,5,392,32,Middle,Middle,Alt,1
2key,5,393,33,Left,Left,Alt,1
2key,5,394,34,Right,Left,CMD,2
2key,5,395,35,Left,Right,Alt,2
2key,5,396,36,Middle,Right,CMD_Shift,1
2key,5,397,37,Right,Left,CMD_Shift,1
2key,5,398,38,Right,Middle,CMD,1
2key,5,399,39,Right,Middle,CMD,2
2key,5,400,40,Left,Middle,CMD_Alt_Shift,2
2key,5,401,41,Right,Right,CMD_Shift,1
2key,5,402,42,Middle,Left,Alt,1
2key,5,403,43,Middle,Left,CMD,2
2key,5,404,44,Left,Right,None,1
2key,5,405,45,Left,Middle,CMD,2
2key,5,406,46,Left,Right,CMD,1
2key,5,407,47,Right,Right,CMD,2
2key,5,408,48,Left,Middle,CMD_Shift,1
2key,5,409,49,Left,Middle,Alt,1
2key,5,410,50,Left,Left,CMD_Alt_Shift,1
2key,5,411,51,Middle,Middle,CMD_Shift,2
2key,5,412,52,Middle,Right,Alt,1
2key,5,413,53,Middle,Left,CMD_Shift,2
2key,5,414,54,Right,Left,Alt,1
2key,5,415,55,Right,Left,CMD_Alt_Shift,2
2key,5,416,56,Middle,Right,CMD,2
2key,5,417,57,Right,Right,Alt,1
2key,5,418,58,Middle,Middle,None,1
2key,5,419,59,Middle,Middle,CMD_Alt_Shift,2
2key,5,420,60,Middle,Middle,CMD_Shift,1
2key,5,421,61,Middle,Left,None,1
2key,5,422,62,Right,Middle,CMD_Alt_Shift,1
2key,5,423,63,Right,Right,CMD_Alt_Shift,2
2key,5,424,64,Middle,Middle,CMD_Alt_Shift,1
2key,5,425,65,Left,Right,CMD_Shift,2
2key,5,426,66,Right,Left,Alt,2
2key,5,427,67,Left,Right,CMD_Alt_Shift,1
2key,5,428,68,Middle,Left,CMD,1
2key,5,429,69,Middle,Right,None,2
2key,5,430,70,Right,Middle,Alt,1
2key,5,431,71,Middle,Left,CMD_Alt_Shift,1
2key,5,432,72,Right,Middle,CMD_Shift,2
2key,5,433,73,Middle,Right,CMD_Alt_Shift,1
2key,5,434,74,Left,Middle,CMD_Alt_Shift,1
2key,5,435,75,Right,Right,Alt,2
2key,5,436,76,Middle,Middle,CMD,2
2key,5,437,77,Left,Left,CMD_Shift,2
2key,5,438,78,Left,Left,CMD_Shift,1
2key,5,439,79,Middle,Left,Alt,2
2key,5,440,80,Left,Middle,None,1
2key,5,441,81,Left,Left,CMD,1
2key,5,442,82,Left,Middle,CMD_Shift,2
2key,5,443,83,Right,Middle,CMD_Shift,1
2key,5,444,84,Middle,Right,CMD_Shift,2
2key,5,445,85,Left,Left,Alt,2
2key,5,446,86,Middle,Left,None,2
2key,5,447,87,Middle,Middle,Alt,2
2key,5,448,88,Right,Middle,Alt,2
2key,5,449,89,Right,Middle,None,1
2key,5,450,90,Middle,Left,CMD_Alt_Shift,2
2key,6,451,1,Middle,Right,None,2
2key,6,452,2,Middle,Right,CMD_Shift,1
2key,6,453,3,Middle,Middle,CMD,1
2key,6,454,4,Left,Right,Alt,2
2key,6,455,5,Middle,Middle,CMD,2
2key,6,456,6,Right,Left,None,2
2key,6,457,7,Left,Left,Alt,1
2key,6,458,8,Right,Left,CMD,1
2key,6,459,9,Right,Right,CMD,2
2key,6,460,10,Middle,Right,CMD,2
2key,6,461,11,Right,Left,CMD,2
2key,6,462,12,Right,Left,None,1
2key,6,463,13,Right,Left,CMD_Alt_Shift,1
2key,6,464,14,Right,Left,CMD_Alt_Shift,2
2key,6,465,15,Right,Right,CMD_Alt_Shift,2
2key,6,466,16,Right,Right,CMD,1
2key,6,467,17,Left,Middle,CMD,2
2key,6,468,18,Left,Left,CMD,1
2key,6,469,19,Right,Right,None,1
2key,6,470,20,Right,Right,None,2
2key,6,471,21,Left,Right,CMD,1
2key,6,472,22,Left,Right,Alt,1
2key,6,473,23,Left,Middle,None,1
2key,6,474,24,Left,Middle,CMD,1
2key,6,475,25,Right,Right,CMD_Alt_Shift,1
2key,6,476,26,Left,Left,None,2
2key,6,477,27,Left,Middle,CMD_Shift,1
2key,6,478,28,Middle,Left,CMD_Shift,2
2key,6,479,29,Left,Right,CMD_Shift,2
2key,6,480,30,Middle,Left,None,1
2key,6,481,31,Right,Middle,CMD,1
2key,6,482,32,Middle,Middle,Alt,2
2key,6,483,33,Left,Left,Alt,2
2key,6,484,34,Right,Left,Alt,1
2key,6,485,35,Left,Right,CMD_Shift,1
2key,6,486,36,Middle,Right,CMD_Shift,2
2key,6,487,37,Right,Left,CMD_Shift,2
2key,6,488,38,Right,Middle,CMD,2
2key,6,489,39,Right,Middle,Alt,1
2key,6,490,40,Left,Right,None,1
2key,6,491,41,Right,Right,CMD_Shift,2
2key,6,492,42,Middle,Left,Alt,2
2key,6,493,43,Middle,Left,Alt,1
2key,6,494,44,Left,Right,None,2
2key,6,495,45,Left,Middle,Alt,1
2key,6,496,46,Left,Right,CMD,2
2key,6,497,47,Right,Right,Alt,1
2key,6,498,48,Left,Middle,CMD_Shift,2
2key,6,499,49,Left,Middle,Alt,2
2key,6,500,50,Left,Left,CMD_Alt_Shift,2
2key,6,501,51,Middle,Middle,CMD_Alt_Shift,1
2key,6,502,52,Middle,Right,Alt,2
2key,6,503,53,Middle,Left,CMD_Alt_Shift,1
2key,6,504,54,Right,Left,Alt,2
2key,6,505,55,Right,Middle,None,1
2key,6,506,56,Middle,Right,Alt,1
2key,6,507,57,Right,Right,Alt,2
2key,6,508,58,Middle,Middle,None,2
2key,6,509,59,Middle,Right,None,1
2key,6,510,60,Middle,Middle,CMD_Shift,2
2key,6,511,61,Middle,Left,None,2
2key,6,512,62,Right,Middle,CMD_Alt_Shift,2
2key,6,513,63,Left,Left,None,1
2key,6,514,64,Middle,Middle,CMD_Alt_Shift,2
2key,6,515,65,Left,Right,CMD_Alt_Shift,1
2key,6,516,66,Right,Left,CMD_Shift,1
2key,6,517,67,Left,Right,CMD_Alt_Shift,2
2key,6,518,68,Middle,Left,CMD,2
2key,6,519,69,Middle,Right,CMD,1
2key,6,520,70,Right,Middle,Alt,2
2key,6,521,71,Middle,Left,CMD_Alt_Shift,2
2key,6,522,72,Right,Middle,CMD_Alt_Shift,1
2key,6,523,73,Middle,Right,CMD_Alt_Shift,2
2key,6,524,74,Left,Middle,CMD_Alt_Shift,2
2key,6,525,75,Right,Right,CMD_Shift,1
2key,6,526,76,Middle,Middle,Alt,1
2key,6,527,77,Left,Left,CMD_Alt_Shift,1
2key,6,528,78,Left,Left,CMD_Shift,2
2key,6,529,79,Middle,Left,CMD_Shift,1
2key,6,530,80,Left,Middle,None,2
2key,6,531,81,Left,Left,CMD,2
2key,6,532,82,Left,Middle,CMD_Alt_Shift,1
2key,6,533,83,Right,Middle,CMD_Shift,2
2key,6,534,84,Middle,Right,CMD_Alt_Shift,1
2key,6,535,85,Left,Left,CMD_Shift,1
2key,6,536,86,Middle,Left,CMD,1
2key,6,537,87,Middle,Middle,CMD_Shift,1
2key,6,538,88,Right,Middle,CMD_Shift,1
2key,6,539,89,Right,Middle,None,2
2key,6,540,90,Middle,Middle,None,1
2key,7,541,1,Middle,Right,CMD,1
2key,7,542,2,Middle,Right,CMD_Shift,2
2key,7,543,3,Middle,Middle,CMD,2
2key,7,544,4,Left,Right,CMD_Shift,1
2key,7,545,5,Middle,Middle,Alt,1
2key,7,546,6,Right,Left,CMD,1
2key,7,547,7,Left,Left,Alt,2
2key,7,548,8,Right,Left,CMD,2
2key,7,549,9,Right,Right,Alt,1
2key,7,550,10,Middle,Right,Alt,1
2key,7,551,11,Right,Left,Alt,1
2key,7,552,12,Right,Left,None,2
2key,7,553,13,Right,Left,CMD_Alt_Shift,2
2key,7,554,14,Right,Middle,None,1
2key,7,555,15,Left,Left,None,1
2key,7,556,16,Right,Right,CMD,2
2key,7,557,17,Left,Middle,Alt,1
2key,7,558,18,Left,Left,CMD,2
2key,7,559,19,Right,Right,None,2
2key,7,560,20,Right,Right,CMD,1
2key,7,561,21,Left,Right,CMD,2
2key,7,562,22,Left,Right,Alt,2
2key,7,563,23,Left,Middle,None,2
2key,7,564,24,Left,Middle,CMD,2
2key,7,565,25,Right,Right,CMD_Alt_Shift,2
2key,7,566,26,Left,Left,CMD,1
2key,7,567,27,Left,Middle,CMD_Shift,2
2key,7,568,28,Middle,Left,CMD_Alt_Shift,1
2key,7,569,29,Left,Right,CMD_Alt_Shift,1
2key,7,570,30,Middle,Left,None,2
2key,7,571,31,Right,Middle,CMD,2
2key,7,572,32,Middle,Middle,CMD_Shift,1
2key,7,573,33,Left,Left,CMD_Shift,1
2key,7,574,34,Right,Left,Alt,2
2key,7,575,35,Left,Right,CMD_Shift,2
2key,7,576,36,Middle,Right,CMD_Alt_Shift,1
2key,7,577,37,Right,Left,CMD_Alt_Shift,1
2key,7,578,38,Right,Middle,Alt,1
2key,7,579,39,Right,Middle,Alt,2
2key,7,580,40,Left,Right,None,2
2key,7,581,41,Right,Right,CMD_Alt_Shift,1
2key,7,582,42,Middle,Left,CMD_Shift,1
2key,7,583,43,Middle,Left,Alt,2
2key,7,584,44,Left,Right,CMD,1
2key,7,585,45,Left,Middle,Alt,2
2key,7,586,46,Left,Right,Alt,1
2key,7,587,47,Right,Right,Alt,2
2key,7,588,48,Left,Middle,CMD_Alt_Shift,1
2key,7,589,49,Left,Middle,CMD_Shift,1
2key,7,590,50,Left,Middle,None,1
2key,7,591,51,Middle,Middle,CMD_Alt_Shift,2
2key,7,592,52,Middle,Right,CMD_Shift,1
2key,7,593,53,Middle,Left,CMD_Alt_Shift,2
2key,7,594,54,Right,Left,CMD_Shift,1
2key,7,595,55,Right,Middle,None,2
2key,7,596,56,Middle,Right,Alt,2
2key,7,597,57,Right,Right,CMD_Shift,1
2key,7,598,58,Middle,Middle,CMD,1
2key,7,599,59,Middle,Right,None,2
2key,7,600,60,Middle,Middle,CMD_Alt_Shift,1
2key,7,601,61,Middle,Left,CMD,1
2key,7,602,62,Right,Right,None,1
2key,7,603,63,Left,Left,None,2
2key,7,604,64,Middle,Right,None,1
2key,7,605,65,Left,Right,CMD_Alt_Shift,2
2key,7,606,66,Right,Left,CMD_Shift,2
2key,7,607,67,Middle,Left,None,1
2key,7,608,68,Middle,Left,Alt,1
2key,7,609,69,Middle,Right,CMD,2
2key,7,610,70,Right,Middle,CMD_Shift,1
2key,7,611,71,Middle,Middle,None,1
2key,7,612,72,Right,Middle,CMD_Alt_Shift,2
2key,7,613,73,Right,Left,None,1
2key,7,614,74,Left,Right,None,1
2key,7,615,75,Right,Right,CMD_Shift,2
2key,7,616,76,Middle,Middle,Alt,2
2key,7,617,77,Left,Left,CMD_Alt_Shift,2
2key,7,618,78,Left,Left,CMD_Alt_Shift,1
2key,7,619,79,Middle,Left,CMD_Shift,2
2key,7,620,80,Left,Middle,CMD,1
2key,7,621,81,Left,Left,Alt,1
2key,7,622,82,Left,Middle,CMD_Alt_Shift,2
2key,7,623,83,Right,Middle,CMD_Alt_Shift,1
2key,7,624,84,Middle,Right,CMD_Alt_Shift,2
2key,7,625,85,Left,Left,CMD_Shift,2
2key,7,626,86,Middle,Left,CMD,2
2key,7,627,87,Middle,Middle,CMD_Shift,2
2key,7,628,88,Right,Middle,CMD_Shift,2
2key,7,629,89,Right,Middle,CMD,1
2key,7,630,90,Middle,Middle,None,2
2key,8,631,1,Middle,Right,CMD,2
2key,8,632,2,Middle,Right,CMD_Alt_Shift,1
2key,8,633,3,Middle,Middle,Alt,1
2key,8,634,4,Left,Right,CMD_Shift,2
2key,8,635,5,Middle,Middle,Alt,2
2key,8,636,6,Right,Left,CMD,2
2key,8,637,7,Left,Left,CMD_Shift,1
2key,8,638,8,Right,Left,Alt,1
2key,8,639,9,Right,Right,Alt,2
2key,8,640,10,Middle,Right,Alt,2
2key,8,641,11,Right,Left,Alt,2
2key,8,642,12,Right,Left,CMD,1
2key,8,643,13,Right,Middle,None,1
2key,8,644,14,Right,Middle,None,2
2key,8,645,15,Left,Left,None,2
2key,8,646,16,Right,Right,Alt,1
2key,8,647,17,Left,Middle,Alt,2
2key,8,648,18,Left,Left,Alt,1
2key,8,649,19,Right,Right,CMD,1
2key,8,650,20,Right,Right,CMD,2
2key,8,651,21,Left,Right,Alt,1
2key,8,652,22,Left,Right,CMD_Shift,1
2key,8,653,23,Left,Middle,CMD,1
2key,8,654,24,Left,Middle,Alt,1
2key,8,655,25,Left,Left,None,1
2key,8,656,26,Left,Left,CMD,2
2key,8,657,27,Left,Middle,CMD_Alt_Shift,1
2key,8,658,28,Middle,Left,CMD_Alt_Shift,2
2key,8,659,29,Left,Right,CMD_Alt_Shift,2
2key,8,660,30,Middle,Left,CMD,1
2key,8,661,31,Right,Middle,Alt,1
2key,8,662,32,Middle,Middle,CMD_Shift,2
2key,8,663,33,Left,Left,CMD_Shift,2
2key,8,664,34,Right,Left,CMD_Shift,1
2key,8,665,35,Left,Right,CMD_Alt_Shift,1
2key,8,666,36,Middle,Right,CMD_Alt_Shift,2
2key,8,667,37,Right,Left,CMD_Alt_Shift,2
2key,8,668,38,Right,Middle,Alt,2
2key,8,669,39,Right,Middle,CMD_Shift,1
2key,8,670,40,Left,Right,CMD,1
2key,8,671,41,Right,Right,CMD_Alt_Shift,2
2key,8,672,42,Middle,Left,CMD_Shift,2
2key,8,673,43,Middle,Left,CMD_Shift,1
2key,8,674,44,Left,Right,CMD,2
2key,8,675,45,Left,Middle,CMD_Shift,1
2key,8,676,46,Left,Right,Alt,2
2key,8,677,47,Right,Right,CMD_Shift,1
2key,8,678,48,Left,Middle,CMD_Alt_Shift,2
2key,8,679,49,Left,Middle,CMD_Shift,2
2key,8,680,50,Left,Middle,None,2
2key,8,681,51,Middle,Right,None,1
2key,8,682,52,Middle,Right,CMD_Shift,2
2key,8,683,53,Middle,Middle,None,1
2key,8,684,54,Right,Left,CMD_Shift,2
2key,8,685,55,Right,Middle,CMD,1
2key,8,686,56,Middle,Right,CMD_Shift,1
2key,8,687,57,Right,Right,CMD_Shift,2
2key,8,688,58,Middle,Middle,CMD,2
2key,8,689,59,Middle,Right,CMD,1
2key,8,690,60,Middle,Middle,CMD_Alt_Shift,2
2key,8,691,61,Middle,Left,CMD,2
2key,8,692,62,Right,Right,None,2
2key,8,693,63,Left,Left,CMD,1
2key,8,694,64,Middle,Right,None,2
2key,8,695,65,Middle,Left,None,1
2key,8,696,66,Right,Left,CMD_Alt_Shift,1
2key,8,697,67,Middle,Left,None,2
2key,8,698,68,Middle,Left,Alt,2
2key,8,699,69,Middle,Right,Alt,1
2key,8,700,70,Right,Middle,CMD_Shift,2
2key,8,701,71,Middle,Middle,None,2
2key,8,702,72,Right,Right,None,1
2key,8,703,73,Right,Left,None,2
2key,8,704,74,Left,Right,None,2
2key,8,705,75,Right,Right,CMD_Alt_Shift,1
2key,8,706,76,Middle,Middle,CMD_Shift,1
2key,8,707,77,Left,Middle,None,1
2key,8,708,78,Left,Left,CMD_Alt_Shift,2
2key,8,709,79,Middle,Left,CMD_Alt_Shift,1
2key,8,710,80,Left,Middle,CMD,2
2key,8,711,81,Left,Left,Alt,2
2key,8,712,82,Left,Right,None,1
2key,8,713,83,Right,Middle,CMD_Alt_Shift,2
2key,8,714,84,Right,Left,None,1
2key,8,715,85,Left,Left,CMD_Alt_Shift,1
2key,8,716,86,Middle,Left,Alt,1
2key,8,717,87,Middle,Middle,CMD_Alt_Shift,1
2key,8,718,88,Right,Middle,CMD_Alt_Shift,1
2key,8,719,89,Right,Middle,CMD,2
2key,8,720,90,Middle,Middle,CMD,1
2key,9,721,1,Middle,Right,Alt,1
2key,9,722,2,Middle,Right,CMD_Alt_Shift,2
2key,9,723,3,Middle,Middle,Alt,2
2key,9,724,4,Left,Right,CMD_Alt_Shift,1
2key,9,725,5,Middle,Middle,CMD_Shift,1
2key,9,726,6,Right,Left,Alt,1
2key,9,727,7,Left,Left,CMD_Shift,2
2key,9,728,8,Right,Left,Alt,2
2key,9,729,9,Right,Right,CMD_Shift,1
2key,9,730,10,Middle,Right,CMD_Shift,1
2key,9,731,11,Right,Left,CMD_Shift,1
2key,9,732,12,Right,Left,CMD,2
2key,9,733,13,Right,Middle,None,2
2key,9,734,14,Right,Middle,CMD,1
2key,9,735,15,Left,Left,CMD,1
2key,9,736,16,Right,Right,Alt,2
2key,9,737,17,Left,Middle,CMD_Shift,1
2key,9,738,18,Left,Left,Alt,2
2key,9,739,19,Right,Right,CMD,2
2key,9,740,20,Right,Right,Alt,1
2key,9,741,21,Left,Right,Alt,2
2key,9,742,22,Left,Right,CMD_Shift,2
2key,9,743,23,Left,Middle,CMD,2
2key,9,744,24,Left,Middle,Alt,2
2key,9,745,25,Left,Left,None,2
2key,9,746,26,Left,Left,Alt,1
2key,9,747,27,Left,Middle,CMD_Alt_Shift,2
2key,9,748,28,Middle,Middle,None,1
2key,9,749,29,Middle,Left,None,1
2key,9,750,30,Middle,Left,CMD,2
2key,9,751,31,Right,Middle,Alt,2
2key,9,752,32,Middle,Middle,CMD_Alt_Shift,1
2key,9,753,33,Left,Left,CMD_Alt_Shift,1
2key,9,754,34,Right,Left,CMD_Shift,2
2key,9,755,35,Left,Right,CMD_Alt_Shift,2
2key,9,756,36,Right,Left,None,1
2key,9,757,37,Right,Middle,None,1
2key,9,758,38,Right,Middle,CMD_Shift,1
2key,9,759,39,Right,Middle,CMD_Shift,2
2key,9,760,40,Left,Right,CMD,2
2key,9,761,41,Left,Left,None,1
2key,9,762,42,Middle,Left,CMD_Alt_Shift,1
2key,9,763,43,Middle,Left,CMD_Shift,2
2key,9,764,44,Left,Right,Alt,1
2key,9,765,45,Left,Middle,CMD_Shift,2
2key,9,766,46,Left,Right,CMD_Shift,1
2key,9,767,47,Right,Right,CMD_Shift,2
2key,9,768,48,Left,Right,None,1
2key,9,769,49,Left,Middle,CMD_Alt_Shift,1
2key,9,770,50,Left,Middle,CMD,1
2key,9,771,51,Middle,Right,None,2
2key,9,772,52,Middle,Right,CMD_Alt_Shift,1
2key,9,773,53,Middle,Middle,None,2
2key,9,774,54,Right,Left,CMD_Alt_Shift,1
2key,9,775,55,Right,Middle,CMD,2
2key,9,776,56,Middle,Right,CMD_Shift,2
2key,9,777,57,Right,Right,CMD_Alt_Shift,1
2key,9,778,58,Middle,Middle,Alt,1
2key,9,779,59,Middle,Right,CMD,2
2key,9,780,60,Middle,Right,None,1
2key,9,781,61,Middle,Left,Alt,1
2key,9,782,62,Right,Right,CMD,1
2key,9,783,63,Left,Left,CMD,2
2key,9,784,64,Middle,Right,CMD,1
2key,9,785,65,Middle,Left,None,2
2key,9,786,66,Right,Left,CMD_Alt_Shift,2
2key,9,787,67,Middle,Left,CMD,1
2key,9,788,68,Middle,Left,CMD_Shift,1
2key,9,789,69,Middle,Right,Alt,2
2key,9,790,70,Right,Middle,CMD_Alt_Shift,1
2key,9,791,71,Middle,Middle,CMD,1
2key,9,792,72,Right,Right,None,2
2key,9,793,73,Right,Left,CMD,1
2key,9,794,74,Left,Right,CMD,1
2key,9,795,75,Right,Right,CMD_Alt_Shift,2
2key,9,796,76,Middle,Middle,CMD_Shift,2
2key,9,797,77,Left,Middle,None,2
2key,9,798,78,Left,Middle,None,1
2key,9,799,79,Middle,Left,CMD_Alt_Shift,2
2key,9,800,80,Left,Middle,Alt,1
2key,9,801,81,Left,Left,CMD_Shift,1
2key,9,802,82,Left,Right,None,2
2key,9,803,83,Right,Right,None,1
2key,9,804,84,Right,Left,None,2
2key,9,805,85,Left,Left,CMD_Alt_Shift,2
2key,9,806,86,Middle,Left,Alt,2
2key,9,807,87,Middle,Middle,CMD_Alt_Shift,2
2key,9,808,88,Right,Middle,CMD_Alt_Shift,2
2key,9,809,89,Right,Middle,Alt,1
2key,9,810,90,Middle,Middle,CMD,2
2key,10,811,1,Middle,Right,Alt,2
2key,10,812,2,Right,Left,None,1
2key,10,813,3,Middle,Middle,CMD_Shift,1
2key,10,814,4,Left,Right,CMD_Alt_Shift,2
2key,10,815,5,Middle,Middle,CMD_Shift,2
2key,10,816,6,Right,Left,Alt,2
2key,10,817,7,Left,Left,CMD_Alt_Shift,1
2key,10,818,8,Right,Left,CMD_Shift,1
2key,10,819,9,Right,Right,CMD_Shift,2
2key,10,820,10,Middle,Right,CMD_Shift,2
2key,10,821,11,Right,Left,CMD_Shift,2
2key,10,822,12,Right,Left,Alt,1
2key,10,823,13,Right,Middle,CMD,1
2key,10,824,14,Right,Middle,CMD,2
2key,10,825,15,Left,Left,CMD,2
2key,10,826,16,Right,Right,CMD_Shift,1
2key,10,827,17,Left,Middle,CMD_Shift,2
2key,10,828,18,Left,Left,CMD_Shift,1
2key,10,829,19,Right,Right,Alt,1
2key,10,830,20,Right,Right,Alt,2
2key,10,831,21,Left,Right,CMD_Shift,1
2key,10,832,22,Left,Right,CMD_Alt_Shift,1
2key,10,833,23,Left,Middle,Alt,1
2key,10,834,24,Left,Middle,CMD_Shift,1
2key,10,835,25,Left,Left,CMD,1
2key,10,836,26,Left,Left,Alt,2
2key,10,837,27,Left,Right,None,1
2key,10,838,28,Middle,Middle,None,2
2key,10,839,29,Middle,Left,None,2
2key,10,840,30,Middle,Left,Alt,1
2key,10,841,31,Right,Middle,CMD_Shift,1
2key,10,842,32,Middle,Middle,CMD_Alt_Shift,2
2key,10,843,33,Left,Left,CMD_Alt_Shift,2
2key,10,844,34,Right,Left,CMD_Alt_Shift,1
2key,10,845,35,Middle,Left,None,1
2key,10,846,36,Right,Left,None,2
2key,10,847,37,Right,Middle,None,2
2key,10,848,38,Right,Middle,CMD_Shift,2
2key,10,849,39,Right,Middle,CMD_Alt_Shift,1
2key,10,850,40,Left,Right,Alt,1
2key,10,851,41,Left,Left,None,2
2key,10,852,42,Middle,Left,CMD_Alt_Shift,2
2key,10,853,43,Middle,Left,CMD_Alt_Shift,1
2key,10,854,44,Left,Right,Alt,2
2key,10,855,45,Left,Middle,CMD_Alt_Shift,1
2key,10,856,46,Left,Right,CMD_Shift,2
2key,10,857,47,Right,Right,CMD_Alt_Shift,1
2key,10,858,48,Left,Right,None,2
2key,10,859,49,Left,Middle,CMD_Alt_Shift,2
2key,10,860,50,Left,Middle,CMD,2
2key,10,861,51,Middle,Right,CMD,1
2key,10,862,52,Middle,Right,CMD_Alt_Shift,2
2key,10,863,53,Middle,Middle,CMD,1
2key,10,864,54,Right,Left,CMD_Alt_Shift,2
2key,10,865,55,Right,Middle,Alt,1
2key,10,866,56,Middle,Right,CMD_Alt_Shift,1
2key,10,867,57,Right,Right,CMD_Alt_Shift,2
2key,10,868,58,Middle,Middle,Alt,2
2key,10,869,59,Middle,Right,Alt,1
2key,10,870,60,Middle,Right,None,2
2key,10,871,61,Middle,Left,Alt,2
2key,10,872,62,Right,Right,CMD,2
2key,10,873,63,Left,Left,Alt,1
2key,10,874,64,Middle,Right,CMD,2
2key,10,875,65,Middle,Left,CMD,1
2key,10,876,66,Right,Middle,None,1
2key,10,877,67,Middle,Left,CMD,2
2key,10,878,68,Middle,Left,CMD_Shift,2
2key,10,879,69,Middle,Right,CMD_Shift,1
2key,10,880,70,Right,Middle,CMD_Alt_Shift,2
2key,10,881,71,Middle,Middle,CMD,2
2key,10,882,72,Right,Right,CMD,1
2key,10,883,73,Right,Left,CMD,2
2key,10,884,74,Left,Right,CMD,2
2key,10,885,75,Left,Left,None,1
2key,10,886,76,Middle,Middle,CMD_Alt_Shift,1
2key,10,887,77,Left,Middle,CMD,1
2key,10,888,78,Left,Middle,None,2
2key,10,889,79,Middle,Middle,None,1
2key,10,890,80,Left,Middle,Alt,2
2key,10,891,81,Left,Left,CMD_Shift,2
2key,10,892,82,Left,Right,CMD,1
2key,10,893,83,Right,Right,None,2
2key,10,894,84,Right,Left,CMD,1
2key,10,895,85,Left,Middle,None,1
2key,10,896,86,Middle,Left,CMD_Shift,1
2key,10,897,87,Middle,Right,None,1
2key,10,898,88,Right,Right,None,1
2key,10,899,89,Right,Middle,Alt,2
2key,10,900,90,Middle,Middle,Alt,1
2key,11,901,1,Middle,Right,CMD_Shift,1
2key,11,902,2,Right,Left,None,2
2key,11,903,3,Middle,Middle,CMD_Shift,2
2key,11,904,4,Middle,Left,None,1
2key,11,905,5,Middle,Middle,CMD_Alt_Shift,1
2key,11,906,6,Right,Left,CMD_Shift,1
2key,11,907,7,Left,Left,CMD_Alt_Shift,2
2key,11,908,8,Right,Left,CMD_Shift,2
2key,11,909,9,Right,Right,CMD_Alt_Shift,1
2key,11,910,10,Middle,Right,CMD_Alt_Shift,1
2key,11,911,11,Right,Left,CMD_Alt_Shift,1
2key,11,912,12,Right,Left,Alt,2
2key,11,913,13,Right,Middle,CMD,2
2key,11,914,14,Right,Middle,Alt,1
2key,11,915,15,Left,Left,Alt,1
2key,11,916,16,Right,Right,CMD_Shift,2
2key,11,917,17,Left,Middle,CMD_Alt_Shift,1
2key,11,918,18,Left,Left,CMD_Shift,2
2key,11,919,19,Right,Right,Alt,2
2key,11,920,20,Right,Right,CMD_Shift,1
2key,11,921,21,Left,Right,CMD_Shift,2
2key,11,922,22,Left,Right,CMD_Alt_Shift,2
2key,11,923,23,Left,Middle,Alt,2
2key,11,924,24,Left,Middle,CMD_Shift,2
2key,11,925,25,Left,Left,CMD,2
2key,11,926,26,Left,Left,CMD_Shift,1
2key,11,927,27,Left,Right,None,2
2key,11,928,28,Middle,Middle,CMD,1
2key,11,929,29,Middle,Left,CMD,1
2key,11,930,30,Middle,Left,Alt,2
2key,11,931,31,Right,Middle,CMD_Shift,2
2key,11,932,32,Middle,Right,None,1
2key,11,933,33,Left,Middle,None,1
2key,11,934,34,Right,Left,CMD_Alt_Shift,2
2key,11,935,35,Middle,Left,None,2
2key,11,936,36,Right,Left,CMD,1
2key,11,937,37,Right,Middle,CMD,1
2key,11,938,38,Right,Middle,CMD_Alt_Shift,1
2key,11,939,39,Right,Middle,CMD_Alt_Shift,2
2key,11,940,40,Left,Right,Alt,2
2key,11,941,41,Left,Left,CMD,1
2key,11,942,42,Middle,Middle,None,1
2key,11,943,43,Middle,Left,CMD_Alt_Shift,2
2key,11,944,44,Left,Right,CMD_Shift,1
2key,11,945,45,Left,Middle,CMD_Alt_Shift,2
2key,11,946,46,Left,Right,CMD_Alt_Shift,1
2key,11,947,47,Right,Right,CMD_Alt_Shift,2
2key,11,948,48,Left,Right,CMD,1
2key,11,949,49,Left,Right,None,1
2key,11,950,50,Left,Middle,Alt,1
2key,11,951,51,Middle,Right,CMD,2
2key,11,952,52,Right,Left,None,1
2key,11,953,53,Middle,Middle,CMD,2
2key,11,954,54,Right,Middle,None,1
2key,11,955,55,Right,Middle,Alt,2
2key,11,956,56,Middle,Right,CMD_Alt_Shift,2
2key,11,957,57,Left,Left,None,1
2key,11,958,58,Middle,Middle,CMD_Shift,1
2key,11,959,59,Middle,Right,Alt,2
2key,11,960,60,Middle,Right,CMD,1
2key,11,961,61,Middle,Left,CMD_Shift,1
2key,11,962,62,Right,Right,Alt,1
2key,11,963,63,Left,Left,Alt,2
2key,11,964,64,Middle,Right,Alt,1
2key,11,965,65,Middle,Left,CMD,2
2key,11,966,66,Right,Middle,None,2
2key,11,967,67,Middle,Left,Alt,1
2key,11,968,68,Middle,Left,CMD_Alt_Shift,1
2key,11,969,69,Middle,Right,CMD_Shift,2
2key,11,970,70,Right,Right,None,1
2key,11,971,71,Middle,Middle,Alt,1
2key,11,972,72,Right,Right,CMD,2
2key,11,973,73,Right,Left,Alt,1
2key,11,974,74,Left,Right,Alt,1
2key,11,975,75,Left,Left,None,2
2key,11,976,76,Middle,Middle,CMD_Alt_Shift,2
2key,11,977,77,Left,Middle,CMD,2
2key,11,978,78,Left,Middle,CMD,1
2key,11,979,79,Middle,Middle,None,2
2key,11,980,80,Left,Middle,CMD_Shift,1
2key,11,981,81,Left,Left,CMD_Alt_Shift,1
2key,11,982,82,Left,Right,CMD,2
2key,11,983,83,Right,Right,CMD,1
2key,11,984,84,Right,Left,CMD,2
2key,11,985,85,Left,Middle,None,2
2key,11,986,86,Middle,Left,CMD_Shift,2
2key,11,987,87,Middle,Right,None,2
2key,11,988,88,Right,Right,None,2
2key,11,989,89,Right,Middle,CMD_Shift,1
2key,11,990,90,Middle,Middle,Alt,2
2key,12,991,1,Middle,Right,CMD_Shift,2
2key,12,992,2,Right,Left,CMD,1
2key,12,993,3,Middle,Middle,CMD_Alt_Shift,1
2key,12,994,4,Middle,Left,None,2
2key,12,995,5,Middle,Middle,CMD_Alt_Shift,2
2key,12,996,6,Right,Left,CMD_Shift,2
2key,12,997,7,Left,Middle,None,1
2key,12,998,8,Right,Left,CMD_Alt_Shift,1
2key,12,999,9,Right,Right,CMD_Alt_Shift,2
2key,12,1000,10,Middle,Right,CMD_Alt_Shift,2
2key,12,1001,11,Right,Left,CMD_Alt_Shift,2
2key,12,1002,12,Right,Left,CMD_Shift,1
2key,12,1003,13,Right,Middle,Alt,1
2key,12,1004,14,Right,Middle,Alt,2
2key,12,1005,15,Left,Left,Alt,2
2key,12,1006,16,Right,Right,CMD_Alt_Shift,1
2key,12,1007,17,Left,Middle,CMD_Alt_Shift,2
2key,12,1008,18,Left,Left,CMD_Alt_Shift,1
2key,12,1009,19,Right,Right,CMD_Shift,1
2key,12,1010,20,Right,Right,CMD_Shift,2
2key,12,1011,21,Left,Right,CMD_Alt_Shift,1
2key,12,1012,22,Middle,Left,None,1
2key,12,1013,23,Left,Middle,CMD_Shift,1
2key,12,1014,24,Left,Middle,CMD_Alt_Shift,1
2key,12,1015,25,Left,Left,Alt,1
2key,12,1016,26,Left,Left,CMD_Shift,2
2key,12,1017,27,Left,Right,CMD,1
2key,12,1018,28,Middle,Middle,CMD,2
2key,12,1019,29,Middle,Left,CMD,2
2key,12,1020,30,Middle,Left,CMD_Shift,1
2key,12,1021,31,Right,Middle,CMD_Alt_Shift,1
2key,12,1022,32,Middle,Right,None,2
2key,12,1023,33,Left,Middle,None,2
2key,12,1024,34,Right,Middle,None,1
2key,12,1025,35,Middle,Left,CMD,1
2key,12,1026,36,Right,Left,CMD,2
2key,12,1027,37,Right,Middle,CMD,2
2key,12,1028,38,Right,Middle,CMD_Alt_Shift,2
2key,12,1029,39,Right,Right,None,1
2key,12,1030,40,Left,Right,CMD_Shift,1
2key,12,1031,41,Left,Left,CMD,2
2key,12,1032,42,Middle,Middle,None,2
2key,12,1033,43,Middle,Middle,None,1
2key,12,1034,44,Left,Right,CMD_Shift,2
2key,12,1035,45,Left,Right,None,1
2key,12,1036,46,Left,Right,CMD_Alt_Shift,2
2key,12,1037,47,Left,Left,None,1
2key,12,1038,48,Left,Right,CMD,2
2key,12,1039,49,Left,Right,None,2
2key,12,1040,50,Left,Middle,Alt,2
2key,12,1041,51,Middle,Right,Alt,1
2key,12,1042,52,Right,Left,None,2
2key,12,1043,53,Middle,Middle,Alt,1
2key,12,1044,54,Right,Middle,None,2
2key,12,1045,55,Right,Middle,CMD_Shift,1
2key,12,1046,56,Right,Left,None,1
2key,12,1047,57,Left,Left,None,2
2key,12,1048,58,Middle,Middle,CMD_Shift,2
2key,12,1049,59,Middle,Right,CMD_Shift,1
2key,12,1050,60,Middle,Right,CMD,2
2key,12,1051,61,Middle,Left,CMD_Shift,2
2key,12,1052,62,Right,Right,Alt,2
2key,12,1053,63,Left,Left,CMD_Shift,1
2key,12,1054,64,Middle,Right,Alt,2
2key,12,1055,65,Middle,Left,Alt,1
2key,12,1056,66,Right,Middle,CMD,1
2key,12,1057,67,Middle,Left,Alt,2
2key,12,1058,68,Middle,Left,CMD_Alt_Shift,2
2key,12,1059,69,Middle,Right,CMD_Alt_Shift,1
2key,12,1060,70,Right,Right,None,2
2key,12,1061,71,Middle,Middle,Alt,2
2key,12,1062,72,Right,Right,Alt,1
2key,12,1063,73,Right,Left,Alt,2
2key,12,1064,74,Left,Right,Alt,2
2key,12,1065,75,Left,Left,CMD,1
2key,12,1066,76,Middle,Right,None,1
2key,12,1067,77,Left,Middle,Alt,1
2key,12,1068,78,Left,Middle,CMD,2
2key,12,1069,79,Middle,Middle,CMD,1
2key,12,1070,80,Left,Middle,CMD_Shift,2
2key,12,1071,81,Left,Left,CMD_Alt_Shift,2
2key,12,1072,82,Left,Right,Alt,1
2key,12,1073,83,Right,Right,CMD,2
2key,12,1074,84,Right,Left,Alt,1
2key,12,1075,85,Left,Middle,CMD,1
2key,12,1076,86,Middle,Left,CMD_Alt_Shift,1
2key,12,1077,87,Middle,Right,CMD,1
2key,12,1078,88,Right,Right,CMD,1
2key,12,1079,89,Right,Middle,CMD_Shift,2
2key,12,1080,90,Middle,Middle,CMD_Shift,1
2key,13,1081,1,Middle,Right,CMD_Alt_Shift,1
2key,13,1082,2,Right,Left,CMD,2
2key,13,1083,3,Middle,Middle,CMD_Alt_Shift,2
2key,13,1084,4,Middle,Left,CMD,1
2key,13,1085,5,Middle,Right,None,1
2key,13,1086,6,Right,Left,CMD_Alt_Shift,1
2key,13,1087,7,Left,Middle,None,2
2key,13,1088,8,Right,Left,CMD_Alt_Shift,2
2key,13,1089,9,Left,Left,None,1
2key,13,1090,10,Right,Left,None,1
2key,13,1091,11,Right,Middle,None,1
2key,13,1092,12,Right,Left,CMD_Shift,2
2key,13,1093,13,Right,Middle,Alt,2
2key,13,1094,14,Right,Middle,CMD_Shift,1
2key,13,1095,15,Left,Left,CMD_Shift,1
2key,13,1096,16,Right,Right,CMD_Alt_Shift,2
2key,13,1097,17,Left,Right,None,1
2key,13,1098,18,Left,Left,CMD_Alt_Shift,2
2key,13,1099,19,Right,Right,CMD_Shift,2
2key,13,1100,20,Right,Right,CMD_Alt_Shift,1
2key,13,1101,21,Left,Right,CMD_Alt_Shift,2
2key,13,1102,22,Middle,Left,None,2
2key,13,1103,23,Left,Middle,CMD_Shift,2
2key,13,1104,24,Left,Middle,CMD_Alt_Shift,2
2key,13,1105,25,Left,Left,Alt,2
2key,13,1106,26,Left,Left,CMD_Alt_Shift,1
2key,13,1107,27,Left,Right,CMD,2
2key,13,1108,28,Middle,Middle,Alt,1
2key,13,1109,29,Middle,Left,Alt,1
2key,13,1110,30,Middle,Left,CMD_Shift,2
2key,13,1111,31,Right,Middle,CMD_Alt_Shift,2
2key,13,1112,32,Middle,Right,CMD,1
2key,13,1113,33,Left,Middle,CMD,1
2key,13,1114,34,Right,Middle,None,2
2key,13,1115,35,Middle,Left,CMD,2
2key,13,1116,36,Right,Left,Alt,1
2key,13,1117,37,Right,Middle,Alt,1
2key,13,1118,38,Right,Right,None,1
2key,13,1119,39,Right,Right,None,2
2key,13,1120,40,Left,Right,CMD_Shift,2
2key,13,1121,41,Left,Left,Alt,1
2key,13,1122,42,Middle,Middle,CMD,1
2key,13,1123,43,Middle,Middle,None,2
2key,13,1124,44,Left,Right,CMD_Alt_Shift,1
2key,13,1125,45,Left,Right,None,2
2key,13,1126,46,Middle,Left,None,1
2key,13,1127,47,Left,Left,None,2
2key,13,1128,48,Left,Right,Alt,1
2key,13,1129,49,Left,Right,CMD,1
2key,13,1130,50,Left,Middle,CMD_Shift,1
2key,13,1131,51,Middle,Right,Alt,2
2key,13,1132,52,Right,Left,CMD,1
2key,13,1133,53,Middle,Middle,Alt,2
2key,13,1134,54,Right,Middle,CMD,1
2key,13,1135,55,Right,Middle,CMD_Shift,2
2key,13,1136,56,Right,Left,None,2
2key,13,1137,57,Left,Left,CMD,1
2key,13,1138,58,Middle,Middle,CMD_Alt_Shift,1
2key,13,1139,59,Middle,Right,CMD_Shift,2
2key,13,1140,60,Middle,Right,Alt,1
2key,13,1141,61,Middle,Left,CMD_Alt_Shift,1
2key,13,1142,62,Right,Right,CMD_Shift,1
2key,13,1143,63,Left,Left,CMD_Shift,2
2key,13,1144,64,Middle,Right,CMD_Shift,1
2key,13,1145,65,Middle,Left,Alt,2
2key,13,1146,66,Right,Middle,CMD,2
2key,13,1147,67,Middle,Left,CMD_Shift,1
2key,13,1148,68,Middle,Middle,None,1
2key,13,1149,69,Middle,Right,CMD_Alt_Shift,2
2key,13,1150,70,Right,Right,CMD,1
2key,13,1151,71,Middle,Middle,CMD_Shift,1
2key,13,1152,72,Right,Right,Alt,2
2key,13,1153,73,Right,Left,CMD_Shift,1
2key,13,1154,74,Left,Right,CMD_Shift,1
2key,13,1155,75,Left,Left,CMD,2
2key,13,1156,76,Middle,Right,None,2
2key,13,1157,77,Left,Middle,Alt,2
2key,13,1158,78,Left,Middle,Alt,1
2key,13,1159,79,Middle,Middle,CMD,2
2key,13,1160,80,Left,Middle,CMD_Alt_Shift,1
2key,13,1161,81,Left,Middle,None,1
2key,13,1162,82,Left,Right,Alt,2
2key,13,1163,83,Right,Right,Alt,1
2key,13,1164,84,Right,Left,Alt,2
2key,13,1165,85,Left,Middle,CMD,2
2key,13,1166,86,Middle,Left,CMD_Alt_Shift,2
2key,13,1167,87,Middle,Right,CMD,2
2key,13,1168,88,Right,Right,CMD,2
2key,13,1169,89,Right,Middle,CMD_Alt_Shift,1
2key,13,1170,90,Middle,Middle,CMD_Shift,2
2key,14,1171,1,Middle,Right,CMD_Alt_Shift,2
2key,14,1172,2,Right,Left,Alt,1
2key,14,1173,3,Middle,Right,None,1
2key,14,1174,4,Middle,Left,CMD,2
2key,14,1175,5,Middle,Right,None,2
2key,14,1176,6,Right,Left,CMD_Alt_Shift,2
2key,14,1177,7,Left,Middle,CMD,1
2key,14,1178,8,Right,Middle,None,1
2key,14,1179,9,Left,Left,None,2
2key,14,1180,10,Right,Left,None,2
2key,14,1181,11,Right,Middle,None,2
2key,14,1182,12,Right,Left,CMD_Alt_Shift,1
2key,14,1183,13,Right,Middle,CMD_Shift,1
2key,14,1184,14,Right,Middle,CMD_Shift,2
2key,14,1185,15,Left,Left,CMD_Shift,2
2key,14,1186,16,Left,Left,None,1
2key,14,1187,17,Left,Right,None,2
2key,14,1188,18,Left,Middle,None,1
2key,14,1189,19,Right,Right,CMD_Alt_Shift,1
2key,14,1190,20,Right,Right,CMD_Alt_Shift,2
2key,14,1191,21,Middle,Left,None,1
2key,14,1192,22,Middle,Left,CMD,1
2key,14,1193,23,Left,Middle,CMD_Alt_Shift,1
2key,14,1194,24,Left,Right,None,1
2key,14,1195,25,Left,Left,CMD_Shift,1
2key,14,1196,26,Left,Left,CMD_Alt_Shift,2
2key,14,1197,27,Left,Right,Alt,1
2key,14,1198,28,Middle,Middle,Alt,2
2key,14,1199,29,Middle,Left,Alt,2
2key,14,1200,30,Middle,Left,CMD_Alt_Shift,1
2key,14,1201,31,Right,Right,None,1
2key,14,1202,32,Middle,Right,CMD,2
2key,14,1203,33,Left,Middle,CMD,2
2key,14,1204,34,Right,Middle,CMD,1
2key,14,1205,35,Middle,Left,Alt,1
2key,14,1206,36,Right,Left,Alt,2
2key,14,1207,37,Right,Middle,Alt,2
2key,14,1208,38,Right,Right,None,2
2key,14,1209,39,Right,Right,CMD,1
2key,14,1210,40,Left,Right,CMD_Alt_Shift,1
2key,14,1211,41,Left,Left,Alt,2
2key,14,1212,42,Middle,Middle,CMD,2
2key,14,1213,43,Middle,Middle,CMD,1
2key,14,1214,44,Left,Right,CMD_Alt_Shift,2
2key,14,1215,45,Left,Right,CMD,1
2key,14,1216,46,Middle,Left,None,2
2key,14,1217,47,Left,Left,CMD,1
2key,14,1218,48,Left,Right,Alt,2
2key,14,1219,49,Left,Right,CMD,2
2key,14,1220,50,Left,Middle,CMD_Shift,2
2key,14,1221,51,Middle,Right,CMD_Shift,1
2key,14,1222,52,Right,Left,CMD,2
2key,14,1223,53,Middle,Middle,CMD_Shift,1
2key,14,1224,54,Right,Middle,CMD,2
2key,14,1225,55,Right,Middle,CMD_Alt_Shift,1
2key,14,1226,56,Right,Left,CMD,1
2key,14,1227,57,Left,Left,CMD,2
2key,14,1228,58,Middle,Middle,CMD_Alt_Shift,2
2key,14,1229,59,Middle,Right,CMD_Alt_Shift,1
2key,14,1230,60,Middle,Right,Alt,2
2key,14,1231,61,Middle,Left,CMD_Alt_Shift,2
2key,14,1232,62,Right,Right,CMD_Shift,2
2key,14,1233,63,Left,Left,CMD_Alt_Shift,1
2key,14,1234,64,Middle,Right,CMD_Shift,2
2key,14,1235,65,Middle,Left,CMD_Shift,1
2key,14,1236,66,Right,Middle,Alt,1
2key,14,1237,67,Middle,Left,CMD_Shift,2
2key,14,1238,68,Middle,Middle,None,2
2key,14,1239,69,Right,Left,None,1
2key,14,1240,70,Right,Right,CMD,2
2key,14,1241,71,Middle,Middle,CMD_Shift,2
2key,14,1242,72,Right,Right,CMD_Shift,1
2key,14,1243,73,Right,Left,CMD_Shift,2
2key,14,1244,74,Left,Right,CMD_Shift,2
2key,14,1245,75,Left,Left,Alt,1
2key,14,1246,76,Middle,Right,CMD,1
2key,14,1247,77,Left,Middle,CMD_Shift,1
2key,14,1248,78,Left,Middle,Alt,2
2key,14,1249,79,Middle,Middle,Alt,1
2key,14,1250,80,Left,Middle,CMD_Alt_Shift,2
2key,14,1251,81,Left,Middle,None,2
2key,14,1252,82,Left,Right,CMD_Shift,1
2key,14,1253,83,Right,Right,Alt,2
2key,14,1254,84,Right,Left,CMD_Shift,1
2key,14,1255,85,Left,Middle,Alt,1
2key,14,1256,86,Middle,Middle,None,1
2key,14,1257,87,Middle,Right,Alt,1
2key,14,1258,88,Right,Right,Alt,1
2key,14,1259,89,Right,Middle,CMD_Alt_Shift,2
2key,14,1260,90,Middle,Middle,CMD_Alt_Shift,1
2key,15,1261,1,Right,Left,None,1
2key,15,1262,2,Right,Left,Alt,2
2key,15,1263,3,Middle,Right,None,2
2key,15,1264,4,Middle,Left,Alt,1
2key,15,1265,5,Middle,Right,CMD,1
2key,15,1266,6,Right,Middle,None,1
2key,15,1267,7,Left,Middle,CMD,2
2key,15,1268,8,Right,Middle,None,2
2key,15,1269,9,Left,Left,CMD,1
2key,15,1270,10,Right,Left,CMD,1
2key,15,1271,11,Right,Middle,CMD,1
2key,15,1272,12,Right,Left,CMD_Alt_Shift,2
2key,15,1273,13,Right,Middle,CMD_Shift,2
2key,15,1274,14,Right,Middle,CMD_Alt_Shift,1
2key,15,1275,15,Left,Left,CMD_Alt_Shift,1
2key,15,1276,16,Left,Left,None,2
2key,15,1277,17,Left,Right,CMD,1
2key,15,1278,18,Left,Middle,None,2
2key,15,1279,19,Right,Right,CMD_Alt_Shift,2
2key,15,1280,20,Left,Left,None,1
2key,15,1281,21,Middle,Left,None,2
2key,15,1282,22,Middle,Left,CMD,2
2key,15,1283,23,Left,Middle,CMD_Alt_Shift,2
2key,15,1284,24,Left,Right,None,2
2key,15,1285,25,Left,Left,CMD_Shift,2
2key,15,1286,26,Left,Middle,None,1
2key,15,1287,27,Left,Right,Alt,2
2key,15,1288,28,Middle,Middle,CMD_Shift,1
2key,15,1289,29,Middle,Left,CMD_Shift,1
2key,15,1290,30,Middle,Left,CMD_Alt_Shift,2
2key,15,1291,31,Right,Right,None,2
2key,15,1292,32,Middle,Right,Alt,1
2key,15,1293,33,Left,Middle,Alt,1
2key,15,1294,34,Right,Middle,CMD,2
2key,15,1295,35,Middle,Left,Alt,2
2key,15,1296,36,Right,Left,CMD_Shift,1
2key,15,1297,37,Right,Middle,CMD_Shift,1
2key,15,1298,38,Right,Right,CMD,1
2key,15,1299,39,Right,Right,CMD,2
2key,15,1300,40,Left,Right,CMD_Alt_Shift,2
2key,15,1301,41,Left,Left,CMD_Shift,1
2key,15,1302,42,Middle,Middle,Alt,1
2key,15,1303,43,Middle,Middle,CMD,2
2key,15,1304,44,Middle,Left,None,1
2key,15,1305,45,Left,Right,CMD,2
2key,15,1306,46,Middle,Left,CMD,1
2key,15,1307,47,Left,Left,CMD,2
2key,15,1308,48,Left,Right,CMD_Shift,1
2key,15,1309,49,Left,Right,Alt,1
2key,15,1310,50,Left,Middle,CMD_Alt_Shift,1
2key,15,1311,51,Middle,Right,CMD_Shift,2
2key,15,1312,52,Right,Left,Alt,1
2key,15,1313,53,Middle,Middle,CMD_Shift,2
2key,15,1314,54,Right,Middle,Alt,1
2key,15,1315,55,Right,Middle,CMD_Alt_Shift,2
2key,15,1316,56,Right,Left,CMD,2
2key,15,1317,57,Left,Left,Alt,1
2key,15,1318,58,Middle,Right,None,1
2key,15,1319,59,Middle,Right,CMD_Alt_Shift,2
2key,15,1320,60,Middle,Right,CMD_Shift,1
2key,15,1321,61,Middle,Middle,None,1
2key,15,1322,62,Right,Right,CMD_Alt_Shift,1
2key,15,1323,63,Left,Left,CMD_Alt_Shift,2
2key,15,1324,64,Middle,Right,CMD_Alt_Shift,1
2key,15,1325,65,Middle,Left,CMD_Shift,2
2key,15,1326,66,Right,Middle,Alt,2
2key,15,1327,67,Middle,Left,CMD_Alt_Shift,1
2key,15,1328,68,Middle,Middle,CMD,1
2key,15,1329,69,Right,Left,None,2
2key,15,1330,70,Right,Right,Alt,1
2key,15,1331,71,Middle,Middle,CMD_Alt_Shift,1
2key,15,1332,72,Right,Right,CMD_Shift,2
2key,15,1333,73,Right,Left,CMD_Alt_Shift,1
2key,15,1334,74,Left,Right,CMD_Alt_Shift,1
2key,15,1335,75,Left,Left,Alt,2
2key,15,1336,76,Middle,Right,CMD,2
2key,15,1337,77,Left,Middle,CMD_Shift,2
2key,15,1338,78,Left,Middle,CMD_Shift,1
2key,15,1339,79,Middle,Middle,Alt,2
2key,15,1340,80,Left,Right,None,1
2key,15,1341,81,Left,Middle,CMD,1
2key,15,1342,82,Left,Right,CMD_Shift,2
2key,15,1343,83,Right,Right,CMD_Shift,1
2key,15,1344,84,Right,Left,CMD_Shift,2
2key,15,1345,85,Left,Middle,Alt,2
2key,15,1346,86,Middle,Middle,None,2
2key,15,1347,87,Middle,Right,Alt,2
2key,15,1348,88,Right,Right,Alt,2
2key,15,1349,89,Right,Right,None,1
2key,15,1350,90,Middle,Middle,CMD_Alt_Shift,2
2key,16,1351,1,Right,Left,None,2
2key,16,1352,2,Right,Left,CMD_Shift,1
2key,16,1353,3,Middle,Right,CMD,1
2key,16,1354,4,Middle,Left,Alt,2
2key,16,1355,5,Middle,Right,CMD,2
2key,16,1356,6,Right,Middle,None,2
2key,16,1357,7,Left,Middle,Alt,1
2key,16,1358,8,Right,Middle,CMD,1
2key,16,1359,9,Left,Left,CMD,2
2key,16,1360,10,Right,Left,CMD,2
2key,16,1361,11,Right,Middle,CMD,2
2key,16,1362,12,Right,Middle,None,1
2key,16,1363,13,Right,Middle,CMD_Alt_Shift,1
2key,16,1364,14,Right,Middle,CMD_Alt_Shift,2
2key,16,1365,15,Left,Left,CMD_Alt_Shift,2
2key,16,1366,16,Left,Left,CMD,1
2key,16,1367,17,Left,Right,CMD,2
2key,16,1368,18,Left,Middle,CMD,1
2key,16,1369,19,Left,Left,None,1
2key,16,1370,20,Left,Left,None,2
2key,16,1371,21,Middle,Left,CMD,1
2key,16,1372,22,Middle,Left,Alt,1
2key,16,1373,23,Left,Right,None,1
2key,16,1374,24,Left,Right,CMD,1
2key,16,1375,25,Left,Left,CMD_Alt_Shift,1
2key,16,1376,26,Left,Middle,None,2
2key,16,1377,27,Left,Right,CMD_Shift,1
2key,16,1378,28,Middle,Middle,CMD_Shift,2
2key,16,1379,29,Middle,Left,CMD_Shift,2
2key,16,1380,30,Middle,Middle,None,1
2key,16,1381,31,Right,Right,CMD,1
2key,16,1382,32,Middle,Right,Alt,2
2key,16,1383,33,Left,Middle,Alt,2
2key,16,1384,34,Right,Middle,Alt,1
2key,16,1385,35,Middle,Left,CMD_Shift,1
2key,16,1386,36,Right,Left,CMD_Shift,2
2key,16,1387,37,Right,Middle,CMD_Shift,2
2key,16,1388,38,Right,Right,CMD,2
2key,16,1389,39,Right,Right,Alt,1
2key,16,1390,40,Middle,Left,None,1
2key,16,1391,41,Left,Left,CMD_Shift,2
2key,16,1392,42,Middle,Middle,Alt,2
2key,16,1393,43,Middle,Middle,Alt,1
2key,16,1394,44,Middle,Left,None,2
2key,16,1395,45,Left,Right,Alt,1
2key,16,1396,46,Middle,Left,CMD,2
2key,16,1397,47,Left,Left,Alt,1
2key,16,1398,48,Left,Right,CMD_Shift,2
2key,16,1399,49,Left,Right,Alt,2
2key,16,1400,50,Left,Middle,CMD_Alt_Shift,2
2key,16,1401,51,Middle,Right,CMD_Alt_Shift,1
2key,16,1402,52,Right,Left,Alt,2
2key,16,1403,53,Middle,Middle,CMD_Alt_Shift,1
2key,16,1404,54,Right,Middle,Alt,2
2key,16,1405,55,Right,Right,None,1
2key,16,1406,56,Right,Left,Alt,1
2key,16,1407,57,Left,Left,Alt,2
2key,16,1408,58,Middle,Right,None,2
2key,16,1409,59,Right,Left,None,1
2key,16,1410,60,Middle,Right,CMD_Shift,2
2key,16,1411,61,Middle,Middle,None,2
2key,16,1412,62,Right,Right,CMD_Alt_Shift,2
2key,16,1413,63,Left,Middle,None,1
2key,16,1414,64,Middle,Right,CMD_Alt_Shift,2
2key,16,1415,65,Middle,Left,CMD_Alt_Shift,1
2key,16,1416,66,Right,Middle,CMD_Shift,1
2key,16,1417,67,Middle,Left,CMD_Alt_Shift,2
2key,16,1418,68,Middle,Middle,CMD,2
2key,16,1419,69,Right,Left,CMD,1
2key,16,1420,70,Right,Right,Alt,2
2key,16,1421,71,Middle,Middle,CMD_Alt_Shift,2
2key,16,1422,72,Right,Right,CMD_Alt_Shift,1
2key,16,1423,73,Right,Left,CMD_Alt_Shift,2
2key,16,1424,74,Left,Right,CMD_Alt_Shift,2
2key,16,1425,75,Left,Left,CMD_Shift,1
2key,16,1426,76,Middle,Right,Alt,1
2key,16,1427,77,Left,Middle,CMD_Alt_Shift,1
2key,16,1428,78,Left,Middle,CMD_Shift,2
2key,16,1429,79,Middle,Middle,CMD_Shift,1
2key,16,1430,80,Left,Right,None,2
2key,16,1431,81,Left,Middle,CMD,2
2key,16,1432,82,Left,Right,CMD_Alt_Shift,1
2key,16,1433,83,Right,Right,CMD_Shift,2
2key,16,1434,84,Right,Left,CMD_Alt_Shift,1
2key,16,1435,85,Left,Middle,CMD_Shift,1
2key,16,1436,86,Middle,Middle,CMD,1
2key,16,1437,87,Middle,Right,CMD_Shift,1
2key,16,1438,88,Right,Right,CMD_Shift,1
2key,16,1439,89,Right,Right,None,2
2key,16,1440,90,Middle,Right,None,1
2key,17,1441,1,Right,Left,CMD,1
2key,17,1442,2,Right,Left,CMD_Shift,2
2key,17,1443,3,Middle,Right,CMD,2
2key,17,1444,4,Middle,Left,CMD_Shift,1
2key,17,1445,5,Middle,Right,Alt,1
2key,17,1446,6,Right,Middle,CMD,1
2key,17,1447,7,Left,Middle,Alt,2
2key,17,1448,8,Right,Middle,CMD,2
2key,17,1449,9,Left,Left,Alt,1
2key,17,1450,10,Right,Left,Alt,1
2key,17,1451,11,Right,Middle,Alt,1
2key,17,1452,12,Right,Middle,None,2
2key,17,1453,13,Right,Middle,CMD_Alt_Shift,2
2key,17,1454,14,Right,Right,None,1
2key,17,1455,15,Left,Middle,None,1
2key,17,1456,16,Left,Left,CMD,2
2key,17,1457,17,Left,Right,Alt,1
2key,17,1458,18,Left,Middle,CMD,2
2key,17,1459,19,Left,Left,None,2
2key,17,1460,20,Left,Left,CMD,1
2key,17,1461,21,Middle,Left,CMD,2
2key,17,1462,22,Middle,Left,Alt,2
2key,17,1463,23,Left,Right,None,2
2key,17,1464,24,Left,Right,CMD,2
2key,17,1465,25,Left,Left,CMD_Alt_Shift,2
2key,17,1466,26,Left,Middle,CMD,1
2key,17,1467,27,Left,Right,CMD_Shift,2
2key,17,1468,28,Middle,Middle,CMD_Alt_Shift,1
2key,17,1469,29,Middle,Left,CMD_Alt_Shift,1
2key,17,1470,30,Middle,Middle,None,2
2key,17,1471,31,Right,Right,CMD,2
2key,17,1472,32,Middle,Right,CMD_Shift,1
2key,17,1473,33,Left,Middle,CMD_Shift,1
2key,17,1474,34,Right,Middle,Alt,2
2key,17,1475,35,Middle,Left,CMD_Shift,2
2key,17,1476,36,Right,Left,CMD_Alt_Shift,1
2key,17,1477,37,Right,Middle,CMD_Alt_Shift,1
2key,17,1478,38,Right,Right,Alt,1
2key,17,1479,39,Right,Right,Alt,2
2key,17,1480,40,Middle,Left,None,2
2key,17,1481,41,Left,Left,CMD_Alt_Shift,1
2key,17,1482,42,Middle,Middle,CMD_Shift,1
2key,17,1483,43,Middle,Middle,Alt,2
2key,17,1484,44,Middle,Left,CMD,1
2key,17,1485,45,Left,Right,Alt,2
2key,17,1486,46,Middle,Left,Alt,1
2key,17,1487,47,Left,Left,Alt,2
2key,17,1488,48,Left,Right,CMD_Alt_Shift,1
2key,17,1489,49,Left,Right,CMD_Shift,1
2key,17,1490,50,Left,Right,None,1
2key,17,1491,51,Middle,Right,CMD_Alt_Shift,2
2key,17,1492,52,Right,Left,CMD_Shift,1
2key,17,1493,53,Middle,Middle,CMD_Alt_Shift,2
2key,17,1494,54,Right,Middle,CMD_Shift,1
2key,17,1495,55,Right,Right,None,2
2key,17,1496,56,Right,Left,Alt,2
2key,17,1497,57,Left,Left,CMD_Shift,1
2key,17,1498,58,Middle,Right,CMD,1
2key,17,1499,59,Right,Left,None,2
2key,17,1500,60,Middle,Right,CMD_Alt_Shift,1
2key,17,1501,61,Middle,Middle,CMD,1
2key,17,1502,62,Left,Left,None,1
2key,17,1503,63,Left,Middle,None,2
2key,17,1504,64,Right,Left,None,1
2key,17,1505,65,Middle,Left,CMD_Alt_Shift,2
2key,17,1506,66,Right,Middle,CMD_Shift,2
2key,17,1507,67,Middle,Middle,None,1
2key,17,1508,68,Middle,Middle,Alt,1
2key,17,1509,69,Right,Left,CMD,2
2key,17,1510,70,Right,Right,CMD_Shift,1
2key,17,1511,71,Middle,Right,None,1
2key,17,1512,72,Right,Right,CMD_Alt_Shift,2
2key,17,1513,73,Right,Middle,None,1
2key,17,1514,74,Middle,Left,None,1
2key,17,1515,75,Left,Left,CMD_Shift,2
2key,17,1516,76,Middle,Right,Alt,2
2key,17,1517,77,Left,Middle,CMD_Alt_Shift,2
2key,17,1518,78,Left,Middle,CMD_Alt_Shift,1
2key,17,1519,79,Middle,Middle,CMD_Shift,2
2key,17,1520,80,Left,Right,CMD,1
2key,17,1521,81,Left,Middle,Alt,1
2key,17,1522,82,Left,Right,CMD_Alt_Shift,2
2key,17,1523,83,Right,Right,CMD_Alt_Shift,1
2key,17,1524,84,Right,Left,CMD_Alt_Shift,2
2key,17,1525,85,Left,Middle,CMD_Shift,2
2key,17,1526,86,Middle,Middle,CMD,2
2key,17,1527,87,Middle,Right,CMD_Shift,2
2key,17,1528,88,Right,Right,CMD_Shift,2
2key,17,1529,89,Right,Right,CMD,1
2key,17,1530,90,Middle,Right,None,2
2key,18,1531,1,Right,Left,CMD,2
2key,18,1532,2,Right,Left,CMD_Alt_Shift,1
2key,18,1533,3,Middle,Right,Alt,1
2key,18,1534,4,Middle,Left,CMD_Shift,2
2key,18,1535,5,Middle,Right,Alt,2
2key,18,1536,6,Right,Middle,CMD,2
2key,18,1537,7,Left,Middle,CMD_Shift,1
2key,18,1538,8,Right,Middle,Alt,1
2key,18,1539,9,Left,Left,Alt,2
2key,18,1540,10,Right,Left,Alt,2
2key,18,1541,11,Right,Middle,Alt,2
2key,18,1542,12,Right,Middle,CMD,1
2key,18,1543,13,Right,Right,None,1
2key,18,1544,14,Right,Right,None,2
2key,18,1545,15,Left,Middle,None,2
2key,18,1546,16,Left,Left,Alt,1
2key,18,1547,17,Left,Right,Alt,2
2key,18,1548,18,Left,Middle,Alt,1
2key,18,1549,19,Left,Left,CMD,1
2key,18,1550,20,Left,Left,CMD,2
2key,18,1551,21,Middle,Left,Alt,1
2key,18,1552,22,Middle,Left,CMD_Shift,1
2key,18,1553,23,Left,Right,CMD,1
2key,18,1554,24,Left,Right,Alt,1
2key,18,1555,25,Left,Middle,None,1
2key,18,1556,26,Left,Middle,CMD,2
2key,18,1557,27,Left,Right,CMD_Alt_Shift,1
2key,18,1558,28,Middle,Middle,CMD_Alt_Shift,2
2key,18,1559,29,Middle,Left,CMD_Alt_Shift,2
2key,18,1560,30,Middle,Middle,CMD,1
2key,18,1561,31,Right,Right,Alt,1
2key,18,1562,32,Middle,Right,CMD_Shift,2
2key,18,1563,33,Left,Middle,CMD_Shift,2
2key,18,1564,34,Right,Middle,CMD_Shift,1
2key,18,1565,35,Middle,Left,CMD_Alt_Shift,1
2key,18,1566,36,Right,Left,CMD_Alt_Shift,2
2key,18,1567,37,Right,Middle,CMD_Alt_Shift,2
2key,18,1568,38,Right,Right,Alt,2
2key,18,1569,39,Right,Right,CMD_Shift,1
2key,18,1570,40,Middle,Left,CMD,1
2key,18,1571,41,Left,Left,CMD_Alt_Shift,2
2key,18,1572,42,Middle,Middle,CMD_Shift,2
2key,18,1573,43,Middle,Middle,CMD_Shift,1
2key,18,1574,44,Middle,Left,CMD,2
2key,18,1575,45,Left,Right,CMD_Shift,1
2key,18,1576,46,Middle,Left,Alt,2
2key,18,1577,47,Left,Left,CMD_Shift,1
2key,18,1578,48,Left,Right,CMD_Alt_Shift,2
2key,18,1579,49,Left,Right,CMD_Shift,2
2key,18,1580,50,Left,Right,None,2
2key,18,1581,51,Right,Left,None,1
2key,18,1582,52,Right,Left,CMD_Shift,2
2key,18,1583,53,Middle,Right,None,1
2key,18,1584,54,Right,Middle,CMD_Shift,2
2key,18,1585,55,Right,Right,CMD,1
2key,18,1586,56,Right,Left,CMD_Shift,1
2key,18,1587,57,Left,Left,CMD_Shift,2
2key,18,1588,58,Middle,Right,CMD,2
2key,18,1589,59,Right,Left,CMD,1
2key,18,1590,60,Middle,Right,CMD_Alt_Shift,2
2key,18,1591,61,Middle,Middle,CMD,2
2key,18,1592,62,Left,Left,None,2
2key,18,1593,63,Left,Middle,CMD,1
2key,18,1594,64,Right,Left,None,2
2key,18,1595,65,Middle,Middle,None,1
2key,18,1596,66,Right,Middle,CMD_Alt_Shift,1
2key,18,1597,67,Middle,Middle,None,2
2key,18,1598,68,Middle,Middle,Alt,2
2key,18,1599,69,Right,Left,Alt,1
2key,18,1600,70,Right,Right,CMD_Shift,2
2key,18,1601,71,Middle,Right,None,2
2key,18,1602,72,Left,Left,None,1
2key,18,1603,73,Right,Middle,None,2
2key,18,1604,74,Middle,Left,None,2
2key,18,1605,75,Left,Left,CMD_Alt_Shift,1
2key,18,1606,76,Middle,Right,CMD_Shift,1
2key,18,1607,77,Left,Right,None,1
2key,18,1608,78,Left,Middle,CMD_Alt_Shift,2
2key,18,1609,79,Middle,Middle,CMD_Alt_Shift,1
2key,18,1610,80,Left,Right,CMD,2
2key,18,1611,81,Left,Middle,Alt,2
2key,18,1612,82,Middle,Left,None,1
2key,18,1613,83,Right,Right,CMD_Alt_Shift,2
2key,18,1614,84,Right,Middle,None,1
2key,18,1615,85,Left,Middle,CMD_Alt_Shift,1
2key,18,1616,86,Middle,Middle,Alt,1
2key,18,1617,87,Middle,Right,CMD_Alt_Shift,1
2key,18,1618,88,Right,Right,CMD_Alt_Shift,1
2key,18,1619,89,Right,Right,CMD,2
2key,18,1620,90,Middle,Right,CMD,1
2key,19,1621,1,Right,Left,Alt,1
2key,19,1622,2,Right,Left,CMD_Alt_Shift,2
2key,19,1623,3,Middle,Right,Alt,2
2key,19,1624,4,Middle,Left,CMD_Alt_Shift,1
2key,19,1625,5,Middle,Right,CMD_Shift,1
2key,19,1626,6,Right,Middle,Alt,1
2key,19,1627,7,Left,Middle,CMD_Shift,2
2key,19,1628,8,Right,Middle,Alt,2
2key,19,1629,9,Left,Left,CMD_Shift,1
2key,19,1630,10,Right,Left,CMD_Shift,1
2key,19,1631,11,Right,Middle,CMD_Shift,1
2key,19,1632,12,Right,Middle,CMD,2
2key,19,1633,13,Right,Right,None,2
2key,19,1634,14,Right,Right,CMD,1
2key,19,1635,15,Left,Middle,CMD,1
2key,19,1636,16,Left,Left,Alt,2
2key,19,1637,17,Left,Right,CMD_Shift,1
2key,19,1638,18,Left,Middle,Alt,2
2key,19,1639,19,Left,Left,CMD,2
2key,19,1640,20,Left,Left,Alt,1
2key,19,1641,21,Middle,Left,Alt,2
2key,19,1642,22,Middle,Left,CMD_Shift,2
2key,19,1643,23,Left,Right,CMD,2
2key,19,1644,24,Left,Right,Alt,2
2key,19,1645,25,Left,Middle,None,2
2key,19,1646,26,Left,Middle,Alt,1
2key,19,1647,27,Left,Right,CMD_Alt_Shift,2
2key,19,1648,28,Middle,Right,None,1
2key,19,1649,29,Middle,Middle,None,1
2key,19,1650,30,Middle,Middle,CMD,2
2key,19,1651,31,Right,Right,Alt,2
2key,19,1652,32,Middle,Right,CMD_Alt_Shift,1
2key,19,1653,33,Left,Middle,CMD_Alt_Shift,1
2key,19,1654,34,Right,Middle,CMD_Shift,2
2key,19,1655,35,Middle,Left,CMD_Alt_Shift,2
2key,19,1656,36,Right,Middle,None,1
2key,19,1657,37,Right,Right,None,1
2key,19,1658,38,Right,Right,CMD_Shift,1
2key,19,1659,39,Right,Right,CMD_Shift,2
2key,19,1660,40,Middle,Left,CMD,2
2key,19,1661,41,Left,Middle,None,1
2key,19,1662,42,Middle,Middle,CMD_Alt_Shift,1
2key,19,1663,43,Middle,Middle,CMD_Shift,2
2key,19,1664,44,Middle,Left,Alt,1
2key,19,1665,45,Left,Right,CMD_Shift,2
2key,19,1666,46,Middle,Left,CMD_Shift,1
2key,19,1667,47,Left,Left,CMD_Shift,2
2key,19,1668,48,Middle,Left,None,1
2key,19,1669,49,Left,Right,CMD_Alt_Shift,1
2key,19,1670,50,Left,Right,CMD,1
2key,19,1671,51,Right,Left,None,2
2key,19,1672,52,Right,Left,CMD_Alt_Shift,1
2key,19,1673,53,Middle,Right,None,2
2key,19,1674,54,Right,Middle,CMD_Alt_Shift,1
2key,19,1675,55,Right,Right,CMD,2
2key,19,1676,56,Right,Left,CMD_Shift,2
2key,19,1677,57,Left,Left,CMD_Alt_Shift,1
2key,19,1678,58,Middle,Right,Alt,1
2key,19,1679,59,Right,Left,CMD,2
2key,19,1680,60,Right,Left,None,1
2key,19,1681,61,Middle,Middle,Alt,1
2key,19,1682,62,Left,Left,CMD,1
2key,19,1683,63,Left,Middle,CMD,2
2key,19,1684,64,Right,Left,CMD,1
2key,19,1685,65,Middle,Middle,None,2
2key,19,1686,66,Right,Middle,CMD_Alt_Shift,2
2key,19,1687,67,Middle,Middle,CMD,1
2key,19,1688,68,Middle,Middle,CMD_Shift,1
2key,19,1689,69,Right,Left,Alt,2
2key,19,1690,70,Right,Right,CMD_Alt_Shift,1
2key,19,1691,71,Middle,Right,CMD,1
2key,19,1692,72,Left,Left,None,2
2key,19,1693,73,Right,Middle,CMD,1
2key,19,1694,74,Middle,Left,CMD,1
2key,19,1695,75,Left,Left,CMD_Alt_Shift,2
2key,19,1696,76,Middle,Right,CMD_Shift,2
2key,19,1697,77,Left,Right,None,2
2key,19,1698,78,Left,Right,None,1
2key,19,1699,79,Middle,Middle,CMD_Alt_Shift,2
2key,19,1700,80,Left,Right,Alt,1
2key,19,1701,81,Left,Middle,CMD_Shift,1
2key,19,1702,82,Middle,Left,None,2
2key,19,1703,83,Left,Left,None,1
2key,19,1704,84,Right,Middle,None,2
2key,19,1705,85,Left,Middle,CMD_Alt_Shift,2
2key,19,1706,86,Middle,Middle,Alt,2
2key,19,1707,87,Middle,Right,CMD_Alt_Shift,2
2key,19,1708,88,Right,Right,CMD_Alt_Shift,2
2key,19,1709,89,Right,Right,Alt,1
2key,19,1710,90,Middle,Right,CMD,2
2key,20,1711,1,Right,Left,Alt,2
2key,20,1712,2,Right,Middle,None,1
2key,20,1713,3,Middle,Right,CMD_Shift,1
2key,20,1714,4,Middle,Left,CMD_Alt_Shift,2
2key,20,1715,5,Middle,Right,CMD_Shift,2
2key,20,1716,6,Right,Middle,Alt,2
2key,20,1717,7,Left,Middle,CMD_Alt_Shift,1
2key,20,1718,8,Right,Middle,CMD_Shift,1
2key,20,1719,9,Left,Left,CMD_Shift,2
2key,20,1720,10,Right,Left,CMD_Shift,2
2key,20,1721,11,Right,Middle,CMD_Shift,2
2key,20,1722,12,Right,Middle,Alt,1
2key,20,1723,13,Right,Right,CMD,1
2key,20,1724,14,Right,Right,CMD,2
2key,20,1725,15,Left,Middle,CMD,2
2key,20,1726,16,Left,Left,CMD_Shift,1
2key,20,1727,17,Left,Right,CMD_Shift,2
2key,20,1728,18,Left,Middle,CMD_Shift,1
2key,20,1729,19,Left,Left,Alt,1
2key,20,1730,20,Left,Left,Alt,2
2key,20,1731,21,Middle,Left,CMD_Shift,1
2key,20,1732,22,Middle,Left,CMD_Alt_Shift,1
2key,20,1733,23,Left,Right,Alt,1
2key,20,1734,24,Left,Right,CMD_Shift,1
2key,20,1735,25,Left,Middle,CMD,1
2key,20,1736,26,Left,Middle,Alt,2
2key,20,1737,27,Middle,Left,None,1
2key,20,1738,28,Middle,Right,None,2
2key,20,1739,29,Middle,Middle,None,2
2key,20,1740,30,Middle,Middle,Alt,1
2key,20,1741,31,Right,Right,CMD_Shift,1
2key,20,1742,32,Middle,Right,CMD_Alt_Shift,2
2key,20,1743,33,Left,Middle,CMD_Alt_Shift,2
2key,20,1744,34,Right,Middle,CMD_Alt_Shift,1
2key,20,1745,35,Middle,Middle,None,1
2key,20,1746,36,Right,Middle,None,2
2key,20,1747,37,Right,Right,None,2
2key,20,1748,38,Right,Right,CMD_Shift,2
2key,20,1749,39,Right,Right,CMD_Alt_Shift,1
2key,20,1750,40,Middle,Left,Alt,1
2key,20,1751,41,Left,Middle,None,2
2key,20,1752,42,Middle,Middle,CMD_Alt_Shift,2
2key,20,1753,43,Middle,Middle,CMD_Alt_Shift,1
2key,20,1754,44,Middle,Left,Alt,2
2key,20,1755,45,Left,Right,CMD_Alt_Shift,1
2key,20,1756,46,Middle,Left,CMD_Shift,2
2key,20,1757,47,Left,Left,CMD_Alt_Shift,1
2key,20,1758,48,Middle,Left,None,2
2key,20,1759,49,Left,Right,CMD_Alt_Shift,2
2key,20,1760,50,Left,Right,CMD,2
2key,20,1761,51,Right,Left,CMD,1
2key,20,1762,52,Right,Left,CMD_Alt_Shift,2
2key,20,1763,53,Middle,Right,CMD,1
2key,20,1764,54,Right,Middle,CMD_Alt_Shift,2
2key,20,1765,55,Right,Right,Alt,1
2key,20,1766,56,Right,Left,CMD_Alt_Shift,1
2key,20,1767,57,Left,Left,CMD_Alt_Shift,2
2key,20,1768,58,Middle,Right,Alt,2
2key,20,1769,59,Right,Left,Alt,1
2key,20,1770,60,Right,Left,None,2
2key,20,1771,61,Middle,Middle,Alt,2
2key,20,1772,62,Left,Left,CMD,2
2key,20,1773,63,Left,Middle,Alt,1
2key,20,1774,64,Right,Left,CMD,2
2key,20,1775,65,Middle,Middle,CMD,1
2key,20,1776,66,Right,Right,None,1
2key,20,1777,67,Middle,Middle,CMD,2
2key,20,1778,68,Middle,Middle,CMD_Shift,2
2key,20,1779,69,Right,Left,CMD_Shift,1
2key,20,1780,70,Right,Right,CMD_Alt_Shift,2
2key,20,1781,71,Middle,Right,CMD,2
2key,20,1782,72,Left,Left,CMD,1
2key,20,1783,73,Right,Middle,CMD,2
2key,20,1784,74,Middle,Left,CMD,2
2key,20,1785,75,Left,Middle,None,1
2key,20,1786,76,Middle,Right,CMD_Alt_Shift,1
2key,20,1787,77,Left,Right,CMD,1
2key,20,1788,78,Left,Right,None,2
2key,20,1789,79,Middle,Right,None,1
2key,20,1790,80,Left,Right,Alt,2
2key,20,1791,81,Left,Middle,CMD_Shift,2
2key,20,1792,82,Middle,Left,CMD,1
2key,20,1793,83,Left,Left,None,2
2key,20,1794,84,Right,Middle,CMD,1
2key,20,1795,85,Left,Right,None,1
2key,20,1796,86,Middle,Middle,CMD_Shift,1
2key,20,1797,87,Right,Left,None,1
2key,20,1798,88,Left,Left,None,1
2key,20,1799,89,Right,Right,Alt,2
2key,20,1800,90,Middle,Right,Alt,1
