DesignName, ParticipantID, TrialID, Block1, Block2, Size, Dir, NbModi, NbAngle, Repeat, letter1, modifiers1, execTimeCMD1, execTimeAlt1, execTimeShift1, execTimeKey1, letter2, modifiers2, execTimeCMD2, execTimeAlt2, execTimeShift2, execTimeKey2, letter3, modifiers3, execTimeCMD3, execTimeAlt3, execTimeShift3, execTimeKey3, angle1, userAngle1, drawDist1, angle2, userAngle2, drawDist2, mouseClick1, totalExecTime1, nbOfAttempts1, mouseClick2, totalExecTime2, nbOfAttempts2, mouseClick3, totalExecTime3, nbOfAttempts3, targetDist
KeyMultiModi,48,4513,1,1,2,NaN,1,NaN,1,B,CMD,3.623,NaN,NaN,3.918,NaN,NaN,NaN,NaN,NaN,NaN,NaN,NaN,NaN,NaN,NaN,NaN,NaN,NaN,NaN,NaN,NaN,NaN,3.142,3.918,1,NaN,NaN,NaN,NaN,NaN,NaN,488
KeyMultiModi,48,4514,1,2,4,NaN,1,NaN,1,B,CMD,3.918,NaN,NaN,4.054,NaN,NaN,NaN,NaN,NaN,NaN,NaN,NaN,NaN,NaN,NaN,NaN,NaN,NaN,NaN,NaN,NaN,NaN,3.634,4.054,1,NaN,NaN,NaN,NaN,NaN,NaN,845
KeyMultiModi,48,4515,1,3,4,NaN,2,NaN,1,Y,CMD + Shift,5.392,NaN,5.525,5.813,NaN,NaN,NaN,NaN,NaN,NaN,NaN,NaN,NaN,NaN,NaN,NaN,NaN,NaN,NaN,NaN,NaN,NaN,4.824,5.813,1,NaN,NaN,NaN,NaN,NaN,NaN,773
KeyMultiModi,48,4516,1,4,2,NaN,3,NaN,1,A,CMD + Option + Shift,5.288,5.443,5.693,6.176,NaN,NaN,NaN,NaN,NaN,NaN,NaN,NaN,NaN,NaN,NaN,NaN,NaN,NaN,NaN,NaN,NaN,NaN,4.613,6.176,1,NaN,NaN,NaN,NaN,NaN,NaN,412
KeyMultiModi,48,4517,1,5,3,NaN,0,NaN,1,X,,NaN,NaN,NaN,6.414,NaN,NaN,NaN,NaN,NaN,NaN,NaN,NaN,NaN,NaN,NaN,NaN,NaN,NaN,NaN,NaN,NaN,NaN,5.886,6.414,1,NaN,NaN,NaN,NaN,NaN,NaN,521
KeyMultiModi,48,4518,1,6,3,NaN,2,NaN,1,Y,CMD + Shift,11.702,NaN,11.799,12.071,NaN,NaN,NaN,NaN,NaN,NaN,NaN,NaN,NaN,NaN,NaN,NaN,NaN,NaN,NaN,NaN,NaN,NaN,11.261,12.071,1,NaN,NaN,NaN,NaN,NaN,NaN,484
KeyMultiModi,48,4519,1,7,1,NaN,1,NaN,1,B,CMD,2.293,NaN,NaN,2.418,NaN,NaN,NaN,NaN,NaN,NaN,NaN,NaN,NaN,NaN,NaN,NaN,NaN,NaN,NaN,NaN,NaN,NaN,1.886,2.418,1,NaN,NaN,NaN,NaN,NaN,NaN,207
KeyMultiModi,48,4520,1,8,4,NaN,3,NaN,1,A,CMD + Option + Shift,6.398,6.704,6.457,6.787,NaN,NaN,NaN,NaN,NaN,NaN,NaN,NaN,NaN,NaN,NaN,NaN,NaN,NaN,NaN,NaN,NaN,NaN,5.743,6.787,2,NaN,NaN,NaN,NaN,NaN,NaN,498
KeyMultiModi,48,4521,1,9,1,NaN,3,NaN,1,A,CMD + Option + Shift,6.574,6.422,6.737,7.113,NaN,NaN,NaN,NaN,NaN,NaN,NaN,NaN,NaN,NaN,NaN,NaN,NaN,NaN,NaN,NaN,NaN,NaN,5.378,7.113,1,NaN,NaN,NaN,NaN,NaN,NaN,617
KeyMultiModi,48,4522,1,10,2,NaN,2,NaN,1,Y,CMD + Shift,4.029,NaN,2.377,5.065,NaN,NaN,NaN,NaN,NaN,NaN,NaN,NaN,NaN,NaN,NaN,NaN,NaN,NaN,NaN,NaN,NaN,NaN,1.551,5.065,1,NaN,NaN,NaN,NaN,NaN,NaN,211
KeyMultiModi,48,4523,1,11,3,NaN,3,NaN,1,A,CMD + Option + Shift,1.459,3.706,1.501,2.036,NaN,NaN,NaN,NaN,NaN,NaN,NaN,NaN,NaN,NaN,NaN,NaN,NaN,NaN,NaN,NaN,NaN,NaN,1.042,4.431,2,NaN,NaN,NaN,NaN,NaN,NaN,540
KeyMultiModi,48,4524,1,12,4,NaN,0,NaN,1,I,,NaN,NaN,NaN,1.323,NaN,NaN,NaN,NaN,NaN,NaN,NaN,NaN,NaN,NaN,NaN,NaN,NaN,NaN,NaN,NaN,NaN,NaN,0.974,1.323,1,NaN,NaN,NaN,NaN,NaN,NaN,326
KeyMultiModi,48,4525,1,13,1,NaN,2,NaN,1,Y,CMD + Shift,3.279,NaN,1.685,4.239,NaN,NaN,NaN,NaN,NaN,NaN,NaN,NaN,NaN,NaN,NaN,NaN,NaN,NaN,NaN,NaN,NaN,NaN,1.324,4.239,1,NaN,NaN,NaN,NaN,NaN,NaN,571
KeyMultiModi,48,4526,1,14,3,NaN,1,NaN,1,B,CMD,1.485,NaN,NaN,1.639,NaN,NaN,NaN,NaN,NaN,NaN,NaN,NaN,NaN,NaN,NaN,NaN,NaN,NaN,NaN,NaN,NaN,NaN,0.912,1.639,1,NaN,NaN,NaN,NaN,NaN,NaN,784
KeyMultiModi,48,4527,1,15,1,NaN,0,NaN,1,I,,NaN,NaN,NaN,1.419,NaN,NaN,NaN,NaN,NaN,NaN,NaN,NaN,NaN,NaN,NaN,NaN,NaN,NaN,NaN,NaN,NaN,NaN,0.959,1.419,1,NaN,NaN,NaN,NaN,NaN,NaN,714
KeyMultiModi,48,4528,1,16,2,NaN,0,NaN,1,K,,NaN,NaN,NaN,1.28,NaN,NaN,NaN,NaN,NaN,NaN,NaN,NaN,NaN,NaN,NaN,NaN,NaN,NaN,NaN,NaN,NaN,NaN,0.965,1.281,1,NaN,NaN,NaN,NaN,NaN,NaN,680
KeyMultiModi,48,4529,2,1,2,NaN,1,NaN,1,B,CMD,1.595,NaN,NaN,1.746,NaN,NaN,NaN,NaN,NaN,NaN,NaN,NaN,NaN,NaN,NaN,NaN,NaN,NaN,NaN,NaN,NaN,NaN,1.15,1.746,1,NaN,NaN,NaN,NaN,NaN,NaN,499
KeyMultiModi,48,4530,2,2,4,NaN,1,NaN,1,B,CMD,1.01,NaN,NaN,1.17,NaN,NaN,NaN,NaN,NaN,NaN,NaN,NaN,NaN,NaN,NaN,NaN,NaN,NaN,NaN,NaN,NaN,NaN,0.757,1.17,1,NaN,NaN,NaN,NaN,NaN,NaN,827
KeyMultiModi,48,4531,2,3,4,NaN,2,NaN,1,Y,CMD + Shift,0.93,NaN,1.084,1.441,NaN,NaN,NaN,NaN,NaN,NaN,NaN,NaN,NaN,NaN,NaN,NaN,NaN,NaN,NaN,NaN,NaN,NaN,0.665,1.441,1,NaN,NaN,NaN,NaN,NaN,NaN,582
KeyMultiModi,48,4532,2,4,2,NaN,3,NaN,1,A,CMD + Option + Shift,1.282,1.623,1.901,2.296,NaN,NaN,NaN,NaN,NaN,NaN,NaN,NaN,NaN,NaN,NaN,NaN,NaN,NaN,NaN,NaN,NaN,NaN,0.724,2.296,1,NaN,NaN,NaN,NaN,NaN,NaN,858
KeyMultiModi,48,4533,2,5,3,NaN,0,NaN,1,X,,NaN,NaN,NaN,1.204,NaN,NaN,NaN,NaN,NaN,NaN,NaN,NaN,NaN,NaN,NaN,NaN,NaN,NaN,NaN,NaN,NaN,NaN,0.923,1.204,1,NaN,NaN,NaN,NaN,NaN,NaN,428
KeyMultiModi,48,4534,2,6,3,NaN,2,NaN,1,Y,CMD + Shift,0.843,NaN,1.502,1.921,NaN,NaN,NaN,NaN,NaN,NaN,NaN,NaN,NaN,NaN,NaN,NaN,NaN,NaN,NaN,NaN,NaN,NaN,0.509,1.921,2,NaN,NaN,NaN,NaN,NaN,NaN,784
KeyMultiModi,48,4535,2,7,1,NaN,1,NaN,1,B,CMD,1.454,NaN,NaN,1.595,NaN,NaN,NaN,NaN,NaN,NaN,NaN,NaN,NaN,NaN,NaN,NaN,NaN,NaN,NaN,NaN,NaN,NaN,1.225,1.595,1,NaN,NaN,NaN,NaN,NaN,NaN,406
KeyMultiModi,48,4536,2,8,4,NaN,3,NaN,1,A,CMD + Option + Shift,0.965,1.198,1.437,2.175,NaN,NaN,NaN,NaN,NaN,NaN,NaN,NaN,NaN,NaN,NaN,NaN,NaN,NaN,NaN,NaN,NaN,NaN,0.751,2.175,1,NaN,NaN,NaN,NaN,NaN,NaN,522
KeyMultiModi,48,4537,2,9,1,NaN,3,NaN,1,A,CMD + Option + Shift,1.456,1.643,1.887,2.43,NaN,NaN,NaN,NaN,NaN,NaN,NaN,NaN,NaN,NaN,NaN,NaN,NaN,NaN,NaN,NaN,NaN,NaN,1.148,2.43,1,NaN,NaN,NaN,NaN,NaN,NaN,620
KeyMultiModi,48,4538,2,10,2,NaN,2,NaN,1,Y,CMD + Shift,1.189,NaN,1.767,2.64,NaN,NaN,NaN,NaN,NaN,NaN,NaN,NaN,NaN,NaN,NaN,NaN,NaN,NaN,NaN,NaN,NaN,NaN,0.816,2.64,1,NaN,NaN,NaN,NaN,NaN,NaN,587
KeyMultiModi,48,4539,2,11,3,NaN,3,NaN,1,A,CMD + Option + Shift,1.303,1.586,1.862,2.544,NaN,NaN,NaN,NaN,NaN,NaN,NaN,NaN,NaN,NaN,NaN,NaN,NaN,NaN,NaN,NaN,NaN,NaN,0.756,2.544,1,NaN,NaN,NaN,NaN,NaN,NaN,411
KeyMultiModi,48,4540,2,12,4,NaN,0,NaN,1,K,,NaN,NaN,NaN,1.08,NaN,NaN,NaN,NaN,NaN,NaN,NaN,NaN,NaN,NaN,NaN,NaN,NaN,NaN,NaN,NaN,NaN,NaN,0.692,1.08,1,NaN,NaN,NaN,NaN,NaN,NaN,748
KeyMultiModi,48,4541,2,13,1,NaN,2,NaN,1,Y,CMD + Shift,2.035,NaN,2.352,3.918,NaN,NaN,NaN,NaN,NaN,NaN,NaN,NaN,NaN,NaN,NaN,NaN,NaN,NaN,NaN,NaN,NaN,NaN,1.28,7.2,2,NaN,NaN,NaN,NaN,NaN,NaN,437
KeyMultiModi,48,4542,2,14,3,NaN,1,NaN,1,B,CMD,1.867,NaN,NaN,2.025,NaN,NaN,NaN,NaN,NaN,NaN,NaN,NaN,NaN,NaN,NaN,NaN,NaN,NaN,NaN,NaN,NaN,NaN,0.84,2.025,1,NaN,NaN,NaN,NaN,NaN,NaN,616
KeyMultiModi,48,4543,2,15,1,NaN,0,NaN,1,K,,NaN,NaN,NaN,1.759,NaN,NaN,NaN,NaN,NaN,NaN,NaN,NaN,NaN,NaN,NaN,NaN,NaN,NaN,NaN,NaN,NaN,NaN,0.966,1.759,2,NaN,NaN,NaN,NaN,NaN,NaN,585
KeyMultiModi,48,4544,2,16,2,NaN,0,NaN,1,K,,NaN,NaN,NaN,1.663,NaN,NaN,NaN,NaN,NaN,NaN,NaN,NaN,NaN,NaN,NaN,NaN,NaN,NaN,NaN,NaN,NaN,NaN,1.198,1.663,1,NaN,NaN,NaN,NaN,NaN,NaN,752
KeyMultiModi,48,4545,3,1,2,NaN,1,NaN,1,B,CMD,1.445,NaN,NaN,1.474,NaN,NaN,NaN,NaN,NaN,NaN,NaN,NaN,NaN,NaN,NaN,NaN,NaN,NaN,NaN,NaN,NaN,NaN,0.712,1.474,1,NaN,NaN,NaN,NaN,NaN,NaN,680
KeyMultiModi,48,4546,3,2,4,NaN,1,NaN,1,B,CMD,3.724,NaN,NaN,3.882,NaN,NaN,NaN,NaN,NaN,NaN,NaN,NaN,NaN,NaN,NaN,NaN,NaN,NaN,NaN,NaN,NaN,NaN,3.31,3.882,2,NaN,NaN,NaN,NaN,NaN,NaN,567
KeyMultiModi,48,4547,3,3,4,NaN,2,NaN,1,Y,CMD + Shift,4.409,NaN,4.413,4.897,NaN,NaN,NaN,NaN,NaN,NaN,NaN,NaN,NaN,NaN,NaN,NaN,NaN,NaN,NaN,NaN,NaN,NaN,2.782,4.897,1,NaN,NaN,NaN,NaN,NaN,NaN,325
KeyMultiModi,48,4548,3,4,2,NaN,3,NaN,1,A,CMD + Option + Shift,2.942,4.444,2.988,5.369,NaN,NaN,NaN,NaN,NaN,NaN,NaN,NaN,NaN,NaN,NaN,NaN,NaN,NaN,NaN,NaN,NaN,NaN,1.126,5.369,2,NaN,NaN,NaN,NaN,NaN,NaN,390
KeyMultiModi,48,4549,3,5,3,NaN,0,NaN,1,X,,NaN,NaN,NaN,1.369,NaN,NaN,NaN,NaN,NaN,NaN,NaN,NaN,NaN,NaN,NaN,NaN,NaN,NaN,NaN,NaN,NaN,NaN,1.134,1.369,1,NaN,NaN,NaN,NaN,NaN,NaN,898
KeyMultiModi,48,4550,3,6,3,NaN,2,NaN,1,Y,CMD + Shift,1.259,NaN,3.329,3.612,NaN,NaN,NaN,NaN,NaN,NaN,NaN,NaN,NaN,NaN,NaN,NaN,NaN,NaN,NaN,NaN,NaN,NaN,0.733,3.612,2,NaN,NaN,NaN,NaN,NaN,NaN,823
KeyMultiModi,48,4551,3,7,1,NaN,1,NaN,1,B,CMD,1.198,NaN,NaN,1.317,NaN,NaN,NaN,NaN,NaN,NaN,NaN,NaN,NaN,NaN,NaN,NaN,NaN,NaN,NaN,NaN,NaN,NaN,0.85,1.317,1,NaN,NaN,NaN,NaN,NaN,NaN,491
KeyMultiModi,48,4552,3,8,4,NaN,3,NaN,1,A,CMD + Option + Shift,0.854,1.207,1.003,1.72,NaN,NaN,NaN,NaN,NaN,NaN,NaN,NaN,NaN,NaN,NaN,NaN,NaN,NaN,NaN,NaN,NaN,NaN,0.574,1.72,2,NaN,NaN,NaN,NaN,NaN,NaN,411
KeyMultiModi,48,4553,3,9,1,NaN,3,NaN,1,A,CMD + Option + Shift,2.052,2.541,2.85,3.416,NaN,NaN,NaN,NaN,NaN,NaN,NaN,NaN,NaN,NaN,NaN,NaN,NaN,NaN,NaN,NaN,NaN,NaN,1.483,3.416,1,NaN,NaN,NaN,NaN,NaN,NaN,336
KeyMultiModi,48,4554,3,10,2,NaN,2,NaN,1,Y,CMD + Shift,1.662,NaN,1.847,2.613,NaN,NaN,NaN,NaN,NaN,NaN,NaN,NaN,NaN,NaN,NaN,NaN,NaN,NaN,NaN,NaN,NaN,NaN,1.039,2.613,1,NaN,NaN,NaN,NaN,NaN,NaN,1166
KeyMultiModi,48,4555,3,11,3,NaN,3,NaN,1,A,CMD + Option + Shift,0.889,1.047,1.297,1.48,NaN,NaN,NaN,NaN,NaN,NaN,NaN,NaN,NaN,NaN,NaN,NaN,NaN,NaN,NaN,NaN,NaN,NaN,0.695,1.48,1,NaN,NaN,NaN,NaN,NaN,NaN,865
KeyMultiModi,48,4556,3,12,4,NaN,0,NaN,1,K,,NaN,NaN,NaN,1.101,NaN,NaN,NaN,NaN,NaN,NaN,NaN,NaN,NaN,NaN,NaN,NaN,NaN,NaN,NaN,NaN,NaN,NaN,0.755,1.101,1,NaN,NaN,NaN,NaN,NaN,NaN,421
KeyMultiModi,48,4557,3,13,1,NaN,2,NaN,1,Y,CMD + Shift,1.467,NaN,1.61,2.295,NaN,NaN,NaN,NaN,NaN,NaN,NaN,NaN,NaN,NaN,NaN,NaN,NaN,NaN,NaN,NaN,NaN,NaN,1.011,2.295,1,NaN,NaN,NaN,NaN,NaN,NaN,1069
KeyMultiModi,48,4558,3,14,3,NaN,1,NaN,1,B,CMD,2.522,NaN,NaN,2.644,NaN,NaN,NaN,NaN,NaN,NaN,NaN,NaN,NaN,NaN,NaN,NaN,NaN,NaN,NaN,NaN,NaN,NaN,1.001,2.644,1,NaN,NaN,NaN,NaN,NaN,NaN,557
KeyMultiModi,48,4559,3,15,1,NaN,0,NaN,1,X,,NaN,NaN,NaN,1.55,NaN,NaN,NaN,NaN,NaN,NaN,NaN,NaN,NaN,NaN,NaN,NaN,NaN,NaN,NaN,NaN,NaN,NaN,1.019,1.55,1,NaN,NaN,NaN,NaN,NaN,NaN,886
KeyMultiModi,48,4560,3,16,2,NaN,0,NaN,1,X,,NaN,NaN,NaN,1.275,NaN,NaN,NaN,NaN,NaN,NaN,NaN,NaN,NaN,NaN,NaN,NaN,NaN,NaN,NaN,NaN,NaN,NaN,0.892,1.275,1,NaN,NaN,NaN,NaN,NaN,NaN,964
KeyMultiModi,48,4561,4,1,2,NaN,1,NaN,1,B,CMD,1.275,NaN,NaN,1.405,NaN,NaN,NaN,NaN,NaN,NaN,NaN,NaN,NaN,NaN,NaN,NaN,NaN,NaN,NaN,NaN,NaN,NaN,0.925,1.405,1,NaN,NaN,NaN,NaN,NaN,NaN,688
KeyMultiModi,48,4562,4,2,4,NaN,1,NaN,1,B,CMD,1.198,NaN,NaN,1.365,NaN,NaN,NaN,NaN,NaN,NaN,NaN,NaN,NaN,NaN,NaN,NaN,NaN,NaN,NaN,NaN,NaN,NaN,0.723,1.365,1,NaN,NaN,NaN,NaN,NaN,NaN,850
KeyMultiModi,48,4563,4,3,4,NaN,2,NaN,1,Y,CMD + Shift,1.415,NaN,2.529,6.558,NaN,NaN,NaN,NaN,NaN,NaN,NaN,NaN,NaN,NaN,NaN,NaN,NaN,NaN,NaN,NaN,NaN,NaN,3.514,6.558,2,NaN,NaN,NaN,NaN,NaN,NaN,702
KeyMultiModi,48,4564,4,4,2,NaN,3,NaN,1,A,CMD + Option + Shift,3.336,3.512,3.707,3.897,NaN,NaN,NaN,NaN,NaN,NaN,NaN,NaN,NaN,NaN,NaN,NaN,NaN,NaN,NaN,NaN,NaN,NaN,1.453,3.897,1,NaN,NaN,NaN,NaN,NaN,NaN,248
KeyMultiModi,48,4565,4,5,3,NaN,0,NaN,1,K,,NaN,NaN,NaN,1.035,NaN,NaN,NaN,NaN,NaN,NaN,NaN,NaN,NaN,NaN,NaN,NaN,NaN,NaN,NaN,NaN,NaN,NaN,0.623,1.035,1,NaN,NaN,NaN,NaN,NaN,NaN,633
KeyMultiModi,48,4566,4,6,3,NaN,2,NaN,1,Y,CMD + Shift,2.923,NaN,2.952,3.248,NaN,NaN,NaN,NaN,NaN,NaN,NaN,NaN,NaN,NaN,NaN,NaN,NaN,NaN,NaN,NaN,NaN,NaN,0.849,3.248,1,NaN,NaN,NaN,NaN,NaN,NaN,574
KeyMultiModi,48,4567,4,7,1,NaN,1,NaN,1,B,CMD,1.272,NaN,NaN,1.437,NaN,NaN,NaN,NaN,NaN,NaN,NaN,NaN,NaN,NaN,NaN,NaN,NaN,NaN,NaN,NaN,NaN,NaN,1.024,1.437,1,NaN,NaN,NaN,NaN,NaN,NaN,514
KeyMultiModi,48,4568,4,8,4,NaN,3,NaN,1,A,CMD + Option + Shift,1.186,2.35,1.264,2.692,NaN,NaN,NaN,NaN,NaN,NaN,NaN,NaN,NaN,NaN,NaN,NaN,NaN,NaN,NaN,NaN,NaN,NaN,0.761,2.692,1,NaN,NaN,NaN,NaN,NaN,NaN,397
KeyMultiModi,48,4569,4,9,1,NaN,3,NaN,1,A,CMD + Option + Shift,1.513,1.483,1.581,2.014,NaN,NaN,NaN,NaN,NaN,NaN,NaN,NaN,NaN,NaN,NaN,NaN,NaN,NaN,NaN,NaN,NaN,NaN,1.143,2.014,1,NaN,NaN,NaN,NaN,NaN,NaN,952
KeyMultiModi,48,4570,4,10,2,NaN,2,NaN,1,Y,CMD + Shift,2.642,NaN,2.649,2.986,NaN,NaN,NaN,NaN,NaN,NaN,NaN,NaN,NaN,NaN,NaN,NaN,NaN,NaN,NaN,NaN,NaN,NaN,0.929,2.986,1,NaN,NaN,NaN,NaN,NaN,NaN,1070
KeyMultiModi,48,4571,4,11,3,NaN,3,NaN,1,A,CMD + Option + Shift,1.466,2.4,1.484,2.836,NaN,NaN,NaN,NaN,NaN,NaN,NaN,NaN,NaN,NaN,NaN,NaN,NaN,NaN,NaN,NaN,NaN,NaN,0.789,2.836,2,NaN,NaN,NaN,NaN,NaN,NaN,502
KeyMultiModi,48,4572,4,12,4,NaN,0,NaN,1,I,,NaN,NaN,NaN,1.135,NaN,NaN,NaN,NaN,NaN,NaN,NaN,NaN,NaN,NaN,NaN,NaN,NaN,NaN,NaN,NaN,NaN,NaN,0.792,1.135,2,NaN,NaN,NaN,NaN,NaN,NaN,941
KeyMultiModi,48,4573,4,13,1,NaN,2,NaN,1,Y,CMD + Shift,1.88,NaN,2.017,2.95,NaN,NaN,NaN,NaN,NaN,NaN,NaN,NaN,NaN,NaN,NaN,NaN,NaN,NaN,NaN,NaN,NaN,NaN,1.023,2.95,1,NaN,NaN,NaN,NaN,NaN,NaN,600
KeyMultiModi,48,4574,4,14,3,NaN,1,NaN,1,B,CMD,1.521,NaN,NaN,1.853,NaN,NaN,NaN,NaN,NaN,NaN,NaN,NaN,NaN,NaN,NaN,NaN,NaN,NaN,NaN,NaN,NaN,NaN,0.574,1.853,1,NaN,NaN,NaN,NaN,NaN,NaN,916
KeyMultiModi,48,4575,4,15,1,NaN,0,NaN,1,K,,NaN,NaN,NaN,1.518,NaN,NaN,NaN,NaN,NaN,NaN,NaN,NaN,NaN,NaN,NaN,NaN,NaN,NaN,NaN,NaN,NaN,NaN,0.927,1.518,1,NaN,NaN,NaN,NaN,NaN,NaN,403
KeyMultiModi,48,4576,4,16,2,NaN,0,NaN,1,I,,NaN,NaN,NaN,1.154,NaN,NaN,NaN,NaN,NaN,NaN,NaN,NaN,NaN,NaN,NaN,NaN,NaN,NaN,NaN,NaN,NaN,NaN,0.766,1.154,1,NaN,NaN,NaN,NaN,NaN,NaN,867
KeyMultiModi,48,4577,5,1,2,NaN,1,NaN,1,B,CMD,1.115,NaN,NaN,1.23,NaN,NaN,NaN,NaN,NaN,NaN,NaN,NaN,NaN,NaN,NaN,NaN,NaN,NaN,NaN,NaN,NaN,NaN,0.832,1.23,1,NaN,NaN,NaN,NaN,NaN,NaN,731
KeyMultiModi,48,4578,5,2,4,NaN,1,NaN,1,B,CMD,0.925,NaN,NaN,1.047,NaN,NaN,NaN,NaN,NaN,NaN,NaN,NaN,NaN,NaN,NaN,NaN,NaN,NaN,NaN,NaN,NaN,NaN,0.583,1.047,1,NaN,NaN,NaN,NaN,NaN,NaN,348
KeyMultiModi,48,4579,5,3,4,NaN,2,NaN,1,Y,CMD + Shift,0.778,NaN,0.916,1.132,NaN,NaN,NaN,NaN,NaN,NaN,NaN,NaN,NaN,NaN,NaN,NaN,NaN,NaN,NaN,NaN,NaN,NaN,0.617,1.132,1,NaN,NaN,NaN,NaN,NaN,NaN,462
KeyMultiModi,48,4580,5,4,2,NaN,3,NaN,1,A,CMD + Option + Shift,0.897,1.493,1,1.347,NaN,NaN,NaN,NaN,NaN,NaN,NaN,NaN,NaN,NaN,NaN,NaN,NaN,NaN,NaN,NaN,NaN,NaN,0.683,1.825,1,NaN,NaN,NaN,NaN,NaN,NaN,542
KeyMultiModi,48,4581,5,5,3,NaN,0,NaN,1,K,,NaN,NaN,NaN,1.009,NaN,NaN,NaN,NaN,NaN,NaN,NaN,NaN,NaN,NaN,NaN,NaN,NaN,NaN,NaN,NaN,NaN,NaN,0.62,1.009,1,NaN,NaN,NaN,NaN,NaN,NaN,735
KeyMultiModi,48,4582,5,6,3,NaN,2,NaN,1,Y,CMD + Shift,1.215,NaN,1.261,1.517,NaN,NaN,NaN,NaN,NaN,NaN,NaN,NaN,NaN,NaN,NaN,NaN,NaN,NaN,NaN,NaN,NaN,NaN,0.815,1.517,1,NaN,NaN,NaN,NaN,NaN,NaN,541
KeyMultiModi,48,4583,5,7,1,NaN,1,NaN,1,B,CMD,1.282,NaN,NaN,1.491,NaN,NaN,NaN,NaN,NaN,NaN,NaN,NaN,NaN,NaN,NaN,NaN,NaN,NaN,NaN,NaN,NaN,NaN,0.923,1.491,1,NaN,NaN,NaN,NaN,NaN,NaN,358
KeyMultiModi,48,4584,5,8,4,NaN,3,NaN,1,A,CMD + Option + Shift,0.8,0.981,0.906,1.482,NaN,NaN,NaN,NaN,NaN,NaN,NaN,NaN,NaN,NaN,NaN,NaN,NaN,NaN,NaN,NaN,NaN,NaN,0.607,1.482,1,NaN,NaN,NaN,NaN,NaN,NaN,304
KeyMultiModi,48,4585,5,9,1,NaN,3,NaN,1,A,CMD + Option + Shift,1.151,1.266,1.427,1.655,NaN,NaN,NaN,NaN,NaN,NaN,NaN,NaN,NaN,NaN,NaN,NaN,NaN,NaN,NaN,NaN,NaN,NaN,0.833,1.655,1,NaN,NaN,NaN,NaN,NaN,NaN,874
KeyMultiModi,48,4586,5,10,2,NaN,2,NaN,1,Y,CMD + Shift,1.102,NaN,1.285,2.604,NaN,NaN,NaN,NaN,NaN,NaN,NaN,NaN,NaN,NaN,NaN,NaN,NaN,NaN,NaN,NaN,NaN,NaN,0.853,2.604,2,NaN,NaN,NaN,NaN,NaN,NaN,429
KeyMultiModi,48,4587,5,11,3,NaN,3,NaN,1,A,CMD + Option + Shift,1.276,1.195,1.291,1.826,NaN,NaN,NaN,NaN,NaN,NaN,NaN,NaN,NaN,NaN,NaN,NaN,NaN,NaN,NaN,NaN,NaN,NaN,0.748,1.826,1,NaN,NaN,NaN,NaN,NaN,NaN,988
KeyMultiModi,48,4588,5,12,4,NaN,0,NaN,1,K,,NaN,NaN,NaN,1.02,NaN,NaN,NaN,NaN,NaN,NaN,NaN,NaN,NaN,NaN,NaN,NaN,NaN,NaN,NaN,NaN,NaN,NaN,0.694,1.02,1,NaN,NaN,NaN,NaN,NaN,NaN,387
KeyMultiModi,48,4589,5,13,1,NaN,2,NaN,1,Y,CMD + Shift,1.964,NaN,2.022,3.811,NaN,NaN,NaN,NaN,NaN,NaN,NaN,NaN,NaN,NaN,NaN,NaN,NaN,NaN,NaN,NaN,NaN,NaN,1.592,3.811,2,NaN,NaN,NaN,NaN,NaN,NaN,758
KeyMultiModi,48,4590,5,14,3,NaN,1,NaN,1,B,CMD,0.869,NaN,NaN,1.036,NaN,NaN,NaN,NaN,NaN,NaN,NaN,NaN,NaN,NaN,NaN,NaN,NaN,NaN,NaN,NaN,NaN,NaN,0.674,1.036,1,NaN,NaN,NaN,NaN,NaN,NaN,493
KeyMultiModi,48,4591,5,15,1,NaN,0,NaN,1,X,,NaN,NaN,NaN,1.534,NaN,NaN,NaN,NaN,NaN,NaN,NaN,NaN,NaN,NaN,NaN,NaN,NaN,NaN,NaN,NaN,NaN,NaN,0.693,1.534,1,NaN,NaN,NaN,NaN,NaN,NaN,772
KeyMultiModi,48,4592,5,16,2,NaN,0,NaN,1,X,,NaN,NaN,NaN,1.523,NaN,NaN,NaN,NaN,NaN,NaN,NaN,NaN,NaN,NaN,NaN,NaN,NaN,NaN,NaN,NaN,NaN,NaN,1.09,1.523,1,NaN,NaN,NaN,NaN,NaN,NaN,756
KeyMultiModi,48,4593,6,1,2,NaN,1,NaN,1,B,CMD,0.982,NaN,NaN,1.163,NaN,NaN,NaN,NaN,NaN,NaN,NaN,NaN,NaN,NaN,NaN,NaN,NaN,NaN,NaN,NaN,NaN,NaN,0.788,1.163,1,NaN,NaN,NaN,NaN,NaN,NaN,401
KeyMultiModi,48,4594,6,2,4,NaN,1,NaN,1,B,CMD,2.872,NaN,NaN,3.066,NaN,NaN,NaN,NaN,NaN,NaN,NaN,NaN,NaN,NaN,NaN,NaN,NaN,NaN,NaN,NaN,NaN,NaN,0.809,3.066,1,NaN,NaN,NaN,NaN,NaN,NaN,1049
KeyMultiModi,48,4595,6,3,4,NaN,2,NaN,1,Y,CMD + Shift,1.074,NaN,1.535,3.788,NaN,NaN,NaN,NaN,NaN,NaN,NaN,NaN,NaN,NaN,NaN,NaN,NaN,NaN,NaN,NaN,NaN,NaN,0.639,3.788,2,NaN,NaN,NaN,NaN,NaN,NaN,479
KeyMultiModi,48,4596,6,4,2,NaN,3,NaN,1,A,CMD + Option + Shift,1.247,1.41,1.564,2.361,NaN,NaN,NaN,NaN,NaN,NaN,NaN,NaN,NaN,NaN,NaN,NaN,NaN,NaN,NaN,NaN,NaN,NaN,0.804,2.361,1,NaN,NaN,NaN,NaN,NaN,NaN,1012
KeyMultiModi,48,4597,6,5,3,NaN,0,NaN,1,I,,NaN,NaN,NaN,1.133,NaN,NaN,NaN,NaN,NaN,NaN,NaN,NaN,NaN,NaN,NaN,NaN,NaN,NaN,NaN,NaN,NaN,NaN,0.701,1.133,1,NaN,NaN,NaN,NaN,NaN,NaN,328
KeyMultiModi,48,4598,6,6,3,NaN,2,NaN,1,Y,CMD + Shift,1.079,NaN,1.114,2.624,NaN,NaN,NaN,NaN,NaN,NaN,NaN,NaN,NaN,NaN,NaN,NaN,NaN,NaN,NaN,NaN,NaN,NaN,0.582,2.624,1,NaN,NaN,NaN,NaN,NaN,NaN,739
KeyMultiModi,48,4599,6,7,1,NaN,1,NaN,1,B,CMD,1.388,NaN,NaN,1.558,NaN,NaN,NaN,NaN,NaN,NaN,NaN,NaN,NaN,NaN,NaN,NaN,NaN,NaN,NaN,NaN,NaN,NaN,0.926,1.558,1,NaN,NaN,NaN,NaN,NaN,NaN,1115
KeyMultiModi,48,4600,6,8,4,NaN,3,NaN,1,A,CMD + Option + Shift,1.097,1.098,1.233,1.449,NaN,NaN,NaN,NaN,NaN,NaN,NaN,NaN,NaN,NaN,NaN,NaN,NaN,NaN,NaN,NaN,NaN,NaN,0.642,1.449,1,NaN,NaN,NaN,NaN,NaN,NaN,599
KeyMultiModi,48,4601,6,9,1,NaN,3,NaN,1,A,CMD + Option + Shift,1.37,1.358,1.453,1.839,NaN,NaN,NaN,NaN,NaN,NaN,NaN,NaN,NaN,NaN,NaN,NaN,NaN,NaN,NaN,NaN,NaN,NaN,0.883,1.839,1,NaN,NaN,NaN,NaN,NaN,NaN,871
KeyMultiModi,48,4602,6,10,2,NaN,2,NaN,1,Y,CMD + Shift,1.073,NaN,1.09,1.798,NaN,NaN,NaN,NaN,NaN,NaN,NaN,NaN,NaN,NaN,NaN,NaN,NaN,NaN,NaN,NaN,NaN,NaN,0.613,1.798,1,NaN,NaN,NaN,NaN,NaN,NaN,673
KeyMultiModi,48,4603,6,11,3,NaN,3,NaN,1,A,CMD + Option + Shift,1.188,1.021,1.239,1.506,NaN,NaN,NaN,NaN,NaN,NaN,NaN,NaN,NaN,NaN,NaN,NaN,NaN,NaN,NaN,NaN,NaN,NaN,0.653,1.506,1,NaN,NaN,NaN,NaN,NaN,NaN,482
KeyMultiModi,48,4604,6,12,4,NaN,0,NaN,1,K,,NaN,NaN,NaN,0.904,NaN,NaN,NaN,NaN,NaN,NaN,NaN,NaN,NaN,NaN,NaN,NaN,NaN,NaN,NaN,NaN,NaN,NaN,0.539,0.904,1,NaN,NaN,NaN,NaN,NaN,NaN,538
KeyMultiModi,48,4605,6,13,1,NaN,2,NaN,1,Y,CMD + Shift,1.542,NaN,1.883,2.403,NaN,NaN,NaN,NaN,NaN,NaN,NaN,NaN,NaN,NaN,NaN,NaN,NaN,NaN,NaN,NaN,NaN,NaN,1.156,3.67,2,NaN,NaN,NaN,NaN,NaN,NaN,385
KeyMultiModi,48,4606,6,14,3,NaN,1,NaN,1,B,CMD,1.357,NaN,NaN,1.503,NaN,NaN,NaN,NaN,NaN,NaN,NaN,NaN,NaN,NaN,NaN,NaN,NaN,NaN,NaN,NaN,NaN,NaN,0.746,1.503,1,NaN,NaN,NaN,NaN,NaN,NaN,552
KeyMultiModi,48,4607,6,15,1,NaN,0,NaN,1,X,,NaN,NaN,NaN,2.013,NaN,NaN,NaN,NaN,NaN,NaN,NaN,NaN,NaN,NaN,NaN,NaN,NaN,NaN,NaN,NaN,NaN,NaN,0.773,2.013,1,NaN,NaN,NaN,NaN,NaN,NaN,697
KeyMultiModi,48,4608,6,16,2,NaN,0,NaN,1,K,,NaN,NaN,NaN,1.587,NaN,NaN,NaN,NaN,NaN,NaN,NaN,NaN,NaN,NaN,NaN,NaN,NaN,NaN,NaN,NaN,NaN,NaN,1.117,1.587,1,NaN,NaN,NaN,NaN,NaN,NaN,219
