DesignName,ParticipantID,TrialID,Block1,Block2,Block,Dir,Size,NbDraw,NbAngle
1DrawMultiAngle,1,1,1,1,1,N_E,4,1,1
1DrawMultiAngle,1,2,1,2,1,NE_SE,1,1,1
1DrawMultiAngle,1,3,1,3,1,S_W,3,1,1
1DrawMultiAngle,1,4,1,4,1,NE_SE,3,1,1
1DrawMultiAngle,1,5,1,5,1,NE_SE,3,1,2
1DrawMultiAngle,1,6,1,6,1,SW_NW,1,1,1
1DrawMultiAngle,1,7,1,7,1,SW_NW,3,1,2
1DrawMultiAngle,1,8,1,8,1,SW_NW,2,1,2
1DrawMultiAngle,1,9,1,9,1,SW_NW,4,1,2
1DrawMultiAngle,1,10,1,10,1,S_W,2,1,1
1DrawMultiAngle,1,11,1,11,1,NE_SE,2,1,1
1DrawMultiAngle,1,12,1,12,1,N_E,3,1,1
1DrawMultiAngle,1,13,1,13,1,S_W,1,1,2
1DrawMultiAngle,1,14,1,14,1,NE_SE,4,1,2
1DrawMultiAngle,1,15,1,15,1,N_E,1,1,2
1DrawMultiAngle,1,16,1,16,1,N_E,2,1,1
1DrawMultiAngle,1,17,1,17,1,S_W,1,1,1
1DrawMultiAngle,1,18,1,18,1,S_W,4,1,1
1DrawMultiAngle,1,19,1,19,1,S_W,4,1,2
1DrawMultiAngle,1,20,1,20,1,N_E,2,1,2
1DrawMultiAngle,1,21,1,21,1,NE_SE,1,1,2
1DrawMultiAngle,1,22,1,22,1,NE_SE,2,1,2
1DrawMultiAngle,1,23,1,23,1,N_E,3,1,2
1DrawMultiAngle,1,24,1,24,1,N_E,4,1,2
1DrawMultiAngle,1,25,1,25,1,SW_NW,2,1,1
1DrawMultiAngle,1,26,1,26,1,SW_NW,4,1,1
1DrawMultiAngle,1,27,1,27,1,S_W,2,1,2
1DrawMultiAngle,1,28,1,28,1,N_E,1,1,1
1DrawMultiAngle,1,29,1,29,1,NE_SE,4,1,1
1DrawMultiAngle,1,30,1,30,1,SW_NW,1,1,2
1DrawMultiAngle,1,31,1,31,1,SW_NW,3,1,1
1DrawMultiAngle,1,32,1,32,1,S_W,3,1,2
1DrawMultiAngle,1,33,2,1,2,N_E,4,1,1
1DrawMultiAngle,1,34,2,2,2,NE_SE,1,1,1
1DrawMultiAngle,1,35,2,3,2,S_W,3,1,1
1DrawMultiAngle,1,36,2,4,2,NE_SE,3,1,1
1DrawMultiAngle,1,37,2,5,2,NE_SE,3,1,2
1DrawMultiAngle,1,38,2,6,2,SW_NW,1,1,1
1DrawMultiAngle,1,39,2,7,2,SW_NW,3,1,2
1DrawMultiAngle,1,40,2,8,2,SW_NW,2,1,2
1DrawMultiAngle,1,41,2,9,2,SW_NW,4,1,2
1DrawMultiAngle,1,42,2,10,2,S_W,2,1,1
1DrawMultiAngle,1,43,2,11,2,NE_SE,2,1,1
1DrawMultiAngle,1,44,2,12,2,N_E,3,1,1
1DrawMultiAngle,1,45,2,13,2,S_W,1,1,2
1DrawMultiAngle,1,46,2,14,2,NE_SE,4,1,2
1DrawMultiAngle,1,47,2,15,2,N_E,1,1,2
1DrawMultiAngle,1,48,2,16,2,N_E,2,1,1
1DrawMultiAngle,1,49,2,17,2,S_W,1,1,1
1DrawMultiAngle,1,50,2,18,2,S_W,4,1,1
1DrawMultiAngle,1,51,2,19,2,S_W,4,1,2
1DrawMultiAngle,1,52,2,20,2,N_E,2,1,2
1DrawMultiAngle,1,53,2,21,2,NE_SE,1,1,2
1DrawMultiAngle,1,54,2,22,2,NE_SE,2,1,2
1DrawMultiAngle,1,55,2,23,2,N_E,3,1,2
1DrawMultiAngle,1,56,2,24,2,N_E,4,1,2
1DrawMultiAngle,1,57,2,25,2,SW_NW,2,1,1
1DrawMultiAngle,1,58,2,26,2,SW_NW,4,1,1
1DrawMultiAngle,1,59,2,27,2,S_W,2,1,2
1DrawMultiAngle,1,60,2,28,2,N_E,1,1,1
1DrawMultiAngle,1,61,2,29,2,NE_SE,4,1,1
1DrawMultiAngle,1,62,2,30,2,SW_NW,1,1,2
1DrawMultiAngle,1,63,2,31,2,SW_NW,3,1,1
1DrawMultiAngle,1,64,2,32,2,S_W,3,1,2
1DrawMultiAngle,1,65,3,1,3,N_E,4,1,1
1DrawMultiAngle,1,66,3,2,3,NE_SE,1,1,1
1DrawMultiAngle,1,67,3,3,3,S_W,3,1,1
1DrawMultiAngle,1,68,3,4,3,NE_SE,3,1,1
1DrawMultiAngle,1,69,3,5,3,NE_SE,3,1,2
1DrawMultiAngle,1,70,3,6,3,SW_NW,1,1,1
1DrawMultiAngle,1,71,3,7,3,SW_NW,3,1,2
1DrawMultiAngle,1,72,3,8,3,SW_NW,2,1,2
1DrawMultiAngle,1,73,3,9,3,SW_NW,4,1,2
1DrawMultiAngle,1,74,3,10,3,S_W,2,1,1
1DrawMultiAngle,1,75,3,11,3,NE_SE,2,1,1
1DrawMultiAngle,1,76,3,12,3,N_E,3,1,1
1DrawMultiAngle,1,77,3,13,3,S_W,1,1,2
1DrawMultiAngle,1,78,3,14,3,NE_SE,4,1,2
1DrawMultiAngle,1,79,3,15,3,N_E,1,1,2
1DrawMultiAngle,1,80,3,16,3,N_E,2,1,1
1DrawMultiAngle,1,81,3,17,3,S_W,1,1,1
1DrawMultiAngle,1,82,3,18,3,S_W,4,1,1
1DrawMultiAngle,1,83,3,19,3,S_W,4,1,2
1DrawMultiAngle,1,84,3,20,3,N_E,2,1,2
1DrawMultiAngle,1,85,3,21,3,NE_SE,1,1,2
1DrawMultiAngle,1,86,3,22,3,NE_SE,2,1,2
1DrawMultiAngle,1,87,3,23,3,N_E,3,1,2
1DrawMultiAngle,1,88,3,24,3,N_E,4,1,2
1DrawMultiAngle,1,89,3,25,3,SW_NW,2,1,1
1DrawMultiAngle,1,90,3,26,3,SW_NW,4,1,1
1DrawMultiAngle,1,91,3,27,3,S_W,2,1,2
1DrawMultiAngle,1,92,3,28,3,N_E,1,1,1
1DrawMultiAngle,1,93,3,29,3,NE_SE,4,1,1
1DrawMultiAngle,1,94,3,30,3,SW_NW,1,1,2
1DrawMultiAngle,1,95,3,31,3,SW_NW,3,1,1
1DrawMultiAngle,1,96,3,32,3,S_W,3,1,2
1DrawMultiAngle,2,97,1,1,1,N_E,4,1,2
1DrawMultiAngle,2,98,1,2,1,NE_SE,1,1,2
1DrawMultiAngle,2,99,1,3,1,S_W,3,1,2
1DrawMultiAngle,2,100,1,4,1,NE_SE,3,1,2
1DrawMultiAngle,2,101,1,5,1,NE_SE,4,1,1
1DrawMultiAngle,2,102,1,6,1,SW_NW,1,1,2
1DrawMultiAngle,2,103,1,7,1,SW_NW,4,1,1
1DrawMultiAngle,2,104,1,8,1,SW_NW,3,1,1
1DrawMultiAngle,2,105,1,9,1,N_E,1,1,1
1DrawMultiAngle,2,106,1,10,1,S_W,2,1,2
1DrawMultiAngle,2,107,1,11,1,NE_SE,2,1,2
1DrawMultiAngle,2,108,1,12,1,N_E,3,1,2
1DrawMultiAngle,2,109,1,13,1,S_W,2,1,1
1DrawMultiAngle,2,110,1,14,1,SW_NW,1,1,1
1DrawMultiAngle,2,111,1,15,1,N_E,2,1,1
1DrawMultiAngle,2,112,1,16,1,N_E,2,1,2
1DrawMultiAngle,2,113,1,17,1,S_W,1,1,2
1DrawMultiAngle,2,114,1,18,1,S_W,4,1,2
1DrawMultiAngle,2,115,1,19,1,NE_SE,1,1,1
1DrawMultiAngle,2,116,1,20,1,N_E,3,1,1
1DrawMultiAngle,2,117,1,21,1,NE_SE,2,1,1
1DrawMultiAngle,2,118,1,22,1,NE_SE,3,1,1
1DrawMultiAngle,2,119,1,23,1,N_E,4,1,1
1DrawMultiAngle,2,120,1,24,1,S_W,1,1,1
1DrawMultiAngle,2,121,1,25,1,SW_NW,2,1,2
1DrawMultiAngle,2,122,1,26,1,SW_NW,4,1,2
1DrawMultiAngle,2,123,1,27,1,S_W,3,1,1
1DrawMultiAngle,2,124,1,28,1,N_E,1,1,2
1DrawMultiAngle,2,125,1,29,1,NE_SE,4,1,2
1DrawMultiAngle,2,126,1,30,1,SW_NW,2,1,1
1DrawMultiAngle,2,127,1,31,1,SW_NW,3,1,2
1DrawMultiAngle,2,128,1,32,1,S_W,4,1,1
1DrawMultiAngle,2,129,2,1,2,N_E,4,1,2
1DrawMultiAngle,2,130,2,2,2,NE_SE,1,1,2
1DrawMultiAngle,2,131,2,3,2,S_W,3,1,2
1DrawMultiAngle,2,132,2,4,2,NE_SE,3,1,2
1DrawMultiAngle,2,133,2,5,2,NE_SE,4,1,1
1DrawMultiAngle,2,134,2,6,2,SW_NW,1,1,2
1DrawMultiAngle,2,135,2,7,2,SW_NW,4,1,1
1DrawMultiAngle,2,136,2,8,2,SW_NW,3,1,1
1DrawMultiAngle,2,137,2,9,2,N_E,1,1,1
1DrawMultiAngle,2,138,2,10,2,S_W,2,1,2
1DrawMultiAngle,2,139,2,11,2,NE_SE,2,1,2
1DrawMultiAngle,2,140,2,12,2,N_E,3,1,2
1DrawMultiAngle,2,141,2,13,2,S_W,2,1,1
1DrawMultiAngle,2,142,2,14,2,SW_NW,1,1,1
1DrawMultiAngle,2,143,2,15,2,N_E,2,1,1
1DrawMultiAngle,2,144,2,16,2,N_E,2,1,2
1DrawMultiAngle,2,145,2,17,2,S_W,1,1,2
1DrawMultiAngle,2,146,2,18,2,S_W,4,1,2
1DrawMultiAngle,2,147,2,19,2,NE_SE,1,1,1
1DrawMultiAngle,2,148,2,20,2,N_E,3,1,1
1DrawMultiAngle,2,149,2,21,2,NE_SE,2,1,1
1DrawMultiAngle,2,150,2,22,2,NE_SE,3,1,1
1DrawMultiAngle,2,151,2,23,2,N_E,4,1,1
1DrawMultiAngle,2,152,2,24,2,S_W,1,1,1
1DrawMultiAngle,2,153,2,25,2,SW_NW,2,1,2
1DrawMultiAngle,2,154,2,26,2,SW_NW,4,1,2
1DrawMultiAngle,2,155,2,27,2,S_W,3,1,1
1DrawMultiAngle,2,156,2,28,2,N_E,1,1,2
1DrawMultiAngle,2,157,2,29,2,NE_SE,4,1,2
1DrawMultiAngle,2,158,2,30,2,SW_NW,2,1,1
1DrawMultiAngle,2,159,2,31,2,SW_NW,3,1,2
1DrawMultiAngle,2,160,2,32,2,S_W,4,1,1
1DrawMultiAngle,2,161,3,1,3,N_E,4,1,2
1DrawMultiAngle,2,162,3,2,3,NE_SE,1,1,2
1DrawMultiAngle,2,163,3,3,3,S_W,3,1,2
1DrawMultiAngle,2,164,3,4,3,NE_SE,3,1,2
1DrawMultiAngle,2,165,3,5,3,NE_SE,4,1,1
1DrawMultiAngle,2,166,3,6,3,SW_NW,1,1,2
1DrawMultiAngle,2,167,3,7,3,SW_NW,4,1,1
1DrawMultiAngle,2,168,3,8,3,SW_NW,3,1,1
1DrawMultiAngle,2,169,3,9,3,N_E,1,1,1
1DrawMultiAngle,2,170,3,10,3,S_W,2,1,2
1DrawMultiAngle,2,171,3,11,3,NE_SE,2,1,2
1DrawMultiAngle,2,172,3,12,3,N_E,3,1,2
1DrawMultiAngle,2,173,3,13,3,S_W,2,1,1
1DrawMultiAngle,2,174,3,14,3,SW_NW,1,1,1
1DrawMultiAngle,2,175,3,15,3,N_E,2,1,1
1DrawMultiAngle,2,176,3,16,3,N_E,2,1,2
1DrawMultiAngle,2,177,3,17,3,S_W,1,1,2
1DrawMultiAngle,2,178,3,18,3,S_W,4,1,2
1DrawMultiAngle,2,179,3,19,3,NE_SE,1,1,1
1DrawMultiAngle,2,180,3,20,3,N_E,3,1,1
1DrawMultiAngle,2,181,3,21,3,NE_SE,2,1,1
1DrawMultiAngle,2,182,3,22,3,NE_SE,3,1,1
1DrawMultiAngle,2,183,3,23,3,N_E,4,1,1
1DrawMultiAngle,2,184,3,24,3,S_W,1,1,1
1DrawMultiAngle,2,185,3,25,3,SW_NW,2,1,2
1DrawMultiAngle,2,186,3,26,3,SW_NW,4,1,2
1DrawMultiAngle,2,187,3,27,3,S_W,3,1,1
1DrawMultiAngle,2,188,3,28,3,N_E,1,1,2
1DrawMultiAngle,2,189,3,29,3,NE_SE,4,1,2
1DrawMultiAngle,2,190,3,30,3,SW_NW,2,1,1
1DrawMultiAngle,2,191,3,31,3,SW_NW,3,1,2
1DrawMultiAngle,2,192,3,32,3,S_W,4,1,1
1DrawMultiAngle,3,193,1,1,1,S_W,1,1,1
1DrawMultiAngle,3,194,1,2,1,NE_SE,2,1,1
1DrawMultiAngle,3,195,1,3,1,S_W,4,1,1
1DrawMultiAngle,3,196,1,4,1,NE_SE,4,1,1
1DrawMultiAngle,3,197,1,5,1,NE_SE,4,1,2
1DrawMultiAngle,3,198,1,6,1,SW_NW,2,1,1
1DrawMultiAngle,3,199,1,7,1,SW_NW,4,1,2
1DrawMultiAngle,3,200,1,8,1,SW_NW,3,1,2
1DrawMultiAngle,3,201,1,9,1,N_E,1,1,2
1DrawMultiAngle,3,202,1,10,1,S_W,3,1,1
1DrawMultiAngle,3,203,1,11,1,NE_SE,3,1,1
1DrawMultiAngle,3,204,1,12,1,N_E,4,1,1
1DrawMultiAngle,3,205,1,13,1,S_W,2,1,2
1DrawMultiAngle,3,206,1,14,1,SW_NW,1,1,2
1DrawMultiAngle,3,207,1,15,1,N_E,2,1,2
1DrawMultiAngle,3,208,1,16,1,N_E,3,1,1
1DrawMultiAngle,3,209,1,17,1,S_W,2,1,1
1DrawMultiAngle,3,210,1,18,1,NE_SE,1,1,1
1DrawMultiAngle,3,211,1,19,1,NE_SE,1,1,2
1DrawMultiAngle,3,212,1,20,1,N_E,3,1,2
1DrawMultiAngle,3,213,1,21,1,NE_SE,2,1,2
1DrawMultiAngle,3,214,1,22,1,NE_SE,3,1,2
1DrawMultiAngle,3,215,1,23,1,N_E,4,1,2
1DrawMultiAngle,3,216,1,24,1,S_W,1,1,2
1DrawMultiAngle,3,217,1,25,1,SW_NW,3,1,1
1DrawMultiAngle,3,218,1,26,1,N_E,1,1,1
1DrawMultiAngle,3,219,1,27,1,S_W,3,1,2
1DrawMultiAngle,3,220,1,28,1,N_E,2,1,1
1DrawMultiAngle,3,221,1,29,1,SW_NW,1,1,1
1DrawMultiAngle,3,222,1,30,1,SW_NW,2,1,2
1DrawMultiAngle,3,223,1,31,1,SW_NW,4,1,1
1DrawMultiAngle,3,224,1,32,1,S_W,4,1,2
1DrawMultiAngle,3,225,2,1,2,S_W,1,1,1
1DrawMultiAngle,3,226,2,2,2,NE_SE,2,1,1
1DrawMultiAngle,3,227,2,3,2,S_W,4,1,1
1DrawMultiAngle,3,228,2,4,2,NE_SE,4,1,1
1DrawMultiAngle,3,229,2,5,2,NE_SE,4,1,2
1DrawMultiAngle,3,230,2,6,2,SW_NW,2,1,1
1DrawMultiAngle,3,231,2,7,2,SW_NW,4,1,2
1DrawMultiAngle,3,232,2,8,2,SW_NW,3,1,2
1DrawMultiAngle,3,233,2,9,2,N_E,1,1,2
1DrawMultiAngle,3,234,2,10,2,S_W,3,1,1
1DrawMultiAngle,3,235,2,11,2,NE_SE,3,1,1
1DrawMultiAngle,3,236,2,12,2,N_E,4,1,1
1DrawMultiAngle,3,237,2,13,2,S_W,2,1,2
1DrawMultiAngle,3,238,2,14,2,SW_NW,1,1,2
1DrawMultiAngle,3,239,2,15,2,N_E,2,1,2
1DrawMultiAngle,3,240,2,16,2,N_E,3,1,1
1DrawMultiAngle,3,241,2,17,2,S_W,2,1,1
1DrawMultiAngle,3,242,2,18,2,NE_SE,1,1,1
1DrawMultiAngle,3,243,2,19,2,NE_SE,1,1,2
1DrawMultiAngle,3,244,2,20,2,N_E,3,1,2
1DrawMultiAngle,3,245,2,21,2,NE_SE,2,1,2
1DrawMultiAngle,3,246,2,22,2,NE_SE,3,1,2
1DrawMultiAngle,3,247,2,23,2,N_E,4,1,2
1DrawMultiAngle,3,248,2,24,2,S_W,1,1,2
1DrawMultiAngle,3,249,2,25,2,SW_NW,3,1,1
1DrawMultiAngle,3,250,2,26,2,N_E,1,1,1
1DrawMultiAngle,3,251,2,27,2,S_W,3,1,2
1DrawMultiAngle,3,252,2,28,2,N_E,2,1,1
1DrawMultiAngle,3,253,2,29,2,SW_NW,1,1,1
1DrawMultiAngle,3,254,2,30,2,SW_NW,2,1,2
1DrawMultiAngle,3,255,2,31,2,SW_NW,4,1,1
1DrawMultiAngle,3,256,2,32,2,S_W,4,1,2
1DrawMultiAngle,3,257,3,1,3,S_W,1,1,1
1DrawMultiAngle,3,258,3,2,3,NE_SE,2,1,1
1DrawMultiAngle,3,259,3,3,3,S_W,4,1,1
1DrawMultiAngle,3,260,3,4,3,NE_SE,4,1,1
1DrawMultiAngle,3,261,3,5,3,NE_SE,4,1,2
1DrawMultiAngle,3,262,3,6,3,SW_NW,2,1,1
1DrawMultiAngle,3,263,3,7,3,SW_NW,4,1,2
1DrawMultiAngle,3,264,3,8,3,SW_NW,3,1,2
1DrawMultiAngle,3,265,3,9,3,N_E,1,1,2
1DrawMultiAngle,3,266,3,10,3,S_W,3,1,1
1DrawMultiAngle,3,267,3,11,3,NE_SE,3,1,1
1DrawMultiAngle,3,268,3,12,3,N_E,4,1,1
1DrawMultiAngle,3,269,3,13,3,S_W,2,1,2
1DrawMultiAngle,3,270,3,14,3,SW_NW,1,1,2
1DrawMultiAngle,3,271,3,15,3,N_E,2,1,2
1DrawMultiAngle,3,272,3,16,3,N_E,3,1,1
1DrawMultiAngle,3,273,3,17,3,S_W,2,1,1
1DrawMultiAngle,3,274,3,18,3,NE_SE,1,1,1
1DrawMultiAngle,3,275,3,19,3,NE_SE,1,1,2
1DrawMultiAngle,3,276,3,20,3,N_E,3,1,2
1DrawMultiAngle,3,277,3,21,3,NE_SE,2,1,2
1DrawMultiAngle,3,278,3,22,3,NE_SE,3,1,2
1DrawMultiAngle,3,279,3,23,3,N_E,4,1,2
1DrawMultiAngle,3,280,3,24,3,S_W,1,1,2
1DrawMultiAngle,3,281,3,25,3,SW_NW,3,1,1
1DrawMultiAngle,3,282,3,26,3,N_E,1,1,1
1DrawMultiAngle,3,283,3,27,3,S_W,3,1,2
1DrawMultiAngle,3,284,3,28,3,N_E,2,1,1
1DrawMultiAngle,3,285,3,29,3,SW_NW,1,1,1
1DrawMultiAngle,3,286,3,30,3,SW_NW,2,1,2
1DrawMultiAngle,3,287,3,31,3,SW_NW,4,1,1
1DrawMultiAngle,3,288,3,32,3,S_W,4,1,2
1DrawMultiAngle,4,289,1,1,1,S_W,1,1,2
1DrawMultiAngle,4,290,1,2,1,NE_SE,2,1,2
1DrawMultiAngle,4,291,1,3,1,S_W,4,1,2
1DrawMultiAngle,4,292,1,4,1,NE_SE,4,1,2
1DrawMultiAngle,4,293,1,5,1,SW_NW,1,1,1
1DrawMultiAngle,4,294,1,6,1,SW_NW,2,1,2
1DrawMultiAngle,4,295,1,7,1,N_E,1,1,1
1DrawMultiAngle,4,296,1,8,1,SW_NW,4,1,1
1DrawMultiAngle,4,297,1,9,1,N_E,2,1,1
1DrawMultiAngle,4,298,1,10,1,S_W,3,1,2
1DrawMultiAngle,4,299,1,11,1,NE_SE,3,1,2
1DrawMultiAngle,4,300,1,12,1,N_E,4,1,2
1DrawMultiAngle,4,301,1,13,1,S_W,3,1,1
1DrawMultiAngle,4,302,1,14,1,SW_NW,2,1,1
1DrawMultiAngle,4,303,1,15,1,N_E,3,1,1
1DrawMultiAngle,4,304,1,16,1,N_E,3,1,2
1DrawMultiAngle,4,305,1,17,1,S_W,2,1,2
1DrawMultiAngle,4,306,1,18,1,NE_SE,1,1,2
1DrawMultiAngle,4,307,1,19,1,NE_SE,2,1,1
1DrawMultiAngle,4,308,1,20,1,N_E,4,1,1
1DrawMultiAngle,4,309,1,21,1,NE_SE,3,1,1
1DrawMultiAngle,4,310,1,22,1,NE_SE,4,1,1
1DrawMultiAngle,4,311,1,23,1,S_W,1,1,1
1DrawMultiAngle,4,312,1,24,1,S_W,2,1,1
1DrawMultiAngle,4,313,1,25,1,SW_NW,3,1,2
1DrawMultiAngle,4,314,1,26,1,N_E,1,1,2
1DrawMultiAngle,4,315,1,27,1,S_W,4,1,1
1DrawMultiAngle,4,316,1,28,1,N_E,2,1,2
1DrawMultiAngle,4,317,1,29,1,SW_NW,1,1,2
1DrawMultiAngle,4,318,1,30,1,SW_NW,3,1,1
1DrawMultiAngle,4,319,1,31,1,SW_NW,4,1,2
1DrawMultiAngle,4,320,1,32,1,NE_SE,1,1,1
1DrawMultiAngle,4,321,2,1,2,S_W,1,1,2
1DrawMultiAngle,4,322,2,2,2,NE_SE,2,1,2
1DrawMultiAngle,4,323,2,3,2,S_W,4,1,2
1DrawMultiAngle,4,324,2,4,2,NE_SE,4,1,2
1DrawMultiAngle,4,325,2,5,2,SW_NW,1,1,1
1DrawMultiAngle,4,326,2,6,2,SW_NW,2,1,2
1DrawMultiAngle,4,327,2,7,2,N_E,1,1,1
1DrawMultiAngle,4,328,2,8,2,SW_NW,4,1,1
1DrawMultiAngle,4,329,2,9,2,N_E,2,1,1
1DrawMultiAngle,4,330,2,10,2,S_W,3,1,2
1DrawMultiAngle,4,331,2,11,2,NE_SE,3,1,2
1DrawMultiAngle,4,332,2,12,2,N_E,4,1,2
1DrawMultiAngle,4,333,2,13,2,S_W,3,1,1
1DrawMultiAngle,4,334,2,14,2,SW_NW,2,1,1
1DrawMultiAngle,4,335,2,15,2,N_E,3,1,1
1DrawMultiAngle,4,336,2,16,2,N_E,3,1,2
1DrawMultiAngle,4,337,2,17,2,S_W,2,1,2
1DrawMultiAngle,4,338,2,18,2,NE_SE,1,1,2
1DrawMultiAngle,4,339,2,19,2,NE_SE,2,1,1
1DrawMultiAngle,4,340,2,20,2,N_E,4,1,1
1DrawMultiAngle,4,341,2,21,2,NE_SE,3,1,1
1DrawMultiAngle,4,342,2,22,2,NE_SE,4,1,1
1DrawMultiAngle,4,343,2,23,2,S_W,1,1,1
1DrawMultiAngle,4,344,2,24,2,S_W,2,1,1
1DrawMultiAngle,4,345,2,25,2,SW_NW,3,1,2
1DrawMultiAngle,4,346,2,26,2,N_E,1,1,2
1DrawMultiAngle,4,347,2,27,2,S_W,4,1,1
1DrawMultiAngle,4,348,2,28,2,N_E,2,1,2
1DrawMultiAngle,4,349,2,29,2,SW_NW,1,1,2
1DrawMultiAngle,4,350,2,30,2,SW_NW,3,1,1
1DrawMultiAngle,4,351,2,31,2,SW_NW,4,1,2
1DrawMultiAngle,4,352,2,32,2,NE_SE,1,1,1
1DrawMultiAngle,4,353,3,1,3,S_W,1,1,2
1DrawMultiAngle,4,354,3,2,3,NE_SE,2,1,2
1DrawMultiAngle,4,355,3,3,3,S_W,4,1,2
1DrawMultiAngle,4,356,3,4,3,NE_SE,4,1,2
1DrawMultiAngle,4,357,3,5,3,SW_NW,1,1,1
1DrawMultiAngle,4,358,3,6,3,SW_NW,2,1,2
1DrawMultiAngle,4,359,3,7,3,N_E,1,1,1
1DrawMultiAngle,4,360,3,8,3,SW_NW,4,1,1
1DrawMultiAngle,4,361,3,9,3,N_E,2,1,1
1DrawMultiAngle,4,362,3,10,3,S_W,3,1,2
1DrawMultiAngle,4,363,3,11,3,NE_SE,3,1,2
1DrawMultiAngle,4,364,3,12,3,N_E,4,1,2
1DrawMultiAngle,4,365,3,13,3,S_W,3,1,1
1DrawMultiAngle,4,366,3,14,3,SW_NW,2,1,1
1DrawMultiAngle,4,367,3,15,3,N_E,3,1,1
1DrawMultiAngle,4,368,3,16,3,N_E,3,1,2
1DrawMultiAngle,4,369,3,17,3,S_W,2,1,2
1DrawMultiAngle,4,370,3,18,3,NE_SE,1,1,2
1DrawMultiAngle,4,371,3,19,3,NE_SE,2,1,1
1DrawMultiAngle,4,372,3,20,3,N_E,4,1,1
1DrawMultiAngle,4,373,3,21,3,NE_SE,3,1,1
1DrawMultiAngle,4,374,3,22,3,NE_SE,4,1,1
1DrawMultiAngle,4,375,3,23,3,S_W,1,1,1
1DrawMultiAngle,4,376,3,24,3,S_W,2,1,1
1DrawMultiAngle,4,377,3,25,3,SW_NW,3,1,2
1DrawMultiAngle,4,378,3,26,3,N_E,1,1,2
1DrawMultiAngle,4,379,3,27,3,S_W,4,1,1
1DrawMultiAngle,4,380,3,28,3,N_E,2,1,2
1DrawMultiAngle,4,381,3,29,3,SW_NW,1,1,2
1DrawMultiAngle,4,382,3,30,3,SW_NW,3,1,1
1DrawMultiAngle,4,383,3,31,3,SW_NW,4,1,2
1DrawMultiAngle,4,384,3,32,3,NE_SE,1,1,1
1DrawMultiAngle,5,385,1,1,1,S_W,2,1,1
1DrawMultiAngle,5,386,1,2,1,NE_SE,3,1,1
1DrawMultiAngle,5,387,1,3,1,NE_SE,1,1,1
1DrawMultiAngle,5,388,1,4,1,SW_NW,1,1,1
1DrawMultiAngle,5,389,1,5,1,SW_NW,1,1,2
1DrawMultiAngle,5,390,1,6,1,SW_NW,3,1,1
1DrawMultiAngle,5,391,1,7,1,N_E,1,1,2
1DrawMultiAngle,5,392,1,8,1,SW_NW,4,1,2
1DrawMultiAngle,5,393,1,9,1,N_E,2,1,2
1DrawMultiAngle,5,394,1,10,1,S_W,4,1,1
1DrawMultiAngle,5,395,1,11,1,NE_SE,4,1,1
1DrawMultiAngle,5,396,1,12,1,S_W,1,1,1
1DrawMultiAngle,5,397,1,13,1,S_W,3,1,2
1DrawMultiAngle,5,398,1,14,1,SW_NW,2,1,2
1DrawMultiAngle,5,399,1,15,1,N_E,3,1,2
1DrawMultiAngle,5,400,1,16,1,N_E,4,1,1
1DrawMultiAngle,5,401,1,17,1,S_W,3,1,1
1DrawMultiAngle,5,402,1,18,1,NE_SE,2,1,1
1DrawMultiAngle,5,403,1,19,1,NE_SE,2,1,2
1DrawMultiAngle,5,404,1,20,1,N_E,4,1,2
1DrawMultiAngle,5,405,1,21,1,NE_SE,3,1,2
1DrawMultiAngle,5,406,1,22,1,NE_SE,4,1,2
1DrawMultiAngle,5,407,1,23,1,S_W,1,1,2
1DrawMultiAngle,5,408,1,24,1,S_W,2,1,2
1DrawMultiAngle,5,409,1,25,1,SW_NW,4,1,1
1DrawMultiAngle,5,410,1,26,1,N_E,2,1,1
1DrawMultiAngle,5,411,1,27,1,S_W,4,1,2
1DrawMultiAngle,5,412,1,28,1,N_E,3,1,1
1DrawMultiAngle,5,413,1,29,1,SW_NW,2,1,1
1DrawMultiAngle,5,414,1,30,1,SW_NW,3,1,2
1DrawMultiAngle,5,415,1,31,1,N_E,1,1,1
1DrawMultiAngle,5,416,1,32,1,NE_SE,1,1,2
1DrawMultiAngle,5,417,2,1,2,S_W,2,1,1
1DrawMultiAngle,5,418,2,2,2,NE_SE,3,1,1
1DrawMultiAngle,5,419,2,3,2,NE_SE,1,1,1
1DrawMultiAngle,5,420,2,4,2,SW_NW,1,1,1
1DrawMultiAngle,5,421,2,5,2,SW_NW,1,1,2
1DrawMultiAngle,5,422,2,6,2,SW_NW,3,1,1
1DrawMultiAngle,5,423,2,7,2,N_E,1,1,2
1DrawMultiAngle,5,424,2,8,2,SW_NW,4,1,2
1DrawMultiAngle,5,425,2,9,2,N_E,2,1,2
1DrawMultiAngle,5,426,2,10,2,S_W,4,1,1
1DrawMultiAngle,5,427,2,11,2,NE_SE,4,1,1
1DrawMultiAngle,5,428,2,12,2,S_W,1,1,1
1DrawMultiAngle,5,429,2,13,2,S_W,3,1,2
1DrawMultiAngle,5,430,2,14,2,SW_NW,2,1,2
1DrawMultiAngle,5,431,2,15,2,N_E,3,1,2
1DrawMultiAngle,5,432,2,16,2,N_E,4,1,1
1DrawMultiAngle,5,433,2,17,2,S_W,3,1,1
1DrawMultiAngle,5,434,2,18,2,NE_SE,2,1,1
1DrawMultiAngle,5,435,2,19,2,NE_SE,2,1,2
1DrawMultiAngle,5,436,2,20,2,N_E,4,1,2
1DrawMultiAngle,5,437,2,21,2,NE_SE,3,1,2
1DrawMultiAngle,5,438,2,22,2,NE_SE,4,1,2
1DrawMultiAngle,5,439,2,23,2,S_W,1,1,2
1DrawMultiAngle,5,440,2,24,2,S_W,2,1,2
1DrawMultiAngle,5,441,2,25,2,SW_NW,4,1,1
1DrawMultiAngle,5,442,2,26,2,N_E,2,1,1
1DrawMultiAngle,5,443,2,27,2,S_W,4,1,2
1DrawMultiAngle,5,444,2,28,2,N_E,3,1,1
1DrawMultiAngle,5,445,2,29,2,SW_NW,2,1,1
1DrawMultiAngle,5,446,2,30,2,SW_NW,3,1,2
1DrawMultiAngle,5,447,2,31,2,N_E,1,1,1
1DrawMultiAngle,5,448,2,32,2,NE_SE,1,1,2
1DrawMultiAngle,5,449,3,1,3,S_W,2,1,1
1DrawMultiAngle,5,450,3,2,3,NE_SE,3,1,1
1DrawMultiAngle,5,451,3,3,3,NE_SE,1,1,1
1DrawMultiAngle,5,452,3,4,3,SW_NW,1,1,1
1DrawMultiAngle,5,453,3,5,3,SW_NW,1,1,2
1DrawMultiAngle,5,454,3,6,3,SW_NW,3,1,1
1DrawMultiAngle,5,455,3,7,3,N_E,1,1,2
1DrawMultiAngle,5,456,3,8,3,SW_NW,4,1,2
1DrawMultiAngle,5,457,3,9,3,N_E,2,1,2
1DrawMultiAngle,5,458,3,10,3,S_W,4,1,1
1DrawMultiAngle,5,459,3,11,3,NE_SE,4,1,1
1DrawMultiAngle,5,460,3,12,3,S_W,1,1,1
1DrawMultiAngle,5,461,3,13,3,S_W,3,1,2
1DrawMultiAngle,5,462,3,14,3,SW_NW,2,1,2
1DrawMultiAngle,5,463,3,15,3,N_E,3,1,2
1DrawMultiAngle,5,464,3,16,3,N_E,4,1,1
1DrawMultiAngle,5,465,3,17,3,S_W,3,1,1
1DrawMultiAngle,5,466,3,18,3,NE_SE,2,1,1
1DrawMultiAngle,5,467,3,19,3,NE_SE,2,1,2
1DrawMultiAngle,5,468,3,20,3,N_E,4,1,2
1DrawMultiAngle,5,469,3,21,3,NE_SE,3,1,2
1DrawMultiAngle,5,470,3,22,3,NE_SE,4,1,2
1DrawMultiAngle,5,471,3,23,3,S_W,1,1,2
1DrawMultiAngle,5,472,3,24,3,S_W,2,1,2
1DrawMultiAngle,5,473,3,25,3,SW_NW,4,1,1
1DrawMultiAngle,5,474,3,26,3,N_E,2,1,1
1DrawMultiAngle,5,475,3,27,3,S_W,4,1,2
1DrawMultiAngle,5,476,3,28,3,N_E,3,1,1
1DrawMultiAngle,5,477,3,29,3,SW_NW,2,1,1
1DrawMultiAngle,5,478,3,30,3,SW_NW,3,1,2
1DrawMultiAngle,5,479,3,31,3,N_E,1,1,1
1DrawMultiAngle,5,480,3,32,3,NE_SE,1,1,2
1DrawMultiAngle,6,481,1,1,1,S_W,2,1,2
1DrawMultiAngle,6,482,1,2,1,NE_SE,3,1,2
1DrawMultiAngle,6,483,1,3,1,NE_SE,1,1,2
1DrawMultiAngle,6,484,1,4,1,SW_NW,1,1,2
1DrawMultiAngle,6,485,1,5,1,SW_NW,2,1,1
1DrawMultiAngle,6,486,1,6,1,SW_NW,3,1,2
1DrawMultiAngle,6,487,1,7,1,N_E,2,1,1
1DrawMultiAngle,6,488,1,8,1,N_E,1,1,1
1DrawMultiAngle,6,489,1,9,1,N_E,3,1,1
1DrawMultiAngle,6,490,1,10,1,S_W,4,1,2
1DrawMultiAngle,6,491,1,11,1,NE_SE,4,1,2
1DrawMultiAngle,6,492,1,12,1,S_W,1,1,2
1DrawMultiAngle,6,493,1,13,1,S_W,4,1,1
1DrawMultiAngle,6,494,1,14,1,SW_NW,3,1,1
1DrawMultiAngle,6,495,1,15,1,N_E,4,1,1
1DrawMultiAngle,6,496,1,16,1,N_E,4,1,2
1DrawMultiAngle,6,497,1,17,1,S_W,3,1,2
1DrawMultiAngle,6,498,1,18,1,NE_SE,2,1,2
1DrawMultiAngle,6,499,1,19,1,NE_SE,3,1,1
1DrawMultiAngle,6,500,1,20,1,S_W,1,1,1
1DrawMultiAngle,6,501,1,21,1,NE_SE,4,1,1
1DrawMultiAngle,6,502,1,22,1,SW_NW,1,1,1
1DrawMultiAngle,6,503,1,23,1,S_W,2,1,1
1DrawMultiAngle,6,504,1,24,1,S_W,3,1,1
1DrawMultiAngle,6,505,1,25,1,SW_NW,4,1,2
1DrawMultiAngle,6,506,1,26,1,N_E,2,1,2
1DrawMultiAngle,6,507,1,27,1,NE_SE,1,1,1
1DrawMultiAngle,6,508,1,28,1,N_E,3,1,2
1DrawMultiAngle,6,509,1,29,1,SW_NW,2,1,2
1DrawMultiAngle,6,510,1,30,1,SW_NW,4,1,1
1DrawMultiAngle,6,511,1,31,1,N_E,1,1,2
1DrawMultiAngle,6,512,1,32,1,NE_SE,2,1,1
1DrawMultiAngle,6,513,2,1,2,S_W,2,1,2
1DrawMultiAngle,6,514,2,2,2,NE_SE,3,1,2
1DrawMultiAngle,6,515,2,3,2,NE_SE,1,1,2
1DrawMultiAngle,6,516,2,4,2,SW_NW,1,1,2
1DrawMultiAngle,6,517,2,5,2,SW_NW,2,1,1
1DrawMultiAngle,6,518,2,6,2,SW_NW,3,1,2
1DrawMultiAngle,6,519,2,7,2,N_E,2,1,1
1DrawMultiAngle,6,520,2,8,2,N_E,1,1,1
1DrawMultiAngle,6,521,2,9,2,N_E,3,1,1
1DrawMultiAngle,6,522,2,10,2,S_W,4,1,2
1DrawMultiAngle,6,523,2,11,2,NE_SE,4,1,2
1DrawMultiAngle,6,524,2,12,2,S_W,1,1,2
1DrawMultiAngle,6,525,2,13,2,S_W,4,1,1
1DrawMultiAngle,6,526,2,14,2,SW_NW,3,1,1
1DrawMultiAngle,6,527,2,15,2,N_E,4,1,1
1DrawMultiAngle,6,528,2,16,2,N_E,4,1,2
1DrawMultiAngle,6,529,2,17,2,S_W,3,1,2
1DrawMultiAngle,6,530,2,18,2,NE_SE,2,1,2
1DrawMultiAngle,6,531,2,19,2,NE_SE,3,1,1
1DrawMultiAngle,6,532,2,20,2,S_W,1,1,1
1DrawMultiAngle,6,533,2,21,2,NE_SE,4,1,1
1DrawMultiAngle,6,534,2,22,2,SW_NW,1,1,1
1DrawMultiAngle,6,535,2,23,2,S_W,2,1,1
1DrawMultiAngle,6,536,2,24,2,S_W,3,1,1
1DrawMultiAngle,6,537,2,25,2,SW_NW,4,1,2
1DrawMultiAngle,6,538,2,26,2,N_E,2,1,2
1DrawMultiAngle,6,539,2,27,2,NE_SE,1,1,1
1DrawMultiAngle,6,540,2,28,2,N_E,3,1,2
1DrawMultiAngle,6,541,2,29,2,SW_NW,2,1,2
1DrawMultiAngle,6,542,2,30,2,SW_NW,4,1,1
1DrawMultiAngle,6,543,2,31,2,N_E,1,1,2
1DrawMultiAngle,6,544,2,32,2,NE_SE,2,1,1
1DrawMultiAngle,6,545,3,1,3,S_W,2,1,2
1DrawMultiAngle,6,546,3,2,3,NE_SE,3,1,2
1DrawMultiAngle,6,547,3,3,3,NE_SE,1,1,2
1DrawMultiAngle,6,548,3,4,3,SW_NW,1,1,2
1DrawMultiAngle,6,549,3,5,3,SW_NW,2,1,1
1DrawMultiAngle,6,550,3,6,3,SW_NW,3,1,2
1DrawMultiAngle,6,551,3,7,3,N_E,2,1,1
1DrawMultiAngle,6,552,3,8,3,N_E,1,1,1
1DrawMultiAngle,6,553,3,9,3,N_E,3,1,1
1DrawMultiAngle,6,554,3,10,3,S_W,4,1,2
1DrawMultiAngle,6,555,3,11,3,NE_SE,4,1,2
1DrawMultiAngle,6,556,3,12,3,S_W,1,1,2
1DrawMultiAngle,6,557,3,13,3,S_W,4,1,1
1DrawMultiAngle,6,558,3,14,3,SW_NW,3,1,1
1DrawMultiAngle,6,559,3,15,3,N_E,4,1,1
1DrawMultiAngle,6,560,3,16,3,N_E,4,1,2
1DrawMultiAngle,6,561,3,17,3,S_W,3,1,2
1DrawMultiAngle,6,562,3,18,3,NE_SE,2,1,2
1DrawMultiAngle,6,563,3,19,3,NE_SE,3,1,1
1DrawMultiAngle,6,564,3,20,3,S_W,1,1,1
1DrawMultiAngle,6,565,3,21,3,NE_SE,4,1,1
1DrawMultiAngle,6,566,3,22,3,SW_NW,1,1,1
1DrawMultiAngle,6,567,3,23,3,S_W,2,1,1
1DrawMultiAngle,6,568,3,24,3,S_W,3,1,1
1DrawMultiAngle,6,569,3,25,3,SW_NW,4,1,2
1DrawMultiAngle,6,570,3,26,3,N_E,2,1,2
1DrawMultiAngle,6,571,3,27,3,NE_SE,1,1,1
1DrawMultiAngle,6,572,3,28,3,N_E,3,1,2
1DrawMultiAngle,6,573,3,29,3,SW_NW,2,1,2
1DrawMultiAngle,6,574,3,30,3,SW_NW,4,1,1
1DrawMultiAngle,6,575,3,31,3,N_E,1,1,2
1DrawMultiAngle,6,576,3,32,3,NE_SE,2,1,1
1DrawMultiAngle,7,577,1,1,1,S_W,3,1,1
1DrawMultiAngle,7,578,1,2,1,NE_SE,4,1,1
1DrawMultiAngle,7,579,1,3,1,NE_SE,2,1,1
1DrawMultiAngle,7,580,1,4,1,SW_NW,2,1,1
1DrawMultiAngle,7,581,1,5,1,SW_NW,2,1,2
1DrawMultiAngle,7,582,1,6,1,SW_NW,4,1,1
1DrawMultiAngle,7,583,1,7,1,N_E,2,1,2
1DrawMultiAngle,7,584,1,8,1,N_E,1,1,2
1DrawMultiAngle,7,585,1,9,1,N_E,3,1,2
1DrawMultiAngle,7,586,1,10,1,NE_SE,1,1,1
1DrawMultiAngle,7,587,1,11,1,SW_NW,1,1,1
1DrawMultiAngle,7,588,1,12,1,S_W,2,1,1
1DrawMultiAngle,7,589,1,13,1,S_W,4,1,2
1DrawMultiAngle,7,590,1,14,1,SW_NW,3,1,2
1DrawMultiAngle,7,591,1,15,1,N_E,4,1,2
1DrawMultiAngle,7,592,1,16,1,S_W,1,1,1
1DrawMultiAngle,7,593,1,17,1,S_W,4,1,1
1DrawMultiAngle,7,594,1,18,1,NE_SE,3,1,1
1DrawMultiAngle,7,595,1,19,1,NE_SE,3,1,2
1DrawMultiAngle,7,596,1,20,1,S_W,1,1,2
1DrawMultiAngle,7,597,1,21,1,NE_SE,4,1,2
1DrawMultiAngle,7,598,1,22,1,SW_NW,1,1,2
1DrawMultiAngle,7,599,1,23,1,S_W,2,1,2
1DrawMultiAngle,7,600,1,24,1,S_W,3,1,2
1DrawMultiAngle,7,601,1,25,1,N_E,1,1,1
1DrawMultiAngle,7,602,1,26,1,N_E,3,1,1
1DrawMultiAngle,7,603,1,27,1,NE_SE,1,1,2
1DrawMultiAngle,7,604,1,28,1,N_E,4,1,1
1DrawMultiAngle,7,605,1,29,1,SW_NW,3,1,1
1DrawMultiAngle,7,606,1,30,1,SW_NW,4,1,2
1DrawMultiAngle,7,607,1,31,1,N_E,2,1,1
1DrawMultiAngle,7,608,1,32,1,NE_SE,2,1,2
1DrawMultiAngle,7,609,2,1,2,S_W,3,1,1
1DrawMultiAngle,7,610,2,2,2,NE_SE,4,1,1
1DrawMultiAngle,7,611,2,3,2,NE_SE,2,1,1
1DrawMultiAngle,7,612,2,4,2,SW_NW,2,1,1
1DrawMultiAngle,7,613,2,5,2,SW_NW,2,1,2
1DrawMultiAngle,7,614,2,6,2,SW_NW,4,1,1
1DrawMultiAngle,7,615,2,7,2,N_E,2,1,2
1DrawMultiAngle,7,616,2,8,2,N_E,1,1,2
1DrawMultiAngle,7,617,2,9,2,N_E,3,1,2
1DrawMultiAngle,7,618,2,10,2,NE_SE,1,1,1
1DrawMultiAngle,7,619,2,11,2,SW_NW,1,1,1
1DrawMultiAngle,7,620,2,12,2,S_W,2,1,1
1DrawMultiAngle,7,621,2,13,2,S_W,4,1,2
1DrawMultiAngle,7,622,2,14,2,SW_NW,3,1,2
1DrawMultiAngle,7,623,2,15,2,N_E,4,1,2
1DrawMultiAngle,7,624,2,16,2,S_W,1,1,1
1DrawMultiAngle,7,625,2,17,2,S_W,4,1,1
1DrawMultiAngle,7,626,2,18,2,NE_SE,3,1,1
1DrawMultiAngle,7,627,2,19,2,NE_SE,3,1,2
1DrawMultiAngle,7,628,2,20,2,S_W,1,1,2
1DrawMultiAngle,7,629,2,21,2,NE_SE,4,1,2
1DrawMultiAngle,7,630,2,22,2,SW_NW,1,1,2
1DrawMultiAngle,7,631,2,23,2,S_W,2,1,2
1DrawMultiAngle,7,632,2,24,2,S_W,3,1,2
1DrawMultiAngle,7,633,2,25,2,N_E,1,1,1
1DrawMultiAngle,7,634,2,26,2,N_E,3,1,1
1DrawMultiAngle,7,635,2,27,2,NE_SE,1,1,2
1DrawMultiAngle,7,636,2,28,2,N_E,4,1,1
1DrawMultiAngle,7,637,2,29,2,SW_NW,3,1,1
1DrawMultiAngle,7,638,2,30,2,SW_NW,4,1,2
1DrawMultiAngle,7,639,2,31,2,N_E,2,1,1
1DrawMultiAngle,7,640,2,32,2,NE_SE,2,1,2
1DrawMultiAngle,7,641,3,1,3,S_W,3,1,1
1DrawMultiAngle,7,642,3,2,3,NE_SE,4,1,1
1DrawMultiAngle,7,643,3,3,3,NE_SE,2,1,1
1DrawMultiAngle,7,644,3,4,3,SW_NW,2,1,1
1DrawMultiAngle,7,645,3,5,3,SW_NW,2,1,2
1DrawMultiAngle,7,646,3,6,3,SW_NW,4,1,1
1DrawMultiAngle,7,647,3,7,3,N_E,2,1,2
1DrawMultiAngle,7,648,3,8,3,N_E,1,1,2
1DrawMultiAngle,7,649,3,9,3,N_E,3,1,2
1DrawMultiAngle,7,650,3,10,3,NE_SE,1,1,1
1DrawMultiAngle,7,651,3,11,3,SW_NW,1,1,1
1DrawMultiAngle,7,652,3,12,3,S_W,2,1,1
1DrawMultiAngle,7,653,3,13,3,S_W,4,1,2
1DrawMultiAngle,7,654,3,14,3,SW_NW,3,1,2
1DrawMultiAngle,7,655,3,15,3,N_E,4,1,2
1DrawMultiAngle,7,656,3,16,3,S_W,1,1,1
1DrawMultiAngle,7,657,3,17,3,S_W,4,1,1
1DrawMultiAngle,7,658,3,18,3,NE_SE,3,1,1
1DrawMultiAngle,7,659,3,19,3,NE_SE,3,1,2
1DrawMultiAngle,7,660,3,20,3,S_W,1,1,2
1DrawMultiAngle,7,661,3,21,3,NE_SE,4,1,2
1DrawMultiAngle,7,662,3,22,3,SW_NW,1,1,2
1DrawMultiAngle,7,663,3,23,3,S_W,2,1,2
1DrawMultiAngle,7,664,3,24,3,S_W,3,1,2
1DrawMultiAngle,7,665,3,25,3,N_E,1,1,1
1DrawMultiAngle,7,666,3,26,3,N_E,3,1,1
1DrawMultiAngle,7,667,3,27,3,NE_SE,1,1,2
1DrawMultiAngle,7,668,3,28,3,N_E,4,1,1
1DrawMultiAngle,7,669,3,29,3,SW_NW,3,1,1
1DrawMultiAngle,7,670,3,30,3,SW_NW,4,1,2
1DrawMultiAngle,7,671,3,31,3,N_E,2,1,1
1DrawMultiAngle,7,672,3,32,3,NE_SE,2,1,2
1DrawMultiAngle,8,673,1,1,1,S_W,3,1,2
1DrawMultiAngle,8,674,1,2,1,NE_SE,4,1,2
1DrawMultiAngle,8,675,1,3,1,NE_SE,2,1,2
1DrawMultiAngle,8,676,1,4,1,SW_NW,2,1,2
1DrawMultiAngle,8,677,1,5,1,SW_NW,3,1,1
1DrawMultiAngle,8,678,1,6,1,SW_NW,4,1,2
1DrawMultiAngle,8,679,1,7,1,N_E,3,1,1
1DrawMultiAngle,8,680,1,8,1,N_E,2,1,1
1DrawMultiAngle,8,681,1,9,1,N_E,4,1,1
1DrawMultiAngle,8,682,1,10,1,NE_SE,1,1,2
1DrawMultiAngle,8,683,1,11,1,SW_NW,1,1,2
1DrawMultiAngle,8,684,1,12,1,S_W,2,1,2
1DrawMultiAngle,8,685,1,13,1,NE_SE,1,1,1
1DrawMultiAngle,8,686,1,14,1,SW_NW,4,1,1
1DrawMultiAngle,8,687,1,15,1,S_W,1,1,1
1DrawMultiAngle,8,688,1,16,1,S_W,1,1,2
1DrawMultiAngle,8,689,1,17,1,S_W,4,1,2
1DrawMultiAngle,8,690,1,18,1,NE_SE,3,1,2
1DrawMultiAngle,8,691,1,19,1,NE_SE,4,1,1
1DrawMultiAngle,8,692,1,20,1,S_W,2,1,1
1DrawMultiAngle,8,693,1,21,1,SW_NW,1,1,1
1DrawMultiAngle,8,694,1,22,1,SW_NW,2,1,1
1DrawMultiAngle,8,695,1,23,1,S_W,3,1,1
1DrawMultiAngle,8,696,1,24,1,S_W,4,1,1
1DrawMultiAngle,8,697,1,25,1,N_E,1,1,2
1DrawMultiAngle,8,698,1,26,1,N_E,3,1,2
1DrawMultiAngle,8,699,1,27,1,NE_SE,2,1,1
1DrawMultiAngle,8,700,1,28,1,N_E,4,1,2
1DrawMultiAngle,8,701,1,29,1,SW_NW,3,1,2
1DrawMultiAngle,8,702,1,30,1,N_E,1,1,1
1DrawMultiAngle,8,703,1,31,1,N_E,2,1,2
1DrawMultiAngle,8,704,1,32,1,NE_SE,3,1,1
1DrawMultiAngle,8,705,2,1,2,S_W,3,1,2
1DrawMultiAngle,8,706,2,2,2,NE_SE,4,1,2
1DrawMultiAngle,8,707,2,3,2,NE_SE,2,1,2
1DrawMultiAngle,8,708,2,4,2,SW_NW,2,1,2
1DrawMultiAngle,8,709,2,5,2,SW_NW,3,1,1
1DrawMultiAngle,8,710,2,6,2,SW_NW,4,1,2
1DrawMultiAngle,8,711,2,7,2,N_E,3,1,1
1DrawMultiAngle,8,712,2,8,2,N_E,2,1,1
1DrawMultiAngle,8,713,2,9,2,N_E,4,1,1
1DrawMultiAngle,8,714,2,10,2,NE_SE,1,1,2
1DrawMultiAngle,8,715,2,11,2,SW_NW,1,1,2
1DrawMultiAngle,8,716,2,12,2,S_W,2,1,2
1DrawMultiAngle,8,717,2,13,2,NE_SE,1,1,1
1DrawMultiAngle,8,718,2,14,2,SW_NW,4,1,1
1DrawMultiAngle,8,719,2,15,2,S_W,1,1,1
1DrawMultiAngle,8,720,2,16,2,S_W,1,1,2
1DrawMultiAngle,8,721,2,17,2,S_W,4,1,2
1DrawMultiAngle,8,722,2,18,2,NE_SE,3,1,2
1DrawMultiAngle,8,723,2,19,2,NE_SE,4,1,1
1DrawMultiAngle,8,724,2,20,2,S_W,2,1,1
1DrawMultiAngle,8,725,2,21,2,SW_NW,1,1,1
1DrawMultiAngle,8,726,2,22,2,SW_NW,2,1,1
1DrawMultiAngle,8,727,2,23,2,S_W,3,1,1
1DrawMultiAngle,8,728,2,24,2,S_W,4,1,1
1DrawMultiAngle,8,729,2,25,2,N_E,1,1,2
1DrawMultiAngle,8,730,2,26,2,N_E,3,1,2
1DrawMultiAngle,8,731,2,27,2,NE_SE,2,1,1
1DrawMultiAngle,8,732,2,28,2,N_E,4,1,2
1DrawMultiAngle,8,733,2,29,2,SW_NW,3,1,2
1DrawMultiAngle,8,734,2,30,2,N_E,1,1,1
1DrawMultiAngle,8,735,2,31,2,N_E,2,1,2
1DrawMultiAngle,8,736,2,32,2,NE_SE,3,1,1
1DrawMultiAngle,8,737,3,1,3,S_W,3,1,2
1DrawMultiAngle,8,738,3,2,3,NE_SE,4,1,2
1DrawMultiAngle,8,739,3,3,3,NE_SE,2,1,2
1DrawMultiAngle,8,740,3,4,3,SW_NW,2,1,2
1DrawMultiAngle,8,741,3,5,3,SW_NW,3,1,1
1DrawMultiAngle,8,742,3,6,3,SW_NW,4,1,2
1DrawMultiAngle,8,743,3,7,3,N_E,3,1,1
1DrawMultiAngle,8,744,3,8,3,N_E,2,1,1
1DrawMultiAngle,8,745,3,9,3,N_E,4,1,1
1DrawMultiAngle,8,746,3,10,3,NE_SE,1,1,2
1DrawMultiAngle,8,747,3,11,3,SW_NW,1,1,2
1DrawMultiAngle,8,748,3,12,3,S_W,2,1,2
1DrawMultiAngle,8,749,3,13,3,NE_SE,1,1,1
1DrawMultiAngle,8,750,3,14,3,SW_NW,4,1,1
1DrawMultiAngle,8,751,3,15,3,S_W,1,1,1
1DrawMultiAngle,8,752,3,16,3,S_W,1,1,2
1DrawMultiAngle,8,753,3,17,3,S_W,4,1,2
1DrawMultiAngle,8,754,3,18,3,NE_SE,3,1,2
1DrawMultiAngle,8,755,3,19,3,NE_SE,4,1,1
1DrawMultiAngle,8,756,3,20,3,S_W,2,1,1
1DrawMultiAngle,8,757,3,21,3,SW_NW,1,1,1
1DrawMultiAngle,8,758,3,22,3,SW_NW,2,1,1
1DrawMultiAngle,8,759,3,23,3,S_W,3,1,1
1DrawMultiAngle,8,760,3,24,3,S_W,4,1,1
1DrawMultiAngle,8,761,3,25,3,N_E,1,1,2
1DrawMultiAngle,8,762,3,26,3,N_E,3,1,2
1DrawMultiAngle,8,763,3,27,3,NE_SE,2,1,1
1DrawMultiAngle,8,764,3,28,3,N_E,4,1,2
1DrawMultiAngle,8,765,3,29,3,SW_NW,3,1,2
1DrawMultiAngle,8,766,3,30,3,N_E,1,1,1
1DrawMultiAngle,8,767,3,31,3,N_E,2,1,2
1DrawMultiAngle,8,768,3,32,3,NE_SE,3,1,1
1DrawMultiAngle,9,769,1,1,1,S_W,4,1,1
1DrawMultiAngle,9,770,1,2,1,SW_NW,1,1,1
1DrawMultiAngle,9,771,1,3,1,NE_SE,3,1,1
1DrawMultiAngle,9,772,1,4,1,SW_NW,3,1,1
1DrawMultiAngle,9,773,1,5,1,SW_NW,3,1,2
1DrawMultiAngle,9,774,1,6,1,N_E,1,1,1
1DrawMultiAngle,9,775,1,7,1,N_E,3,1,2
1DrawMultiAngle,9,776,1,8,1,N_E,2,1,2
1DrawMultiAngle,9,777,1,9,1,N_E,4,1,2
1DrawMultiAngle,9,778,1,10,1,NE_SE,2,1,1
1DrawMultiAngle,9,779,1,11,1,SW_NW,2,1,1
1DrawMultiAngle,9,780,1,12,1,S_W,3,1,1
1DrawMultiAngle,9,781,1,13,1,NE_SE,1,1,2
1DrawMultiAngle,9,782,1,14,1,SW_NW,4,1,2
1DrawMultiAngle,9,783,1,15,1,S_W,1,1,2
1DrawMultiAngle,9,784,1,16,1,S_W,2,1,1
1DrawMultiAngle,9,785,1,17,1,NE_SE,1,1,1
1DrawMultiAngle,9,786,1,18,1,NE_SE,4,1,1
1DrawMultiAngle,9,787,1,19,1,NE_SE,4,1,2
1DrawMultiAngle,9,788,1,20,1,S_W,2,1,2
1DrawMultiAngle,9,789,1,21,1,SW_NW,1,1,2
1DrawMultiAngle,9,790,1,22,1,SW_NW,2,1,2
1DrawMultiAngle,9,791,1,23,1,S_W,3,1,2
1DrawMultiAngle,9,792,1,24,1,S_W,4,1,2
1DrawMultiAngle,9,793,1,25,1,N_E,2,1,1
1DrawMultiAngle,9,794,1,26,1,N_E,4,1,1
1DrawMultiAngle,9,795,1,27,1,NE_SE,2,1,2
1DrawMultiAngle,9,796,1,28,1,S_W,1,1,1
1DrawMultiAngle,9,797,1,29,1,SW_NW,4,1,1
1DrawMultiAngle,9,798,1,30,1,N_E,1,1,2
1DrawMultiAngle,9,799,1,31,1,N_E,3,1,1
1DrawMultiAngle,9,800,1,32,1,NE_SE,3,1,2
1DrawMultiAngle,9,801,2,1,2,S_W,4,1,1
1DrawMultiAngle,9,802,2,2,2,SW_NW,1,1,1
1DrawMultiAngle,9,803,2,3,2,NE_SE,3,1,1
1DrawMultiAngle,9,804,2,4,2,SW_NW,3,1,1
1DrawMultiAngle,9,805,2,5,2,SW_NW,3,1,2
1DrawMultiAngle,9,806,2,6,2,N_E,1,1,1
1DrawMultiAngle,9,807,2,7,2,N_E,3,1,2
1DrawMultiAngle,9,808,2,8,2,N_E,2,1,2
1DrawMultiAngle,9,809,2,9,2,N_E,4,1,2
1DrawMultiAngle,9,810,2,10,2,NE_SE,2,1,1
1DrawMultiAngle,9,811,2,11,2,SW_NW,2,1,1
1DrawMultiAngle,9,812,2,12,2,S_W,3,1,1
1DrawMultiAngle,9,813,2,13,2,NE_SE,1,1,2
1DrawMultiAngle,9,814,2,14,2,SW_NW,4,1,2
1DrawMultiAngle,9,815,2,15,2,S_W,1,1,2
1DrawMultiAngle,9,816,2,16,2,S_W,2,1,1
1DrawMultiAngle,9,817,2,17,2,NE_SE,1,1,1
1DrawMultiAngle,9,818,2,18,2,NE_SE,4,1,1
1DrawMultiAngle,9,819,2,19,2,NE_SE,4,1,2
1DrawMultiAngle,9,820,2,20,2,S_W,2,1,2
1DrawMultiAngle,9,821,2,21,2,SW_NW,1,1,2
1DrawMultiAngle,9,822,2,22,2,SW_NW,2,1,2
1DrawMultiAngle,9,823,2,23,2,S_W,3,1,2
1DrawMultiAngle,9,824,2,24,2,S_W,4,1,2
1DrawMultiAngle,9,825,2,25,2,N_E,2,1,1
1DrawMultiAngle,9,826,2,26,2,N_E,4,1,1
1DrawMultiAngle,9,827,2,27,2,NE_SE,2,1,2
1DrawMultiAngle,9,828,2,28,2,S_W,1,1,1
1DrawMultiAngle,9,829,2,29,2,SW_NW,4,1,1
1DrawMultiAngle,9,830,2,30,2,N_E,1,1,2
1DrawMultiAngle,9,831,2,31,2,N_E,3,1,1
1DrawMultiAngle,9,832,2,32,2,NE_SE,3,1,2
1DrawMultiAngle,9,833,3,1,3,S_W,4,1,1
1DrawMultiAngle,9,834,3,2,3,SW_NW,1,1,1
1DrawMultiAngle,9,835,3,3,3,NE_SE,3,1,1
1DrawMultiAngle,9,836,3,4,3,SW_NW,3,1,1
1DrawMultiAngle,9,837,3,5,3,SW_NW,3,1,2
1DrawMultiAngle,9,838,3,6,3,N_E,1,1,1
1DrawMultiAngle,9,839,3,7,3,N_E,3,1,2
1DrawMultiAngle,9,840,3,8,3,N_E,2,1,2
1DrawMultiAngle,9,841,3,9,3,N_E,4,1,2
1DrawMultiAngle,9,842,3,10,3,NE_SE,2,1,1
1DrawMultiAngle,9,843,3,11,3,SW_NW,2,1,1
1DrawMultiAngle,9,844,3,12,3,S_W,3,1,1
1DrawMultiAngle,9,845,3,13,3,NE_SE,1,1,2
1DrawMultiAngle,9,846,3,14,3,SW_NW,4,1,2
1DrawMultiAngle,9,847,3,15,3,S_W,1,1,2
1DrawMultiAngle,9,848,3,16,3,S_W,2,1,1
1DrawMultiAngle,9,849,3,17,3,NE_SE,1,1,1
1DrawMultiAngle,9,850,3,18,3,NE_SE,4,1,1
1DrawMultiAngle,9,851,3,19,3,NE_SE,4,1,2
1DrawMultiAngle,9,852,3,20,3,S_W,2,1,2
1DrawMultiAngle,9,853,3,21,3,SW_NW,1,1,2
1DrawMultiAngle,9,854,3,22,3,SW_NW,2,1,2
1DrawMultiAngle,9,855,3,23,3,S_W,3,1,2
1DrawMultiAngle,9,856,3,24,3,S_W,4,1,2
1DrawMultiAngle,9,857,3,25,3,N_E,2,1,1
1DrawMultiAngle,9,858,3,26,3,N_E,4,1,1
1DrawMultiAngle,9,859,3,27,3,NE_SE,2,1,2
1DrawMultiAngle,9,860,3,28,3,S_W,1,1,1
1DrawMultiAngle,9,861,3,29,3,SW_NW,4,1,1
1DrawMultiAngle,9,862,3,30,3,N_E,1,1,2
1DrawMultiAngle,9,863,3,31,3,N_E,3,1,1
1DrawMultiAngle,9,864,3,32,3,NE_SE,3,1,2
1DrawMultiAngle,10,865,1,1,1,S_W,4,1,2
1DrawMultiAngle,10,866,1,2,1,SW_NW,1,1,2
1DrawMultiAngle,10,867,1,3,1,NE_SE,3,1,2
1DrawMultiAngle,10,868,1,4,1,SW_NW,3,1,2
1DrawMultiAngle,10,869,1,5,1,SW_NW,4,1,1
1DrawMultiAngle,10,870,1,6,1,N_E,1,1,2
1DrawMultiAngle,10,871,1,7,1,N_E,4,1,1
1DrawMultiAngle,10,872,1,8,1,N_E,3,1,1
1DrawMultiAngle,10,873,1,9,1,S_W,1,1,1
1DrawMultiAngle,10,874,1,10,1,NE_SE,2,1,2
1DrawMultiAngle,10,875,1,11,1,SW_NW,2,1,2
1DrawMultiAngle,10,876,1,12,1,S_W,3,1,2
1DrawMultiAngle,10,877,1,13,1,NE_SE,2,1,1
1DrawMultiAngle,10,878,1,14,1,N_E,1,1,1
1DrawMultiAngle,10,879,1,15,1,S_W,2,1,1
1DrawMultiAngle,10,880,1,16,1,S_W,2,1,2
1DrawMultiAngle,10,881,1,17,1,NE_SE,1,1,2
1DrawMultiAngle,10,882,1,18,1,NE_SE,4,1,2
1DrawMultiAngle,10,883,1,19,1,SW_NW,1,1,1
1DrawMultiAngle,10,884,1,20,1,S_W,3,1,1
1DrawMultiAngle,10,885,1,21,1,SW_NW,2,1,1
1DrawMultiAngle,10,886,1,22,1,SW_NW,3,1,1
1DrawMultiAngle,10,887,1,23,1,S_W,4,1,1
1DrawMultiAngle,10,888,1,24,1,NE_SE,1,1,1
1DrawMultiAngle,10,889,1,25,1,N_E,2,1,2
1DrawMultiAngle,10,890,1,26,1,N_E,4,1,2
1DrawMultiAngle,10,891,1,27,1,NE_SE,3,1,1
1DrawMultiAngle,10,892,1,28,1,S_W,1,1,2
1DrawMultiAngle,10,893,1,29,1,SW_NW,4,1,2
1DrawMultiAngle,10,894,1,30,1,N_E,2,1,1
1DrawMultiAngle,10,895,1,31,1,N_E,3,1,2
1DrawMultiAngle,10,896,1,32,1,NE_SE,4,1,1
1DrawMultiAngle,10,897,2,1,2,S_W,4,1,2
1DrawMultiAngle,10,898,2,2,2,SW_NW,1,1,2
1DrawMultiAngle,10,899,2,3,2,NE_SE,3,1,2
1DrawMultiAngle,10,900,2,4,2,SW_NW,3,1,2
1DrawMultiAngle,10,901,2,5,2,SW_NW,4,1,1
1DrawMultiAngle,10,902,2,6,2,N_E,1,1,2
1DrawMultiAngle,10,903,2,7,2,N_E,4,1,1
1DrawMultiAngle,10,904,2,8,2,N_E,3,1,1
1DrawMultiAngle,10,905,2,9,2,S_W,1,1,1
1DrawMultiAngle,10,906,2,10,2,NE_SE,2,1,2
1DrawMultiAngle,10,907,2,11,2,SW_NW,2,1,2
1DrawMultiAngle,10,908,2,12,2,S_W,3,1,2
1DrawMultiAngle,10,909,2,13,2,NE_SE,2,1,1
1DrawMultiAngle,10,910,2,14,2,N_E,1,1,1
1DrawMultiAngle,10,911,2,15,2,S_W,2,1,1
1DrawMultiAngle,10,912,2,16,2,S_W,2,1,2
1DrawMultiAngle,10,913,2,17,2,NE_SE,1,1,2
1DrawMultiAngle,10,914,2,18,2,NE_SE,4,1,2
1DrawMultiAngle,10,915,2,19,2,SW_NW,1,1,1
1DrawMultiAngle,10,916,2,20,2,S_W,3,1,1
1DrawMultiAngle,10,917,2,21,2,SW_NW,2,1,1
1DrawMultiAngle,10,918,2,22,2,SW_NW,3,1,1
1DrawMultiAngle,10,919,2,23,2,S_W,4,1,1
1DrawMultiAngle,10,920,2,24,2,NE_SE,1,1,1
1DrawMultiAngle,10,921,2,25,2,N_E,2,1,2
1DrawMultiAngle,10,922,2,26,2,N_E,4,1,2
1DrawMultiAngle,10,923,2,27,2,NE_SE,3,1,1
1DrawMultiAngle,10,924,2,28,2,S_W,1,1,2
1DrawMultiAngle,10,925,2,29,2,SW_NW,4,1,2
1DrawMultiAngle,10,926,2,30,2,N_E,2,1,1
1DrawMultiAngle,10,927,2,31,2,N_E,3,1,2
1DrawMultiAngle,10,928,2,32,2,NE_SE,4,1,1
1DrawMultiAngle,10,929,3,1,3,S_W,4,1,2
1DrawMultiAngle,10,930,3,2,3,SW_NW,1,1,2
1DrawMultiAngle,10,931,3,3,3,NE_SE,3,1,2
1DrawMultiAngle,10,932,3,4,3,SW_NW,3,1,2
1DrawMultiAngle,10,933,3,5,3,SW_NW,4,1,1
1DrawMultiAngle,10,934,3,6,3,N_E,1,1,2
1DrawMultiAngle,10,935,3,7,3,N_E,4,1,1
1DrawMultiAngle,10,936,3,8,3,N_E,3,1,1
1DrawMultiAngle,10,937,3,9,3,S_W,1,1,1
1DrawMultiAngle,10,938,3,10,3,NE_SE,2,1,2
1DrawMultiAngle,10,939,3,11,3,SW_NW,2,1,2
1DrawMultiAngle,10,940,3,12,3,S_W,3,1,2
1DrawMultiAngle,10,941,3,13,3,NE_SE,2,1,1
1DrawMultiAngle,10,942,3,14,3,N_E,1,1,1
1DrawMultiAngle,10,943,3,15,3,S_W,2,1,1
1DrawMultiAngle,10,944,3,16,3,S_W,2,1,2
1DrawMultiAngle,10,945,3,17,3,NE_SE,1,1,2
1DrawMultiAngle,10,946,3,18,3,NE_SE,4,1,2
1DrawMultiAngle,10,947,3,19,3,SW_NW,1,1,1
1DrawMultiAngle,10,948,3,20,3,S_W,3,1,1
1DrawMultiAngle,10,949,3,21,3,SW_NW,2,1,1
1DrawMultiAngle,10,950,3,22,3,SW_NW,3,1,1
1DrawMultiAngle,10,951,3,23,3,S_W,4,1,1
1DrawMultiAngle,10,952,3,24,3,NE_SE,1,1,1
1DrawMultiAngle,10,953,3,25,3,N_E,2,1,2
1DrawMultiAngle,10,954,3,26,3,N_E,4,1,2
1DrawMultiAngle,10,955,3,27,3,NE_SE,3,1,1
1DrawMultiAngle,10,956,3,28,3,S_W,1,1,2
1DrawMultiAngle,10,957,3,29,3,SW_NW,4,1,2
1DrawMultiAngle,10,958,3,30,3,N_E,2,1,1
1DrawMultiAngle,10,959,3,31,3,N_E,3,1,2
1DrawMultiAngle,10,960,3,32,3,NE_SE,4,1,1
1DrawMultiAngle,11,961,1,1,1,NE_SE,1,1,1
1DrawMultiAngle,11,962,1,2,1,SW_NW,2,1,1
1DrawMultiAngle,11,963,1,3,1,NE_SE,4,1,1
1DrawMultiAngle,11,964,1,4,1,SW_NW,4,1,1
1DrawMultiAngle,11,965,1,5,1,SW_NW,4,1,2
1DrawMultiAngle,11,966,1,6,1,N_E,2,1,1
1DrawMultiAngle,11,967,1,7,1,N_E,4,1,2
1DrawMultiAngle,11,968,1,8,1,N_E,3,1,2
1DrawMultiAngle,11,969,1,9,1,S_W,1,1,2
1DrawMultiAngle,11,970,1,10,1,NE_SE,3,1,1
1DrawMultiAngle,11,971,1,11,1,SW_NW,3,1,1
1DrawMultiAngle,11,972,1,12,1,S_W,4,1,1
1DrawMultiAngle,11,973,1,13,1,NE_SE,2,1,2
1DrawMultiAngle,11,974,1,14,1,N_E,1,1,2
1DrawMultiAngle,11,975,1,15,1,S_W,2,1,2
1DrawMultiAngle,11,976,1,16,1,S_W,3,1,1
1DrawMultiAngle,11,977,1,17,1,NE_SE,2,1,1
1DrawMultiAngle,11,978,1,18,1,SW_NW,1,1,1
1DrawMultiAngle,11,979,1,19,1,SW_NW,1,1,2
1DrawMultiAngle,11,980,1,20,1,S_W,3,1,2
1DrawMultiAngle,11,981,1,21,1,SW_NW,2,1,2
1DrawMultiAngle,11,982,1,22,1,SW_NW,3,1,2
1DrawMultiAngle,11,983,1,23,1,S_W,4,1,2
1DrawMultiAngle,11,984,1,24,1,NE_SE,1,1,2
1DrawMultiAngle,11,985,1,25,1,N_E,3,1,1
1DrawMultiAngle,11,986,1,26,1,S_W,1,1,1
1DrawMultiAngle,11,987,1,27,1,NE_SE,3,1,2
1DrawMultiAngle,11,988,1,28,1,S_W,2,1,1
1DrawMultiAngle,11,989,1,29,1,N_E,1,1,1
1DrawMultiAngle,11,990,1,30,1,N_E,2,1,2
1DrawMultiAngle,11,991,1,31,1,N_E,4,1,1
1DrawMultiAngle,11,992,1,32,1,NE_SE,4,1,2
1DrawMultiAngle,11,993,2,1,2,NE_SE,1,1,1
1DrawMultiAngle,11,994,2,2,2,SW_NW,2,1,1
1DrawMultiAngle,11,995,2,3,2,NE_SE,4,1,1
1DrawMultiAngle,11,996,2,4,2,SW_NW,4,1,1
1DrawMultiAngle,11,997,2,5,2,SW_NW,4,1,2
1DrawMultiAngle,11,998,2,6,2,N_E,2,1,1
1DrawMultiAngle,11,999,2,7,2,N_E,4,1,2
1DrawMultiAngle,11,1000,2,8,2,N_E,3,1,2
1DrawMultiAngle,11,1001,2,9,2,S_W,1,1,2
1DrawMultiAngle,11,1002,2,10,2,NE_SE,3,1,1
1DrawMultiAngle,11,1003,2,11,2,SW_NW,3,1,1
1DrawMultiAngle,11,1004,2,12,2,S_W,4,1,1
1DrawMultiAngle,11,1005,2,13,2,NE_SE,2,1,2
1DrawMultiAngle,11,1006,2,14,2,N_E,1,1,2
1DrawMultiAngle,11,1007,2,15,2,S_W,2,1,2
1DrawMultiAngle,11,1008,2,16,2,S_W,3,1,1
1DrawMultiAngle,11,1009,2,17,2,NE_SE,2,1,1
1DrawMultiAngle,11,1010,2,18,2,SW_NW,1,1,1
1DrawMultiAngle,11,1011,2,19,2,SW_NW,1,1,2
1DrawMultiAngle,11,1012,2,20,2,S_W,3,1,2
1DrawMultiAngle,11,1013,2,21,2,SW_NW,2,1,2
1DrawMultiAngle,11,1014,2,22,2,SW_NW,3,1,2
1DrawMultiAngle,11,1015,2,23,2,S_W,4,1,2
1DrawMultiAngle,11,1016,2,24,2,NE_SE,1,1,2
1DrawMultiAngle,11,1017,2,25,2,N_E,3,1,1
1DrawMultiAngle,11,1018,2,26,2,S_W,1,1,1
1DrawMultiAngle,11,1019,2,27,2,NE_SE,3,1,2
1DrawMultiAngle,11,1020,2,28,2,S_W,2,1,1
1DrawMultiAngle,11,1021,2,29,2,N_E,1,1,1
1DrawMultiAngle,11,1022,2,30,2,N_E,2,1,2
1DrawMultiAngle,11,1023,2,31,2,N_E,4,1,1
1DrawMultiAngle,11,1024,2,32,2,NE_SE,4,1,2
1DrawMultiAngle,11,1025,3,1,3,NE_SE,1,1,1
1DrawMultiAngle,11,1026,3,2,3,SW_NW,2,1,1
1DrawMultiAngle,11,1027,3,3,3,NE_SE,4,1,1
1DrawMultiAngle,11,1028,3,4,3,SW_NW,4,1,1
1DrawMultiAngle,11,1029,3,5,3,SW_NW,4,1,2
1DrawMultiAngle,11,1030,3,6,3,N_E,2,1,1
1DrawMultiAngle,11,1031,3,7,3,N_E,4,1,2
1DrawMultiAngle,11,1032,3,8,3,N_E,3,1,2
1DrawMultiAngle,11,1033,3,9,3,S_W,1,1,2
1DrawMultiAngle,11,1034,3,10,3,NE_SE,3,1,1
1DrawMultiAngle,11,1035,3,11,3,SW_NW,3,1,1
1DrawMultiAngle,11,1036,3,12,3,S_W,4,1,1
1DrawMultiAngle,11,1037,3,13,3,NE_SE,2,1,2
1DrawMultiAngle,11,1038,3,14,3,N_E,1,1,2
1DrawMultiAngle,11,1039,3,15,3,S_W,2,1,2
1DrawMultiAngle,11,1040,3,16,3,S_W,3,1,1
1DrawMultiAngle,11,1041,3,17,3,NE_SE,2,1,1
1DrawMultiAngle,11,1042,3,18,3,SW_NW,1,1,1
1DrawMultiAngle,11,1043,3,19,3,SW_NW,1,1,2
1DrawMultiAngle,11,1044,3,20,3,S_W,3,1,2
1DrawMultiAngle,11,1045,3,21,3,SW_NW,2,1,2
1DrawMultiAngle,11,1046,3,22,3,SW_NW,3,1,2
1DrawMultiAngle,11,1047,3,23,3,S_W,4,1,2
1DrawMultiAngle,11,1048,3,24,3,NE_SE,1,1,2
1DrawMultiAngle,11,1049,3,25,3,N_E,3,1,1
1DrawMultiAngle,11,1050,3,26,3,S_W,1,1,1
1DrawMultiAngle,11,1051,3,27,3,NE_SE,3,1,2
1DrawMultiAngle,11,1052,3,28,3,S_W,2,1,1
1DrawMultiAngle,11,1053,3,29,3,N_E,1,1,1
1DrawMultiAngle,11,1054,3,30,3,N_E,2,1,2
1DrawMultiAngle,11,1055,3,31,3,N_E,4,1,1
1DrawMultiAngle,11,1056,3,32,3,NE_SE,4,1,2
1DrawMultiAngle,12,1057,1,1,1,NE_SE,1,1,2
1DrawMultiAngle,12,1058,1,2,1,SW_NW,2,1,2
1DrawMultiAngle,12,1059,1,3,1,NE_SE,4,1,2
1DrawMultiAngle,12,1060,1,4,1,SW_NW,4,1,2
1DrawMultiAngle,12,1061,1,5,1,N_E,1,1,1
1DrawMultiAngle,12,1062,1,6,1,N_E,2,1,2
1DrawMultiAngle,12,1063,1,7,1,S_W,1,1,1
1DrawMultiAngle,12,1064,1,8,1,N_E,4,1,1
1DrawMultiAngle,12,1065,1,9,1,S_W,2,1,1
1DrawMultiAngle,12,1066,1,10,1,NE_SE,3,1,2
1DrawMultiAngle,12,1067,1,11,1,SW_NW,3,1,2
1DrawMultiAngle,12,1068,1,12,1,S_W,4,1,2
1DrawMultiAngle,12,1069,1,13,1,NE_SE,3,1,1
1DrawMultiAngle,12,1070,1,14,1,N_E,2,1,1
1DrawMultiAngle,12,1071,1,15,1,S_W,3,1,1
1DrawMultiAngle,12,1072,1,16,1,S_W,3,1,2
1DrawMultiAngle,12,1073,1,17,1,NE_SE,2,1,2
1DrawMultiAngle,12,1074,1,18,1,SW_NW,1,1,2
1DrawMultiAngle,12,1075,1,19,1,SW_NW,2,1,1
1DrawMultiAngle,12,1076,1,20,1,S_W,4,1,1
1DrawMultiAngle,12,1077,1,21,1,SW_NW,3,1,1
1DrawMultiAngle,12,1078,1,22,1,SW_NW,4,1,1
1DrawMultiAngle,12,1079,1,23,1,NE_SE,1,1,1
1DrawMultiAngle,12,1080,1,24,1,NE_SE,2,1,1
1DrawMultiAngle,12,1081,1,25,1,N_E,3,1,2
1DrawMultiAngle,12,1082,1,26,1,S_W,1,1,2
1DrawMultiAngle,12,1083,1,27,1,NE_SE,4,1,1
1DrawMultiAngle,12,1084,1,28,1,S_W,2,1,2
1DrawMultiAngle,12,1085,1,29,1,N_E,1,1,2
1DrawMultiAngle,12,1086,1,30,1,N_E,3,1,1
1DrawMultiAngle,12,1087,1,31,1,N_E,4,1,2
1DrawMultiAngle,12,1088,1,32,1,SW_NW,1,1,1
1DrawMultiAngle,12,1089,2,1,2,NE_SE,1,1,2
1DrawMultiAngle,12,1090,2,2,2,SW_NW,2,1,2
1DrawMultiAngle,12,1091,2,3,2,NE_SE,4,1,2
1DrawMultiAngle,12,1092,2,4,2,SW_NW,4,1,2
1DrawMultiAngle,12,1093,2,5,2,N_E,1,1,1
1DrawMultiAngle,12,1094,2,6,2,N_E,2,1,2
1DrawMultiAngle,12,1095,2,7,2,S_W,1,1,1
1DrawMultiAngle,12,1096,2,8,2,N_E,4,1,1
1DrawMultiAngle,12,1097,2,9,2,S_W,2,1,1
1DrawMultiAngle,12,1098,2,10,2,NE_SE,3,1,2
1DrawMultiAngle,12,1099,2,11,2,SW_NW,3,1,2
1DrawMultiAngle,12,1100,2,12,2,S_W,4,1,2
1DrawMultiAngle,12,1101,2,13,2,NE_SE,3,1,1
1DrawMultiAngle,12,1102,2,14,2,N_E,2,1,1
1DrawMultiAngle,12,1103,2,15,2,S_W,3,1,1
1DrawMultiAngle,12,1104,2,16,2,S_W,3,1,2
1DrawMultiAngle,12,1105,2,17,2,NE_SE,2,1,2
1DrawMultiAngle,12,1106,2,18,2,SW_NW,1,1,2
1DrawMultiAngle,12,1107,2,19,2,SW_NW,2,1,1
1DrawMultiAngle,12,1108,2,20,2,S_W,4,1,1
1DrawMultiAngle,12,1109,2,21,2,SW_NW,3,1,1
1DrawMultiAngle,12,1110,2,22,2,SW_NW,4,1,1
1DrawMultiAngle,12,1111,2,23,2,NE_SE,1,1,1
1DrawMultiAngle,12,1112,2,24,2,NE_SE,2,1,1
1DrawMultiAngle,12,1113,2,25,2,N_E,3,1,2
1DrawMultiAngle,12,1114,2,26,2,S_W,1,1,2
1DrawMultiAngle,12,1115,2,27,2,NE_SE,4,1,1
1DrawMultiAngle,12,1116,2,28,2,S_W,2,1,2
1DrawMultiAngle,12,1117,2,29,2,N_E,1,1,2
1DrawMultiAngle,12,1118,2,30,2,N_E,3,1,1
1DrawMultiAngle,12,1119,2,31,2,N_E,4,1,2
1DrawMultiAngle,12,1120,2,32,2,SW_NW,1,1,1
1DrawMultiAngle,12,1121,3,1,3,NE_SE,1,1,2
1DrawMultiAngle,12,1122,3,2,3,SW_NW,2,1,2
1DrawMultiAngle,12,1123,3,3,3,NE_SE,4,1,2
1DrawMultiAngle,12,1124,3,4,3,SW_NW,4,1,2
1DrawMultiAngle,12,1125,3,5,3,N_E,1,1,1
1DrawMultiAngle,12,1126,3,6,3,N_E,2,1,2
1DrawMultiAngle,12,1127,3,7,3,S_W,1,1,1
1DrawMultiAngle,12,1128,3,8,3,N_E,4,1,1
1DrawMultiAngle,12,1129,3,9,3,S_W,2,1,1
1DrawMultiAngle,12,1130,3,10,3,NE_SE,3,1,2
1DrawMultiAngle,12,1131,3,11,3,SW_NW,3,1,2
1DrawMultiAngle,12,1132,3,12,3,S_W,4,1,2
1DrawMultiAngle,12,1133,3,13,3,NE_SE,3,1,1
1DrawMultiAngle,12,1134,3,14,3,N_E,2,1,1
1DrawMultiAngle,12,1135,3,15,3,S_W,3,1,1
1DrawMultiAngle,12,1136,3,16,3,S_W,3,1,2
1DrawMultiAngle,12,1137,3,17,3,NE_SE,2,1,2
1DrawMultiAngle,12,1138,3,18,3,SW_NW,1,1,2
1DrawMultiAngle,12,1139,3,19,3,SW_NW,2,1,1
1DrawMultiAngle,12,1140,3,20,3,S_W,4,1,1
1DrawMultiAngle,12,1141,3,21,3,SW_NW,3,1,1
1DrawMultiAngle,12,1142,3,22,3,SW_NW,4,1,1
1DrawMultiAngle,12,1143,3,23,3,NE_SE,1,1,1
1DrawMultiAngle,12,1144,3,24,3,NE_SE,2,1,1
1DrawMultiAngle,12,1145,3,25,3,N_E,3,1,2
1DrawMultiAngle,12,1146,3,26,3,S_W,1,1,2
1DrawMultiAngle,12,1147,3,27,3,NE_SE,4,1,1
1DrawMultiAngle,12,1148,3,28,3,S_W,2,1,2
1DrawMultiAngle,12,1149,3,29,3,N_E,1,1,2
1DrawMultiAngle,12,1150,3,30,3,N_E,3,1,1
1DrawMultiAngle,12,1151,3,31,3,N_E,4,1,2
1DrawMultiAngle,12,1152,3,32,3,SW_NW,1,1,1
1DrawMultiAngle,13,1153,1,1,1,NE_SE,2,1,1
1DrawMultiAngle,13,1154,1,2,1,SW_NW,3,1,1
1DrawMultiAngle,13,1155,1,3,1,SW_NW,1,1,1
1DrawMultiAngle,13,1156,1,4,1,N_E,1,1,1
1DrawMultiAngle,13,1157,1,5,1,N_E,1,1,2
1DrawMultiAngle,13,1158,1,6,1,N_E,3,1,1
1DrawMultiAngle,13,1159,1,7,1,S_W,1,1,2
1DrawMultiAngle,13,1160,1,8,1,N_E,4,1,2
1DrawMultiAngle,13,1161,1,9,1,S_W,2,1,2
1DrawMultiAngle,13,1162,1,10,1,NE_SE,4,1,1
1DrawMultiAngle,13,1163,1,11,1,SW_NW,4,1,1
1DrawMultiAngle,13,1164,1,12,1,NE_SE,1,1,1
1DrawMultiAngle,13,1165,1,13,1,NE_SE,3,1,2
1DrawMultiAngle,13,1166,1,14,1,N_E,2,1,2
1DrawMultiAngle,13,1167,1,15,1,S_W,3,1,2
1DrawMultiAngle,13,1168,1,16,1,S_W,4,1,1
1DrawMultiAngle,13,1169,1,17,1,NE_SE,3,1,1
1DrawMultiAngle,13,1170,1,18,1,SW_NW,2,1,1
1DrawMultiAngle,13,1171,1,19,1,SW_NW,2,1,2
1DrawMultiAngle,13,1172,1,20,1,S_W,4,1,2
1DrawMultiAngle,13,1173,1,21,1,SW_NW,3,1,2
1DrawMultiAngle,13,1174,1,22,1,SW_NW,4,1,2
1DrawMultiAngle,13,1175,1,23,1,NE_SE,1,1,2
1DrawMultiAngle,13,1176,1,24,1,NE_SE,2,1,2
1DrawMultiAngle,13,1177,1,25,1,N_E,4,1,1
1DrawMultiAngle,13,1178,1,26,1,S_W,2,1,1
1DrawMultiAngle,13,1179,1,27,1,NE_SE,4,1,2
1DrawMultiAngle,13,1180,1,28,1,S_W,3,1,1
1DrawMultiAngle,13,1181,1,29,1,N_E,2,1,1
1DrawMultiAngle,13,1182,1,30,1,N_E,3,1,2
1DrawMultiAngle,13,1183,1,31,1,S_W,1,1,1
1DrawMultiAngle,13,1184,1,32,1,SW_NW,1,1,2
1DrawMultiAngle,13,1185,2,1,2,NE_SE,2,1,1
1DrawMultiAngle,13,1186,2,2,2,SW_NW,3,1,1
1DrawMultiAngle,13,1187,2,3,2,SW_NW,1,1,1
1DrawMultiAngle,13,1188,2,4,2,N_E,1,1,1
1DrawMultiAngle,13,1189,2,5,2,N_E,1,1,2
1DrawMultiAngle,13,1190,2,6,2,N_E,3,1,1
1DrawMultiAngle,13,1191,2,7,2,S_W,1,1,2
1DrawMultiAngle,13,1192,2,8,2,N_E,4,1,2
1DrawMultiAngle,13,1193,2,9,2,S_W,2,1,2
1DrawMultiAngle,13,1194,2,10,2,NE_SE,4,1,1
1DrawMultiAngle,13,1195,2,11,2,SW_NW,4,1,1
1DrawMultiAngle,13,1196,2,12,2,NE_SE,1,1,1
1DrawMultiAngle,13,1197,2,13,2,NE_SE,3,1,2
1DrawMultiAngle,13,1198,2,14,2,N_E,2,1,2
1DrawMultiAngle,13,1199,2,15,2,S_W,3,1,2
1DrawMultiAngle,13,1200,2,16,2,S_W,4,1,1
1DrawMultiAngle,13,1201,2,17,2,NE_SE,3,1,1
1DrawMultiAngle,13,1202,2,18,2,SW_NW,2,1,1
1DrawMultiAngle,13,1203,2,19,2,SW_NW,2,1,2
1DrawMultiAngle,13,1204,2,20,2,S_W,4,1,2
1DrawMultiAngle,13,1205,2,21,2,SW_NW,3,1,2
1DrawMultiAngle,13,1206,2,22,2,SW_NW,4,1,2
1DrawMultiAngle,13,1207,2,23,2,NE_SE,1,1,2
1DrawMultiAngle,13,1208,2,24,2,NE_SE,2,1,2
1DrawMultiAngle,13,1209,2,25,2,N_E,4,1,1
1DrawMultiAngle,13,1210,2,26,2,S_W,2,1,1
1DrawMultiAngle,13,1211,2,27,2,NE_SE,4,1,2
1DrawMultiAngle,13,1212,2,28,2,S_W,3,1,1
1DrawMultiAngle,13,1213,2,29,2,N_E,2,1,1
1DrawMultiAngle,13,1214,2,30,2,N_E,3,1,2
1DrawMultiAngle,13,1215,2,31,2,S_W,1,1,1
1DrawMultiAngle,13,1216,2,32,2,SW_NW,1,1,2
1DrawMultiAngle,13,1217,3,1,3,NE_SE,2,1,1
1DrawMultiAngle,13,1218,3,2,3,SW_NW,3,1,1
1DrawMultiAngle,13,1219,3,3,3,SW_NW,1,1,1
1DrawMultiAngle,13,1220,3,4,3,N_E,1,1,1
1DrawMultiAngle,13,1221,3,5,3,N_E,1,1,2
1DrawMultiAngle,13,1222,3,6,3,N_E,3,1,1
1DrawMultiAngle,13,1223,3,7,3,S_W,1,1,2
1DrawMultiAngle,13,1224,3,8,3,N_E,4,1,2
1DrawMultiAngle,13,1225,3,9,3,S_W,2,1,2
1DrawMultiAngle,13,1226,3,10,3,NE_SE,4,1,1
1DrawMultiAngle,13,1227,3,11,3,SW_NW,4,1,1
1DrawMultiAngle,13,1228,3,12,3,NE_SE,1,1,1
1DrawMultiAngle,13,1229,3,13,3,NE_SE,3,1,2
1DrawMultiAngle,13,1230,3,14,3,N_E,2,1,2
1DrawMultiAngle,13,1231,3,15,3,S_W,3,1,2
1DrawMultiAngle,13,1232,3,16,3,S_W,4,1,1
1DrawMultiAngle,13,1233,3,17,3,NE_SE,3,1,1
1DrawMultiAngle,13,1234,3,18,3,SW_NW,2,1,1
1DrawMultiAngle,13,1235,3,19,3,SW_NW,2,1,2
1DrawMultiAngle,13,1236,3,20,3,S_W,4,1,2
1DrawMultiAngle,13,1237,3,21,3,SW_NW,3,1,2
1DrawMultiAngle,13,1238,3,22,3,SW_NW,4,1,2
1DrawMultiAngle,13,1239,3,23,3,NE_SE,1,1,2
1DrawMultiAngle,13,1240,3,24,3,NE_SE,2,1,2
1DrawMultiAngle,13,1241,3,25,3,N_E,4,1,1
1DrawMultiAngle,13,1242,3,26,3,S_W,2,1,1
1DrawMultiAngle,13,1243,3,27,3,NE_SE,4,1,2
1DrawMultiAngle,13,1244,3,28,3,S_W,3,1,1
1DrawMultiAngle,13,1245,3,29,3,N_E,2,1,1
1DrawMultiAngle,13,1246,3,30,3,N_E,3,1,2
1DrawMultiAngle,13,1247,3,31,3,S_W,1,1,1
1DrawMultiAngle,13,1248,3,32,3,SW_NW,1,1,2
1DrawMultiAngle,14,1249,1,1,1,NE_SE,2,1,2
1DrawMultiAngle,14,1250,1,2,1,SW_NW,3,1,2
1DrawMultiAngle,14,1251,1,3,1,SW_NW,1,1,2
1DrawMultiAngle,14,1252,1,4,1,N_E,1,1,2
1DrawMultiAngle,14,1253,1,5,1,N_E,2,1,1
1DrawMultiAngle,14,1254,1,6,1,N_E,3,1,2
1DrawMultiAngle,14,1255,1,7,1,S_W,2,1,1
1DrawMultiAngle,14,1256,1,8,1,S_W,1,1,1
1DrawMultiAngle,14,1257,1,9,1,S_W,3,1,1
1DrawMultiAngle,14,1258,1,10,1,NE_SE,4,1,2
1DrawMultiAngle,14,1259,1,11,1,SW_NW,4,1,2
1DrawMultiAngle,14,1260,1,12,1,NE_SE,1,1,2
1DrawMultiAngle,14,1261,1,13,1,NE_SE,4,1,1
1DrawMultiAngle,14,1262,1,14,1,N_E,3,1,1
1DrawMultiAngle,14,1263,1,15,1,S_W,4,1,1
1DrawMultiAngle,14,1264,1,16,1,S_W,4,1,2
1DrawMultiAngle,14,1265,1,17,1,NE_SE,3,1,2
1DrawMultiAngle,14,1266,1,18,1,SW_NW,2,1,2
1DrawMultiAngle,14,1267,1,19,1,SW_NW,3,1,1
1DrawMultiAngle,14,1268,1,20,1,NE_SE,1,1,1
1DrawMultiAngle,14,1269,1,21,1,SW_NW,4,1,1
1DrawMultiAngle,14,1270,1,22,1,N_E,1,1,1
1DrawMultiAngle,14,1271,1,23,1,NE_SE,2,1,1
1DrawMultiAngle,14,1272,1,24,1,NE_SE,3,1,1
1DrawMultiAngle,14,1273,1,25,1,N_E,4,1,2
1DrawMultiAngle,14,1274,1,26,1,S_W,2,1,2
1DrawMultiAngle,14,1275,1,27,1,SW_NW,1,1,1
1DrawMultiAngle,14,1276,1,28,1,S_W,3,1,2
1DrawMultiAngle,14,1277,1,29,1,N_E,2,1,2
1DrawMultiAngle,14,1278,1,30,1,N_E,4,1,1
1DrawMultiAngle,14,1279,1,31,1,S_W,1,1,2
1DrawMultiAngle,14,1280,1,32,1,SW_NW,2,1,1
1DrawMultiAngle,14,1281,2,1,2,NE_SE,2,1,2
1DrawMultiAngle,14,1282,2,2,2,SW_NW,3,1,2
1DrawMultiAngle,14,1283,2,3,2,SW_NW,1,1,2
1DrawMultiAngle,14,1284,2,4,2,N_E,1,1,2
1DrawMultiAngle,14,1285,2,5,2,N_E,2,1,1
1DrawMultiAngle,14,1286,2,6,2,N_E,3,1,2
1DrawMultiAngle,14,1287,2,7,2,S_W,2,1,1
1DrawMultiAngle,14,1288,2,8,2,S_W,1,1,1
1DrawMultiAngle,14,1289,2,9,2,S_W,3,1,1
1DrawMultiAngle,14,1290,2,10,2,NE_SE,4,1,2
1DrawMultiAngle,14,1291,2,11,2,SW_NW,4,1,2
1DrawMultiAngle,14,1292,2,12,2,NE_SE,1,1,2
1DrawMultiAngle,14,1293,2,13,2,NE_SE,4,1,1
1DrawMultiAngle,14,1294,2,14,2,N_E,3,1,1
1DrawMultiAngle,14,1295,2,15,2,S_W,4,1,1
1DrawMultiAngle,14,1296,2,16,2,S_W,4,1,2
1DrawMultiAngle,14,1297,2,17,2,NE_SE,3,1,2
1DrawMultiAngle,14,1298,2,18,2,SW_NW,2,1,2
1DrawMultiAngle,14,1299,2,19,2,SW_NW,3,1,1
1DrawMultiAngle,14,1300,2,20,2,NE_SE,1,1,1
1DrawMultiAngle,14,1301,2,21,2,SW_NW,4,1,1
1DrawMultiAngle,14,1302,2,22,2,N_E,1,1,1
1DrawMultiAngle,14,1303,2,23,2,NE_SE,2,1,1
1DrawMultiAngle,14,1304,2,24,2,NE_SE,3,1,1
1DrawMultiAngle,14,1305,2,25,2,N_E,4,1,2
1DrawMultiAngle,14,1306,2,26,2,S_W,2,1,2
1DrawMultiAngle,14,1307,2,27,2,SW_NW,1,1,1
1DrawMultiAngle,14,1308,2,28,2,S_W,3,1,2
1DrawMultiAngle,14,1309,2,29,2,N_E,2,1,2
1DrawMultiAngle,14,1310,2,30,2,N_E,4,1,1
1DrawMultiAngle,14,1311,2,31,2,S_W,1,1,2
1DrawMultiAngle,14,1312,2,32,2,SW_NW,2,1,1
1DrawMultiAngle,14,1313,3,1,3,NE_SE,2,1,2
1DrawMultiAngle,14,1314,3,2,3,SW_NW,3,1,2
1DrawMultiAngle,14,1315,3,3,3,SW_NW,1,1,2
1DrawMultiAngle,14,1316,3,4,3,N_E,1,1,2
1DrawMultiAngle,14,1317,3,5,3,N_E,2,1,1
1DrawMultiAngle,14,1318,3,6,3,N_E,3,1,2
1DrawMultiAngle,14,1319,3,7,3,S_W,2,1,1
1DrawMultiAngle,14,1320,3,8,3,S_W,1,1,1
1DrawMultiAngle,14,1321,3,9,3,S_W,3,1,1
1DrawMultiAngle,14,1322,3,10,3,NE_SE,4,1,2
1DrawMultiAngle,14,1323,3,11,3,SW_NW,4,1,2
1DrawMultiAngle,14,1324,3,12,3,NE_SE,1,1,2
1DrawMultiAngle,14,1325,3,13,3,NE_SE,4,1,1
1DrawMultiAngle,14,1326,3,14,3,N_E,3,1,1
1DrawMultiAngle,14,1327,3,15,3,S_W,4,1,1
1DrawMultiAngle,14,1328,3,16,3,S_W,4,1,2
1DrawMultiAngle,14,1329,3,17,3,NE_SE,3,1,2
1DrawMultiAngle,14,1330,3,18,3,SW_NW,2,1,2
1DrawMultiAngle,14,1331,3,19,3,SW_NW,3,1,1
1DrawMultiAngle,14,1332,3,20,3,NE_SE,1,1,1
1DrawMultiAngle,14,1333,3,21,3,SW_NW,4,1,1
1DrawMultiAngle,14,1334,3,22,3,N_E,1,1,1
1DrawMultiAngle,14,1335,3,23,3,NE_SE,2,1,1
1DrawMultiAngle,14,1336,3,24,3,NE_SE,3,1,1
1DrawMultiAngle,14,1337,3,25,3,N_E,4,1,2
1DrawMultiAngle,14,1338,3,26,3,S_W,2,1,2
1DrawMultiAngle,14,1339,3,27,3,SW_NW,1,1,1
1DrawMultiAngle,14,1340,3,28,3,S_W,3,1,2
1DrawMultiAngle,14,1341,3,29,3,N_E,2,1,2
1DrawMultiAngle,14,1342,3,30,3,N_E,4,1,1
1DrawMultiAngle,14,1343,3,31,3,S_W,1,1,2
1DrawMultiAngle,14,1344,3,32,3,SW_NW,2,1,1
1DrawMultiAngle,15,1345,1,1,1,NE_SE,3,1,1
1DrawMultiAngle,15,1346,1,2,1,SW_NW,4,1,1
1DrawMultiAngle,15,1347,1,3,1,SW_NW,2,1,1
1DrawMultiAngle,15,1348,1,4,1,N_E,2,1,1
1DrawMultiAngle,15,1349,1,5,1,N_E,2,1,2
1DrawMultiAngle,15,1350,1,6,1,N_E,4,1,1
1DrawMultiAngle,15,1351,1,7,1,S_W,2,1,2
1DrawMultiAngle,15,1352,1,8,1,S_W,1,1,2
1DrawMultiAngle,15,1353,1,9,1,S_W,3,1,2
1DrawMultiAngle,15,1354,1,10,1,SW_NW,1,1,1
1DrawMultiAngle,15,1355,1,11,1,N_E,1,1,1
1DrawMultiAngle,15,1356,1,12,1,NE_SE,2,1,1
1DrawMultiAngle,15,1357,1,13,1,NE_SE,4,1,2
1DrawMultiAngle,15,1358,1,14,1,N_E,3,1,2
1DrawMultiAngle,15,1359,1,15,1,S_W,4,1,2
1DrawMultiAngle,15,1360,1,16,1,NE_SE,1,1,1
1DrawMultiAngle,15,1361,1,17,1,NE_SE,4,1,1
1DrawMultiAngle,15,1362,1,18,1,SW_NW,3,1,1
1DrawMultiAngle,15,1363,1,19,1,SW_NW,3,1,2
1DrawMultiAngle,15,1364,1,20,1,NE_SE,1,1,2
1DrawMultiAngle,15,1365,1,21,1,SW_NW,4,1,2
1DrawMultiAngle,15,1366,1,22,1,N_E,1,1,2
1DrawMultiAngle,15,1367,1,23,1,NE_SE,2,1,2
1DrawMultiAngle,15,1368,1,24,1,NE_SE,3,1,2
1DrawMultiAngle,15,1369,1,25,1,S_W,1,1,1
1DrawMultiAngle,15,1370,1,26,1,S_W,3,1,1
1DrawMultiAngle,15,1371,1,27,1,SW_NW,1,1,2
1DrawMultiAngle,15,1372,1,28,1,S_W,4,1,1
1DrawMultiAngle,15,1373,1,29,1,N_E,3,1,1
1DrawMultiAngle,15,1374,1,30,1,N_E,4,1,2
1DrawMultiAngle,15,1375,1,31,1,S_W,2,1,1
1DrawMultiAngle,15,1376,1,32,1,SW_NW,2,1,2
1DrawMultiAngle,15,1377,2,1,2,NE_SE,3,1,1
1DrawMultiAngle,15,1378,2,2,2,SW_NW,4,1,1
1DrawMultiAngle,15,1379,2,3,2,SW_NW,2,1,1
1DrawMultiAngle,15,1380,2,4,2,N_E,2,1,1
1DrawMultiAngle,15,1381,2,5,2,N_E,2,1,2
1DrawMultiAngle,15,1382,2,6,2,N_E,4,1,1
1DrawMultiAngle,15,1383,2,7,2,S_W,2,1,2
1DrawMultiAngle,15,1384,2,8,2,S_W,1,1,2
1DrawMultiAngle,15,1385,2,9,2,S_W,3,1,2
1DrawMultiAngle,15,1386,2,10,2,SW_NW,1,1,1
1DrawMultiAngle,15,1387,2,11,2,N_E,1,1,1
1DrawMultiAngle,15,1388,2,12,2,NE_SE,2,1,1
1DrawMultiAngle,15,1389,2,13,2,NE_SE,4,1,2
1DrawMultiAngle,15,1390,2,14,2,N_E,3,1,2
1DrawMultiAngle,15,1391,2,15,2,S_W,4,1,2
1DrawMultiAngle,15,1392,2,16,2,NE_SE,1,1,1
1DrawMultiAngle,15,1393,2,17,2,NE_SE,4,1,1
1DrawMultiAngle,15,1394,2,18,2,SW_NW,3,1,1
1DrawMultiAngle,15,1395,2,19,2,SW_NW,3,1,2
1DrawMultiAngle,15,1396,2,20,2,NE_SE,1,1,2
1DrawMultiAngle,15,1397,2,21,2,SW_NW,4,1,2
1DrawMultiAngle,15,1398,2,22,2,N_E,1,1,2
1DrawMultiAngle,15,1399,2,23,2,NE_SE,2,1,2
1DrawMultiAngle,15,1400,2,24,2,NE_SE,3,1,2
1DrawMultiAngle,15,1401,2,25,2,S_W,1,1,1
1DrawMultiAngle,15,1402,2,26,2,S_W,3,1,1
1DrawMultiAngle,15,1403,2,27,2,SW_NW,1,1,2
1DrawMultiAngle,15,1404,2,28,2,S_W,4,1,1
1DrawMultiAngle,15,1405,2,29,2,N_E,3,1,1
1DrawMultiAngle,15,1406,2,30,2,N_E,4,1,2
1DrawMultiAngle,15,1407,2,31,2,S_W,2,1,1
1DrawMultiAngle,15,1408,2,32,2,SW_NW,2,1,2
1DrawMultiAngle,15,1409,3,1,3,NE_SE,3,1,1
1DrawMultiAngle,15,1410,3,2,3,SW_NW,4,1,1
1DrawMultiAngle,15,1411,3,3,3,SW_NW,2,1,1
1DrawMultiAngle,15,1412,3,4,3,N_E,2,1,1
1DrawMultiAngle,15,1413,3,5,3,N_E,2,1,2
1DrawMultiAngle,15,1414,3,6,3,N_E,4,1,1
1DrawMultiAngle,15,1415,3,7,3,S_W,2,1,2
1DrawMultiAngle,15,1416,3,8,3,S_W,1,1,2
1DrawMultiAngle,15,1417,3,9,3,S_W,3,1,2
1DrawMultiAngle,15,1418,3,10,3,SW_NW,1,1,1
1DrawMultiAngle,15,1419,3,11,3,N_E,1,1,1
1DrawMultiAngle,15,1420,3,12,3,NE_SE,2,1,1
1DrawMultiAngle,15,1421,3,13,3,NE_SE,4,1,2
1DrawMultiAngle,15,1422,3,14,3,N_E,3,1,2
1DrawMultiAngle,15,1423,3,15,3,S_W,4,1,2
1DrawMultiAngle,15,1424,3,16,3,NE_SE,1,1,1
1DrawMultiAngle,15,1425,3,17,3,NE_SE,4,1,1
1DrawMultiAngle,15,1426,3,18,3,SW_NW,3,1,1
1DrawMultiAngle,15,1427,3,19,3,SW_NW,3,1,2
1DrawMultiAngle,15,1428,3,20,3,NE_SE,1,1,2
1DrawMultiAngle,15,1429,3,21,3,SW_NW,4,1,2
1DrawMultiAngle,15,1430,3,22,3,N_E,1,1,2
1DrawMultiAngle,15,1431,3,23,3,NE_SE,2,1,2
1DrawMultiAngle,15,1432,3,24,3,NE_SE,3,1,2
1DrawMultiAngle,15,1433,3,25,3,S_W,1,1,1
1DrawMultiAngle,15,1434,3,26,3,S_W,3,1,1
1DrawMultiAngle,15,1435,3,27,3,SW_NW,1,1,2
1DrawMultiAngle,15,1436,3,28,3,S_W,4,1,1
1DrawMultiAngle,15,1437,3,29,3,N_E,3,1,1
1DrawMultiAngle,15,1438,3,30,3,N_E,4,1,2
1DrawMultiAngle,15,1439,3,31,3,S_W,2,1,1
1DrawMultiAngle,15,1440,3,32,3,SW_NW,2,1,2
1DrawMultiAngle,16,1441,1,1,1,NE_SE,3,1,2
1DrawMultiAngle,16,1442,1,2,1,SW_NW,4,1,2
1DrawMultiAngle,16,1443,1,3,1,SW_NW,2,1,2
1DrawMultiAngle,16,1444,1,4,1,N_E,2,1,2
1DrawMultiAngle,16,1445,1,5,1,N_E,3,1,1
1DrawMultiAngle,16,1446,1,6,1,N_E,4,1,2
1DrawMultiAngle,16,1447,1,7,1,S_W,3,1,1
1DrawMultiAngle,16,1448,1,8,1,S_W,2,1,1
1DrawMultiAngle,16,1449,1,9,1,S_W,4,1,1
1DrawMultiAngle,16,1450,1,10,1,SW_NW,1,1,2
1DrawMultiAngle,16,1451,1,11,1,N_E,1,1,2
1DrawMultiAngle,16,1452,1,12,1,NE_SE,2,1,2
1DrawMultiAngle,16,1453,1,13,1,SW_NW,1,1,1
1DrawMultiAngle,16,1454,1,14,1,N_E,4,1,1
1DrawMultiAngle,16,1455,1,15,1,NE_SE,1,1,1
1DrawMultiAngle,16,1456,1,16,1,NE_SE,1,1,2
1DrawMultiAngle,16,1457,1,17,1,NE_SE,4,1,2
1DrawMultiAngle,16,1458,1,18,1,SW_NW,3,1,2
1DrawMultiAngle,16,1459,1,19,1,SW_NW,4,1,1
1DrawMultiAngle,16,1460,1,20,1,NE_SE,2,1,1
1DrawMultiAngle,16,1461,1,21,1,N_E,1,1,1
1DrawMultiAngle,16,1462,1,22,1,N_E,2,1,1
1DrawMultiAngle,16,1463,1,23,1,NE_SE,3,1,1
1DrawMultiAngle,16,1464,1,24,1,NE_SE,4,1,1
1DrawMultiAngle,16,1465,1,25,1,S_W,1,1,2
1DrawMultiAngle,16,1466,1,26,1,S_W,3,1,2
1DrawMultiAngle,16,1467,1,27,1,SW_NW,2,1,1
1DrawMultiAngle,16,1468,1,28,1,S_W,4,1,2
1DrawMultiAngle,16,1469,1,29,1,N_E,3,1,2
1DrawMultiAngle,16,1470,1,30,1,S_W,1,1,1
1DrawMultiAngle,16,1471,1,31,1,S_W,2,1,2
1DrawMultiAngle,16,1472,1,32,1,SW_NW,3,1,1
1DrawMultiAngle,16,1473,2,1,2,NE_SE,3,1,2
1DrawMultiAngle,16,1474,2,2,2,SW_NW,4,1,2
1DrawMultiAngle,16,1475,2,3,2,SW_NW,2,1,2
1DrawMultiAngle,16,1476,2,4,2,N_E,2,1,2
1DrawMultiAngle,16,1477,2,5,2,N_E,3,1,1
1DrawMultiAngle,16,1478,2,6,2,N_E,4,1,2
1DrawMultiAngle,16,1479,2,7,2,S_W,3,1,1
1DrawMultiAngle,16,1480,2,8,2,S_W,2,1,1
1DrawMultiAngle,16,1481,2,9,2,S_W,4,1,1
1DrawMultiAngle,16,1482,2,10,2,SW_NW,1,1,2
1DrawMultiAngle,16,1483,2,11,2,N_E,1,1,2
1DrawMultiAngle,16,1484,2,12,2,NE_SE,2,1,2
1DrawMultiAngle,16,1485,2,13,2,SW_NW,1,1,1
1DrawMultiAngle,16,1486,2,14,2,N_E,4,1,1
1DrawMultiAngle,16,1487,2,15,2,NE_SE,1,1,1
1DrawMultiAngle,16,1488,2,16,2,NE_SE,1,1,2
1DrawMultiAngle,16,1489,2,17,2,NE_SE,4,1,2
1DrawMultiAngle,16,1490,2,18,2,SW_NW,3,1,2
1DrawMultiAngle,16,1491,2,19,2,SW_NW,4,1,1
1DrawMultiAngle,16,1492,2,20,2,NE_SE,2,1,1
1DrawMultiAngle,16,1493,2,21,2,N_E,1,1,1
1DrawMultiAngle,16,1494,2,22,2,N_E,2,1,1
1DrawMultiAngle,16,1495,2,23,2,NE_SE,3,1,1
1DrawMultiAngle,16,1496,2,24,2,NE_SE,4,1,1
1DrawMultiAngle,16,1497,2,25,2,S_W,1,1,2
1DrawMultiAngle,16,1498,2,26,2,S_W,3,1,2
1DrawMultiAngle,16,1499,2,27,2,SW_NW,2,1,1
1DrawMultiAngle,16,1500,2,28,2,S_W,4,1,2
1DrawMultiAngle,16,1501,2,29,2,N_E,3,1,2
1DrawMultiAngle,16,1502,2,30,2,S_W,1,1,1
1DrawMultiAngle,16,1503,2,31,2,S_W,2,1,2
1DrawMultiAngle,16,1504,2,32,2,SW_NW,3,1,1
1DrawMultiAngle,16,1505,3,1,3,NE_SE,3,1,2
1DrawMultiAngle,16,1506,3,2,3,SW_NW,4,1,2
1DrawMultiAngle,16,1507,3,3,3,SW_NW,2,1,2
1DrawMultiAngle,16,1508,3,4,3,N_E,2,1,2
1DrawMultiAngle,16,1509,3,5,3,N_E,3,1,1
1DrawMultiAngle,16,1510,3,6,3,N_E,4,1,2
1DrawMultiAngle,16,1511,3,7,3,S_W,3,1,1
1DrawMultiAngle,16,1512,3,8,3,S_W,2,1,1
1DrawMultiAngle,16,1513,3,9,3,S_W,4,1,1
1DrawMultiAngle,16,1514,3,10,3,SW_NW,1,1,2
1DrawMultiAngle,16,1515,3,11,3,N_E,1,1,2
1DrawMultiAngle,16,1516,3,12,3,NE_SE,2,1,2
1DrawMultiAngle,16,1517,3,13,3,SW_NW,1,1,1
1DrawMultiAngle,16,1518,3,14,3,N_E,4,1,1
1DrawMultiAngle,16,1519,3,15,3,NE_SE,1,1,1
1DrawMultiAngle,16,1520,3,16,3,NE_SE,1,1,2
1DrawMultiAngle,16,1521,3,17,3,NE_SE,4,1,2
1DrawMultiAngle,16,1522,3,18,3,SW_NW,3,1,2
1DrawMultiAngle,16,1523,3,19,3,SW_NW,4,1,1
1DrawMultiAngle,16,1524,3,20,3,NE_SE,2,1,1
1DrawMultiAngle,16,1525,3,21,3,N_E,1,1,1
1DrawMultiAngle,16,1526,3,22,3,N_E,2,1,1
1DrawMultiAngle,16,1527,3,23,3,NE_SE,3,1,1
1DrawMultiAngle,16,1528,3,24,3,NE_SE,4,1,1
1DrawMultiAngle,16,1529,3,25,3,S_W,1,1,2
1DrawMultiAngle,16,1530,3,26,3,S_W,3,1,2
1DrawMultiAngle,16,1531,3,27,3,SW_NW,2,1,1
1DrawMultiAngle,16,1532,3,28,3,S_W,4,1,2
1DrawMultiAngle,16,1533,3,29,3,N_E,3,1,2
1DrawMultiAngle,16,1534,3,30,3,S_W,1,1,1
1DrawMultiAngle,16,1535,3,31,3,S_W,2,1,2
1DrawMultiAngle,16,1536,3,32,3,SW_NW,3,1,1
1DrawMultiAngle,17,1537,1,1,1,NE_SE,4,1,1
1DrawMultiAngle,17,1538,1,2,1,N_E,1,1,1
1DrawMultiAngle,17,1539,1,3,1,SW_NW,3,1,1
1DrawMultiAngle,17,1540,1,4,1,N_E,3,1,1
1DrawMultiAngle,17,1541,1,5,1,N_E,3,1,2
1DrawMultiAngle,17,1542,1,6,1,S_W,1,1,1
1DrawMultiAngle,17,1543,1,7,1,S_W,3,1,2
1DrawMultiAngle,17,1544,1,8,1,S_W,2,1,2
1DrawMultiAngle,17,1545,1,9,1,S_W,4,1,2
1DrawMultiAngle,17,1546,1,10,1,SW_NW,2,1,1
1DrawMultiAngle,17,1547,1,11,1,N_E,2,1,1
1DrawMultiAngle,17,1548,1,12,1,NE_SE,3,1,1
1DrawMultiAngle,17,1549,1,13,1,SW_NW,1,1,2
1DrawMultiAngle,17,1550,1,14,1,N_E,4,1,2
1DrawMultiAngle,17,1551,1,15,1,NE_SE,1,1,2
1DrawMultiAngle,17,1552,1,16,1,NE_SE,2,1,1
1DrawMultiAngle,17,1553,1,17,1,SW_NW,1,1,1
1DrawMultiAngle,17,1554,1,18,1,SW_NW,4,1,1
1DrawMultiAngle,17,1555,1,19,1,SW_NW,4,1,2
1DrawMultiAngle,17,1556,1,20,1,NE_SE,2,1,2
1DrawMultiAngle,17,1557,1,21,1,N_E,1,1,2
1DrawMultiAngle,17,1558,1,22,1,N_E,2,1,2
1DrawMultiAngle,17,1559,1,23,1,NE_SE,3,1,2
1DrawMultiAngle,17,1560,1,24,1,NE_SE,4,1,2
1DrawMultiAngle,17,1561,1,25,1,S_W,2,1,1
1DrawMultiAngle,17,1562,1,26,1,S_W,4,1,1
1DrawMultiAngle,17,1563,1,27,1,SW_NW,2,1,2
1DrawMultiAngle,17,1564,1,28,1,NE_SE,1,1,1
1DrawMultiAngle,17,1565,1,29,1,N_E,4,1,1
1DrawMultiAngle,17,1566,1,30,1,S_W,1,1,2
1DrawMultiAngle,17,1567,1,31,1,S_W,3,1,1
1DrawMultiAngle,17,1568,1,32,1,SW_NW,3,1,2
1DrawMultiAngle,17,1569,2,1,2,NE_SE,4,1,1
1DrawMultiAngle,17,1570,2,2,2,N_E,1,1,1
1DrawMultiAngle,17,1571,2,3,2,SW_NW,3,1,1
1DrawMultiAngle,17,1572,2,4,2,N_E,3,1,1
1DrawMultiAngle,17,1573,2,5,2,N_E,3,1,2
1DrawMultiAngle,17,1574,2,6,2,S_W,1,1,1
1DrawMultiAngle,17,1575,2,7,2,S_W,3,1,2
1DrawMultiAngle,17,1576,2,8,2,S_W,2,1,2
1DrawMultiAngle,17,1577,2,9,2,S_W,4,1,2
1DrawMultiAngle,17,1578,2,10,2,SW_NW,2,1,1
1DrawMultiAngle,17,1579,2,11,2,N_E,2,1,1
1DrawMultiAngle,17,1580,2,12,2,NE_SE,3,1,1
1DrawMultiAngle,17,1581,2,13,2,SW_NW,1,1,2
1DrawMultiAngle,17,1582,2,14,2,N_E,4,1,2
1DrawMultiAngle,17,1583,2,15,2,NE_SE,1,1,2
1DrawMultiAngle,17,1584,2,16,2,NE_SE,2,1,1
1DrawMultiAngle,17,1585,2,17,2,SW_NW,1,1,1
1DrawMultiAngle,17,1586,2,18,2,SW_NW,4,1,1
1DrawMultiAngle,17,1587,2,19,2,SW_NW,4,1,2
1DrawMultiAngle,17,1588,2,20,2,NE_SE,2,1,2
1DrawMultiAngle,17,1589,2,21,2,N_E,1,1,2
1DrawMultiAngle,17,1590,2,22,2,N_E,2,1,2
1DrawMultiAngle,17,1591,2,23,2,NE_SE,3,1,2
1DrawMultiAngle,17,1592,2,24,2,NE_SE,4,1,2
1DrawMultiAngle,17,1593,2,25,2,S_W,2,1,1
1DrawMultiAngle,17,1594,2,26,2,S_W,4,1,1
1DrawMultiAngle,17,1595,2,27,2,SW_NW,2,1,2
1DrawMultiAngle,17,1596,2,28,2,NE_SE,1,1,1
1DrawMultiAngle,17,1597,2,29,2,N_E,4,1,1
1DrawMultiAngle,17,1598,2,30,2,S_W,1,1,2
1DrawMultiAngle,17,1599,2,31,2,S_W,3,1,1
1DrawMultiAngle,17,1600,2,32,2,SW_NW,3,1,2
1DrawMultiAngle,17,1601,3,1,3,NE_SE,4,1,1
1DrawMultiAngle,17,1602,3,2,3,N_E,1,1,1
1DrawMultiAngle,17,1603,3,3,3,SW_NW,3,1,1
1DrawMultiAngle,17,1604,3,4,3,N_E,3,1,1
1DrawMultiAngle,17,1605,3,5,3,N_E,3,1,2
1DrawMultiAngle,17,1606,3,6,3,S_W,1,1,1
1DrawMultiAngle,17,1607,3,7,3,S_W,3,1,2
1DrawMultiAngle,17,1608,3,8,3,S_W,2,1,2
1DrawMultiAngle,17,1609,3,9,3,S_W,4,1,2
1DrawMultiAngle,17,1610,3,10,3,SW_NW,2,1,1
1DrawMultiAngle,17,1611,3,11,3,N_E,2,1,1
1DrawMultiAngle,17,1612,3,12,3,NE_SE,3,1,1
1DrawMultiAngle,17,1613,3,13,3,SW_NW,1,1,2
1DrawMultiAngle,17,1614,3,14,3,N_E,4,1,2
1DrawMultiAngle,17,1615,3,15,3,NE_SE,1,1,2
1DrawMultiAngle,17,1616,3,16,3,NE_SE,2,1,1
1DrawMultiAngle,17,1617,3,17,3,SW_NW,1,1,1
1DrawMultiAngle,17,1618,3,18,3,SW_NW,4,1,1
1DrawMultiAngle,17,1619,3,19,3,SW_NW,4,1,2
1DrawMultiAngle,17,1620,3,20,3,NE_SE,2,1,2
1DrawMultiAngle,17,1621,3,21,3,N_E,1,1,2
1DrawMultiAngle,17,1622,3,22,3,N_E,2,1,2
1DrawMultiAngle,17,1623,3,23,3,NE_SE,3,1,2
1DrawMultiAngle,17,1624,3,24,3,NE_SE,4,1,2
1DrawMultiAngle,17,1625,3,25,3,S_W,2,1,1
1DrawMultiAngle,17,1626,3,26,3,S_W,4,1,1
1DrawMultiAngle,17,1627,3,27,3,SW_NW,2,1,2
1DrawMultiAngle,17,1628,3,28,3,NE_SE,1,1,1
1DrawMultiAngle,17,1629,3,29,3,N_E,4,1,1
1DrawMultiAngle,17,1630,3,30,3,S_W,1,1,2
1DrawMultiAngle,17,1631,3,31,3,S_W,3,1,1
1DrawMultiAngle,17,1632,3,32,3,SW_NW,3,1,2
1DrawMultiAngle,18,1633,1,1,1,NE_SE,4,1,2
1DrawMultiAngle,18,1634,1,2,1,N_E,1,1,2
1DrawMultiAngle,18,1635,1,3,1,SW_NW,3,1,2
1DrawMultiAngle,18,1636,1,4,1,N_E,3,1,2
1DrawMultiAngle,18,1637,1,5,1,N_E,4,1,1
1DrawMultiAngle,18,1638,1,6,1,S_W,1,1,2
1DrawMultiAngle,18,1639,1,7,1,S_W,4,1,1
1DrawMultiAngle,18,1640,1,8,1,S_W,3,1,1
1DrawMultiAngle,18,1641,1,9,1,NE_SE,1,1,1
1DrawMultiAngle,18,1642,1,10,1,SW_NW,2,1,2
1DrawMultiAngle,18,1643,1,11,1,N_E,2,1,2
1DrawMultiAngle,18,1644,1,12,1,NE_SE,3,1,2
1DrawMultiAngle,18,1645,1,13,1,SW_NW,2,1,1
1DrawMultiAngle,18,1646,1,14,1,S_W,1,1,1
1DrawMultiAngle,18,1647,1,15,1,NE_SE,2,1,1
1DrawMultiAngle,18,1648,1,16,1,NE_SE,2,1,2
1DrawMultiAngle,18,1649,1,17,1,SW_NW,1,1,2
1DrawMultiAngle,18,1650,1,18,1,SW_NW,4,1,2
1DrawMultiAngle,18,1651,1,19,1,N_E,1,1,1
1DrawMultiAngle,18,1652,1,20,1,NE_SE,3,1,1
1DrawMultiAngle,18,1653,1,21,1,N_E,2,1,1
1DrawMultiAngle,18,1654,1,22,1,N_E,3,1,1
1DrawMultiAngle,18,1655,1,23,1,NE_SE,4,1,1
1DrawMultiAngle,18,1656,1,24,1,SW_NW,1,1,1
1DrawMultiAngle,18,1657,1,25,1,S_W,2,1,2
1DrawMultiAngle,18,1658,1,26,1,S_W,4,1,2
1DrawMultiAngle,18,1659,1,27,1,SW_NW,3,1,1
1DrawMultiAngle,18,1660,1,28,1,NE_SE,1,1,2
1DrawMultiAngle,18,1661,1,29,1,N_E,4,1,2
1DrawMultiAngle,18,1662,1,30,1,S_W,2,1,1
1DrawMultiAngle,18,1663,1,31,1,S_W,3,1,2
1DrawMultiAngle,18,1664,1,32,1,SW_NW,4,1,1
1DrawMultiAngle,18,1665,2,1,2,NE_SE,4,1,2
1DrawMultiAngle,18,1666,2,2,2,N_E,1,1,2
1DrawMultiAngle,18,1667,2,3,2,SW_NW,3,1,2
1DrawMultiAngle,18,1668,2,4,2,N_E,3,1,2
1DrawMultiAngle,18,1669,2,5,2,N_E,4,1,1
1DrawMultiAngle,18,1670,2,6,2,S_W,1,1,2
1DrawMultiAngle,18,1671,2,7,2,S_W,4,1,1
1DrawMultiAngle,18,1672,2,8,2,S_W,3,1,1
1DrawMultiAngle,18,1673,2,9,2,NE_SE,1,1,1
1DrawMultiAngle,18,1674,2,10,2,SW_NW,2,1,2
1DrawMultiAngle,18,1675,2,11,2,N_E,2,1,2
1DrawMultiAngle,18,1676,2,12,2,NE_SE,3,1,2
1DrawMultiAngle,18,1677,2,13,2,SW_NW,2,1,1
1DrawMultiAngle,18,1678,2,14,2,S_W,1,1,1
1DrawMultiAngle,18,1679,2,15,2,NE_SE,2,1,1
1DrawMultiAngle,18,1680,2,16,2,NE_SE,2,1,2
1DrawMultiAngle,18,1681,2,17,2,SW_NW,1,1,2
1DrawMultiAngle,18,1682,2,18,2,SW_NW,4,1,2
1DrawMultiAngle,18,1683,2,19,2,N_E,1,1,1
1DrawMultiAngle,18,1684,2,20,2,NE_SE,3,1,1
1DrawMultiAngle,18,1685,2,21,2,N_E,2,1,1
1DrawMultiAngle,18,1686,2,22,2,N_E,3,1,1
1DrawMultiAngle,18,1687,2,23,2,NE_SE,4,1,1
1DrawMultiAngle,18,1688,2,24,2,SW_NW,1,1,1
1DrawMultiAngle,18,1689,2,25,2,S_W,2,1,2
1DrawMultiAngle,18,1690,2,26,2,S_W,4,1,2
1DrawMultiAngle,18,1691,2,27,2,SW_NW,3,1,1
1DrawMultiAngle,18,1692,2,28,2,NE_SE,1,1,2
1DrawMultiAngle,18,1693,2,29,2,N_E,4,1,2
1DrawMultiAngle,18,1694,2,30,2,S_W,2,1,1
1DrawMultiAngle,18,1695,2,31,2,S_W,3,1,2
1DrawMultiAngle,18,1696,2,32,2,SW_NW,4,1,1
1DrawMultiAngle,18,1697,3,1,3,NE_SE,4,1,2
1DrawMultiAngle,18,1698,3,2,3,N_E,1,1,2
1DrawMultiAngle,18,1699,3,3,3,SW_NW,3,1,2
1DrawMultiAngle,18,1700,3,4,3,N_E,3,1,2
1DrawMultiAngle,18,1701,3,5,3,N_E,4,1,1
1DrawMultiAngle,18,1702,3,6,3,S_W,1,1,2
1DrawMultiAngle,18,1703,3,7,3,S_W,4,1,1
1DrawMultiAngle,18,1704,3,8,3,S_W,3,1,1
1DrawMultiAngle,18,1705,3,9,3,NE_SE,1,1,1
1DrawMultiAngle,18,1706,3,10,3,SW_NW,2,1,2
1DrawMultiAngle,18,1707,3,11,3,N_E,2,1,2
1DrawMultiAngle,18,1708,3,12,3,NE_SE,3,1,2
1DrawMultiAngle,18,1709,3,13,3,SW_NW,2,1,1
1DrawMultiAngle,18,1710,3,14,3,S_W,1,1,1
1DrawMultiAngle,18,1711,3,15,3,NE_SE,2,1,1
1DrawMultiAngle,18,1712,3,16,3,NE_SE,2,1,2
1DrawMultiAngle,18,1713,3,17,3,SW_NW,1,1,2
1DrawMultiAngle,18,1714,3,18,3,SW_NW,4,1,2
1DrawMultiAngle,18,1715,3,19,3,N_E,1,1,1
1DrawMultiAngle,18,1716,3,20,3,NE_SE,3,1,1
1DrawMultiAngle,18,1717,3,21,3,N_E,2,1,1
1DrawMultiAngle,18,1718,3,22,3,N_E,3,1,1
1DrawMultiAngle,18,1719,3,23,3,NE_SE,4,1,1
1DrawMultiAngle,18,1720,3,24,3,SW_NW,1,1,1
1DrawMultiAngle,18,1721,3,25,3,S_W,2,1,2
1DrawMultiAngle,18,1722,3,26,3,S_W,4,1,2
1DrawMultiAngle,18,1723,3,27,3,SW_NW,3,1,1
1DrawMultiAngle,18,1724,3,28,3,NE_SE,1,1,2
1DrawMultiAngle,18,1725,3,29,3,N_E,4,1,2
1DrawMultiAngle,18,1726,3,30,3,S_W,2,1,1
1DrawMultiAngle,18,1727,3,31,3,S_W,3,1,2
1DrawMultiAngle,18,1728,3,32,3,SW_NW,4,1,1
1DrawMultiAngle,19,1729,1,1,1,SW_NW,1,1,1
1DrawMultiAngle,19,1730,1,2,1,N_E,2,1,1
1DrawMultiAngle,19,1731,1,3,1,SW_NW,4,1,1
1DrawMultiAngle,19,1732,1,4,1,N_E,4,1,1
1DrawMultiAngle,19,1733,1,5,1,N_E,4,1,2
1DrawMultiAngle,19,1734,1,6,1,S_W,2,1,1
1DrawMultiAngle,19,1735,1,7,1,S_W,4,1,2
1DrawMultiAngle,19,1736,1,8,1,S_W,3,1,2
1DrawMultiAngle,19,1737,1,9,1,NE_SE,1,1,2
1DrawMultiAngle,19,1738,1,10,1,SW_NW,3,1,1
1DrawMultiAngle,19,1739,1,11,1,N_E,3,1,1
1DrawMultiAngle,19,1740,1,12,1,NE_SE,4,1,1
1DrawMultiAngle,19,1741,1,13,1,SW_NW,2,1,2
1DrawMultiAngle,19,1742,1,14,1,S_W,1,1,2
1DrawMultiAngle,19,1743,1,15,1,NE_SE,2,1,2
1DrawMultiAngle,19,1744,1,16,1,NE_SE,3,1,1
1DrawMultiAngle,19,1745,1,17,1,SW_NW,2,1,1
1DrawMultiAngle,19,1746,1,18,1,N_E,1,1,1
1DrawMultiAngle,19,1747,1,19,1,N_E,1,1,2
1DrawMultiAngle,19,1748,1,20,1,NE_SE,3,1,2
1DrawMultiAngle,19,1749,1,21,1,N_E,2,1,2
1DrawMultiAngle,19,1750,1,22,1,N_E,3,1,2
1DrawMultiAngle,19,1751,1,23,1,NE_SE,4,1,2
1DrawMultiAngle,19,1752,1,24,1,SW_NW,1,1,2
1DrawMultiAngle,19,1753,1,25,1,S_W,3,1,1
1DrawMultiAngle,19,1754,1,26,1,NE_SE,1,1,1
1DrawMultiAngle,19,1755,1,27,1,SW_NW,3,1,2
1DrawMultiAngle,19,1756,1,28,1,NE_SE,2,1,1
1DrawMultiAngle,19,1757,1,29,1,S_W,1,1,1
1DrawMultiAngle,19,1758,1,30,1,S_W,2,1,2
1DrawMultiAngle,19,1759,1,31,1,S_W,4,1,1
1DrawMultiAngle,19,1760,1,32,1,SW_NW,4,1,2
1DrawMultiAngle,19,1761,2,1,2,SW_NW,1,1,1
1DrawMultiAngle,19,1762,2,2,2,N_E,2,1,1
1DrawMultiAngle,19,1763,2,3,2,SW_NW,4,1,1
1DrawMultiAngle,19,1764,2,4,2,N_E,4,1,1
1DrawMultiAngle,19,1765,2,5,2,N_E,4,1,2
1DrawMultiAngle,19,1766,2,6,2,S_W,2,1,1
1DrawMultiAngle,19,1767,2,7,2,S_W,4,1,2
1DrawMultiAngle,19,1768,2,8,2,S_W,3,1,2
1DrawMultiAngle,19,1769,2,9,2,NE_SE,1,1,2
1DrawMultiAngle,19,1770,2,10,2,SW_NW,3,1,1
1DrawMultiAngle,19,1771,2,11,2,N_E,3,1,1
1DrawMultiAngle,19,1772,2,12,2,NE_SE,4,1,1
1DrawMultiAngle,19,1773,2,13,2,SW_NW,2,1,2
1DrawMultiAngle,19,1774,2,14,2,S_W,1,1,2
1DrawMultiAngle,19,1775,2,15,2,NE_SE,2,1,2
1DrawMultiAngle,19,1776,2,16,2,NE_SE,3,1,1
1DrawMultiAngle,19,1777,2,17,2,SW_NW,2,1,1
1DrawMultiAngle,19,1778,2,18,2,N_E,1,1,1
1DrawMultiAngle,19,1779,2,19,2,N_E,1,1,2
1DrawMultiAngle,19,1780,2,20,2,NE_SE,3,1,2
1DrawMultiAngle,19,1781,2,21,2,N_E,2,1,2
1DrawMultiAngle,19,1782,2,22,2,N_E,3,1,2
1DrawMultiAngle,19,1783,2,23,2,NE_SE,4,1,2
1DrawMultiAngle,19,1784,2,24,2,SW_NW,1,1,2
1DrawMultiAngle,19,1785,2,25,2,S_W,3,1,1
1DrawMultiAngle,19,1786,2,26,2,NE_SE,1,1,1
1DrawMultiAngle,19,1787,2,27,2,SW_NW,3,1,2
1DrawMultiAngle,19,1788,2,28,2,NE_SE,2,1,1
1DrawMultiAngle,19,1789,2,29,2,S_W,1,1,1
1DrawMultiAngle,19,1790,2,30,2,S_W,2,1,2
1DrawMultiAngle,19,1791,2,31,2,S_W,4,1,1
1DrawMultiAngle,19,1792,2,32,2,SW_NW,4,1,2
1DrawMultiAngle,19,1793,3,1,3,SW_NW,1,1,1
1DrawMultiAngle,19,1794,3,2,3,N_E,2,1,1
1DrawMultiAngle,19,1795,3,3,3,SW_NW,4,1,1
1DrawMultiAngle,19,1796,3,4,3,N_E,4,1,1
1DrawMultiAngle,19,1797,3,5,3,N_E,4,1,2
1DrawMultiAngle,19,1798,3,6,3,S_W,2,1,1
1DrawMultiAngle,19,1799,3,7,3,S_W,4,1,2
1DrawMultiAngle,19,1800,3,8,3,S_W,3,1,2
1DrawMultiAngle,19,1801,3,9,3,NE_SE,1,1,2
1DrawMultiAngle,19,1802,3,10,3,SW_NW,3,1,1
1DrawMultiAngle,19,1803,3,11,3,N_E,3,1,1
1DrawMultiAngle,19,1804,3,12,3,NE_SE,4,1,1
1DrawMultiAngle,19,1805,3,13,3,SW_NW,2,1,2
1DrawMultiAngle,19,1806,3,14,3,S_W,1,1,2
1DrawMultiAngle,19,1807,3,15,3,NE_SE,2,1,2
1DrawMultiAngle,19,1808,3,16,3,NE_SE,3,1,1
1DrawMultiAngle,19,1809,3,17,3,SW_NW,2,1,1
1DrawMultiAngle,19,1810,3,18,3,N_E,1,1,1
1DrawMultiAngle,19,1811,3,19,3,N_E,1,1,2
1DrawMultiAngle,19,1812,3,20,3,NE_SE,3,1,2
1DrawMultiAngle,19,1813,3,21,3,N_E,2,1,2
1DrawMultiAngle,19,1814,3,22,3,N_E,3,1,2
1DrawMultiAngle,19,1815,3,23,3,NE_SE,4,1,2
1DrawMultiAngle,19,1816,3,24,3,SW_NW,1,1,2
1DrawMultiAngle,19,1817,3,25,3,S_W,3,1,1
1DrawMultiAngle,19,1818,3,26,3,NE_SE,1,1,1
1DrawMultiAngle,19,1819,3,27,3,SW_NW,3,1,2
1DrawMultiAngle,19,1820,3,28,3,NE_SE,2,1,1
1DrawMultiAngle,19,1821,3,29,3,S_W,1,1,1
1DrawMultiAngle,19,1822,3,30,3,S_W,2,1,2
1DrawMultiAngle,19,1823,3,31,3,S_W,4,1,1
1DrawMultiAngle,19,1824,3,32,3,SW_NW,4,1,2
1DrawMultiAngle,20,1825,1,1,1,SW_NW,1,1,2
1DrawMultiAngle,20,1826,1,2,1,N_E,2,1,2
1DrawMultiAngle,20,1827,1,3,1,SW_NW,4,1,2
1DrawMultiAngle,20,1828,1,4,1,N_E,4,1,2
1DrawMultiAngle,20,1829,1,5,1,S_W,1,1,1
1DrawMultiAngle,20,1830,1,6,1,S_W,2,1,2
1DrawMultiAngle,20,1831,1,7,1,NE_SE,1,1,1
1DrawMultiAngle,20,1832,1,8,1,S_W,4,1,1
1DrawMultiAngle,20,1833,1,9,1,NE_SE,2,1,1
1DrawMultiAngle,20,1834,1,10,1,SW_NW,3,1,2
1DrawMultiAngle,20,1835,1,11,1,N_E,3,1,2
1DrawMultiAngle,20,1836,1,12,1,NE_SE,4,1,2
1DrawMultiAngle,20,1837,1,13,1,SW_NW,3,1,1
1DrawMultiAngle,20,1838,1,14,1,S_W,2,1,1
1DrawMultiAngle,20,1839,1,15,1,NE_SE,3,1,1
1DrawMultiAngle,20,1840,1,16,1,NE_SE,3,1,2
1DrawMultiAngle,20,1841,1,17,1,SW_NW,2,1,2
1DrawMultiAngle,20,1842,1,18,1,N_E,1,1,2
1DrawMultiAngle,20,1843,1,19,1,N_E,2,1,1
1DrawMultiAngle,20,1844,1,20,1,NE_SE,4,1,1
1DrawMultiAngle,20,1845,1,21,1,N_E,3,1,1
1DrawMultiAngle,20,1846,1,22,1,N_E,4,1,1
1DrawMultiAngle,20,1847,1,23,1,SW_NW,1,1,1
1DrawMultiAngle,20,1848,1,24,1,SW_NW,2,1,1
1DrawMultiAngle,20,1849,1,25,1,S_W,3,1,2
1DrawMultiAngle,20,1850,1,26,1,NE_SE,1,1,2
1DrawMultiAngle,20,1851,1,27,1,SW_NW,4,1,1
1DrawMultiAngle,20,1852,1,28,1,NE_SE,2,1,2
1DrawMultiAngle,20,1853,1,29,1,S_W,1,1,2
1DrawMultiAngle,20,1854,1,30,1,S_W,3,1,1
1DrawMultiAngle,20,1855,1,31,1,S_W,4,1,2
1DrawMultiAngle,20,1856,1,32,1,N_E,1,1,1
1DrawMultiAngle,20,1857,2,1,2,SW_NW,1,1,2
1DrawMultiAngle,20,1858,2,2,2,N_E,2,1,2
1DrawMultiAngle,20,1859,2,3,2,SW_NW,4,1,2
1DrawMultiAngle,20,1860,2,4,2,N_E,4,1,2
1DrawMultiAngle,20,1861,2,5,2,S_W,1,1,1
1DrawMultiAngle,20,1862,2,6,2,S_W,2,1,2
1DrawMultiAngle,20,1863,2,7,2,NE_SE,1,1,1
1DrawMultiAngle,20,1864,2,8,2,S_W,4,1,1
1DrawMultiAngle,20,1865,2,9,2,NE_SE,2,1,1
1DrawMultiAngle,20,1866,2,10,2,SW_NW,3,1,2
1DrawMultiAngle,20,1867,2,11,2,N_E,3,1,2
1DrawMultiAngle,20,1868,2,12,2,NE_SE,4,1,2
1DrawMultiAngle,20,1869,2,13,2,SW_NW,3,1,1
1DrawMultiAngle,20,1870,2,14,2,S_W,2,1,1
1DrawMultiAngle,20,1871,2,15,2,NE_SE,3,1,1
1DrawMultiAngle,20,1872,2,16,2,NE_SE,3,1,2
1DrawMultiAngle,20,1873,2,17,2,SW_NW,2,1,2
1DrawMultiAngle,20,1874,2,18,2,N_E,1,1,2
1DrawMultiAngle,20,1875,2,19,2,N_E,2,1,1
1DrawMultiAngle,20,1876,2,20,2,NE_SE,4,1,1
1DrawMultiAngle,20,1877,2,21,2,N_E,3,1,1
1DrawMultiAngle,20,1878,2,22,2,N_E,4,1,1
1DrawMultiAngle,20,1879,2,23,2,SW_NW,1,1,1
1DrawMultiAngle,20,1880,2,24,2,SW_NW,2,1,1
1DrawMultiAngle,20,1881,2,25,2,S_W,3,1,2
1DrawMultiAngle,20,1882,2,26,2,NE_SE,1,1,2
1DrawMultiAngle,20,1883,2,27,2,SW_NW,4,1,1
1DrawMultiAngle,20,1884,2,28,2,NE_SE,2,1,2
1DrawMultiAngle,20,1885,2,29,2,S_W,1,1,2
1DrawMultiAngle,20,1886,2,30,2,S_W,3,1,1
1DrawMultiAngle,20,1887,2,31,2,S_W,4,1,2
1DrawMultiAngle,20,1888,2,32,2,N_E,1,1,1
1DrawMultiAngle,20,1889,3,1,3,SW_NW,1,1,2
1DrawMultiAngle,20,1890,3,2,3,N_E,2,1,2
1DrawMultiAngle,20,1891,3,3,3,SW_NW,4,1,2
1DrawMultiAngle,20,1892,3,4,3,N_E,4,1,2
1DrawMultiAngle,20,1893,3,5,3,S_W,1,1,1
1DrawMultiAngle,20,1894,3,6,3,S_W,2,1,2
1DrawMultiAngle,20,1895,3,7,3,NE_SE,1,1,1
1DrawMultiAngle,20,1896,3,8,3,S_W,4,1,1
1DrawMultiAngle,20,1897,3,9,3,NE_SE,2,1,1
1DrawMultiAngle,20,1898,3,10,3,SW_NW,3,1,2
1DrawMultiAngle,20,1899,3,11,3,N_E,3,1,2
1DrawMultiAngle,20,1900,3,12,3,NE_SE,4,1,2
1DrawMultiAngle,20,1901,3,13,3,SW_NW,3,1,1
1DrawMultiAngle,20,1902,3,14,3,S_W,2,1,1
1DrawMultiAngle,20,1903,3,15,3,NE_SE,3,1,1
1DrawMultiAngle,20,1904,3,16,3,NE_SE,3,1,2
1DrawMultiAngle,20,1905,3,17,3,SW_NW,2,1,2
1DrawMultiAngle,20,1906,3,18,3,N_E,1,1,2
1DrawMultiAngle,20,1907,3,19,3,N_E,2,1,1
1DrawMultiAngle,20,1908,3,20,3,NE_SE,4,1,1
1DrawMultiAngle,20,1909,3,21,3,N_E,3,1,1
1DrawMultiAngle,20,1910,3,22,3,N_E,4,1,1
1DrawMultiAngle,20,1911,3,23,3,SW_NW,1,1,1
1DrawMultiAngle,20,1912,3,24,3,SW_NW,2,1,1
1DrawMultiAngle,20,1913,3,25,3,S_W,3,1,2
1DrawMultiAngle,20,1914,3,26,3,NE_SE,1,1,2
1DrawMultiAngle,20,1915,3,27,3,SW_NW,4,1,1
1DrawMultiAngle,20,1916,3,28,3,NE_SE,2,1,2
1DrawMultiAngle,20,1917,3,29,3,S_W,1,1,2
1DrawMultiAngle,20,1918,3,30,3,S_W,3,1,1
1DrawMultiAngle,20,1919,3,31,3,S_W,4,1,2
1DrawMultiAngle,20,1920,3,32,3,N_E,1,1,1
