DesignName,ParticipantID,TrialID,Block1,Block2,Block,NbModi,Size,Repeat
KeyMultiModi,1,1,1,1,1,1,3,1
KeyMultiModi,1,2,1,2,1,2,1,1
KeyMultiModi,1,3,1,3,1,3,1,1
KeyMultiModi,1,4,1,4,1,3,3,1
KeyMultiModi,1,5,1,5,1,0,4,1
KeyMultiModi,1,6,1,6,1,2,4,1
KeyMultiModi,1,7,1,7,1,1,2,1
KeyMultiModi,1,8,1,8,1,0,1,1
KeyMultiModi,1,9,1,9,1,3,2,1
KeyMultiModi,1,10,1,10,1,2,3,1
KeyMultiModi,1,11,1,11,1,3,4,1
KeyMultiModi,1,12,1,12,1,1,1,1
KeyMultiModi,1,13,1,13,1,2,2,1
KeyMultiModi,1,14,1,14,1,1,4,1
KeyMultiModi,1,15,1,15,1,0,2,1
KeyMultiModi,1,16,1,16,1,0,3,1
KeyMultiModi,1,17,2,1,2,1,3,1
KeyMultiModi,1,18,2,2,2,2,1,1
KeyMultiModi,1,19,2,3,2,3,1,1
KeyMultiModi,1,20,2,4,2,3,3,1
KeyMultiModi,1,21,2,5,2,0,4,1
KeyMultiModi,1,22,2,6,2,2,4,1
KeyMultiModi,1,23,2,7,2,1,2,1
KeyMultiModi,1,24,2,8,2,0,1,1
KeyMultiModi,1,25,2,9,2,3,2,1
KeyMultiModi,1,26,2,10,2,2,3,1
KeyMultiModi,1,27,2,11,2,3,4,1
KeyMultiModi,1,28,2,12,2,1,1,1
KeyMultiModi,1,29,2,13,2,2,2,1
KeyMultiModi,1,30,2,14,2,1,4,1
KeyMultiModi,1,31,2,15,2,0,2,1
KeyMultiModi,1,32,2,16,2,0,3,1
KeyMultiModi,1,33,3,1,3,1,3,1
KeyMultiModi,1,34,3,2,3,2,1,1
KeyMultiModi,1,35,3,3,3,3,1,1
KeyMultiModi,1,36,3,4,3,3,3,1
KeyMultiModi,1,37,3,5,3,0,4,1
KeyMultiModi,1,38,3,6,3,2,4,1
KeyMultiModi,1,39,3,7,3,1,2,1
KeyMultiModi,1,40,3,8,3,0,1,1
KeyMultiModi,1,41,3,9,3,3,2,1
KeyMultiModi,1,42,3,10,3,2,3,1
KeyMultiModi,1,43,3,11,3,3,4,1
KeyMultiModi,1,44,3,12,3,1,1,1
KeyMultiModi,1,45,3,13,3,2,2,1
KeyMultiModi,1,46,3,14,3,1,4,1
KeyMultiModi,1,47,3,15,3,0,2,1
KeyMultiModi,1,48,3,16,3,0,3,1
KeyMultiModi,1,49,4,1,4,1,3,1
KeyMultiModi,1,50,4,2,4,2,1,1
KeyMultiModi,1,51,4,3,4,3,1,1
KeyMultiModi,1,52,4,4,4,3,3,1
KeyMultiModi,1,53,4,5,4,0,4,1
KeyMultiModi,1,54,4,6,4,2,4,1
KeyMultiModi,1,55,4,7,4,1,2,1
KeyMultiModi,1,56,4,8,4,0,1,1
KeyMultiModi,1,57,4,9,4,3,2,1
KeyMultiModi,1,58,4,10,4,2,3,1
KeyMultiModi,1,59,4,11,4,3,4,1
KeyMultiModi,1,60,4,12,4,1,1,1
KeyMultiModi,1,61,4,13,4,2,2,1
KeyMultiModi,1,62,4,14,4,1,4,1
KeyMultiModi,1,63,4,15,4,0,2,1
KeyMultiModi,1,64,4,16,4,0,3,1
KeyMultiModi,1,65,5,1,5,1,3,1
KeyMultiModi,1,66,5,2,5,2,1,1
KeyMultiModi,1,67,5,3,5,3,1,1
KeyMultiModi,1,68,5,4,5,3,3,1
KeyMultiModi,1,69,5,5,5,0,4,1
KeyMultiModi,1,70,5,6,5,2,4,1
KeyMultiModi,1,71,5,7,5,1,2,1
KeyMultiModi,1,72,5,8,5,0,1,1
KeyMultiModi,1,73,5,9,5,3,2,1
KeyMultiModi,1,74,5,10,5,2,3,1
KeyMultiModi,1,75,5,11,5,3,4,1
KeyMultiModi,1,76,5,12,5,1,1,1
KeyMultiModi,1,77,5,13,5,2,2,1
KeyMultiModi,1,78,5,14,5,1,4,1
KeyMultiModi,1,79,5,15,5,0,2,1
KeyMultiModi,1,80,5,16,5,0,3,1
KeyMultiModi,1,81,6,1,6,1,3,1
KeyMultiModi,1,82,6,2,6,2,1,1
KeyMultiModi,1,83,6,3,6,3,1,1
KeyMultiModi,1,84,6,4,6,3,3,1
KeyMultiModi,1,85,6,5,6,0,4,1
KeyMultiModi,1,86,6,6,6,2,4,1
KeyMultiModi,1,87,6,7,6,1,2,1
KeyMultiModi,1,88,6,8,6,0,1,1
KeyMultiModi,1,89,6,9,6,3,2,1
KeyMultiModi,1,90,6,10,6,2,3,1
KeyMultiModi,1,91,6,11,6,3,4,1
KeyMultiModi,1,92,6,12,6,1,1,1
KeyMultiModi,1,93,6,13,6,2,2,1
KeyMultiModi,1,94,6,14,6,1,4,1
KeyMultiModi,1,95,6,15,6,0,2,1
KeyMultiModi,1,96,6,16,6,0,3,1
KeyMultiModi,2,97,1,1,1,1,4,1
KeyMultiModi,2,98,1,2,1,2,2,1
KeyMultiModi,2,99,1,3,1,3,2,1
KeyMultiModi,2,100,1,4,1,3,4,1
KeyMultiModi,2,101,1,5,1,1,1,1
KeyMultiModi,2,102,1,6,1,3,1,1
KeyMultiModi,2,103,1,7,1,1,3,1
KeyMultiModi,2,104,1,8,1,0,2,1
KeyMultiModi,2,105,1,9,1,3,3,1
KeyMultiModi,2,106,1,10,1,2,4,1
KeyMultiModi,2,107,1,11,1,0,1,1
KeyMultiModi,2,108,1,12,1,1,2,1
KeyMultiModi,2,109,1,13,1,2,3,1
KeyMultiModi,2,110,1,14,1,2,1,1
KeyMultiModi,2,111,1,15,1,0,3,1
KeyMultiModi,2,112,1,16,1,0,4,1
KeyMultiModi,2,113,2,1,2,1,4,1
KeyMultiModi,2,114,2,2,2,2,2,1
KeyMultiModi,2,115,2,3,2,3,2,1
KeyMultiModi,2,116,2,4,2,3,4,1
KeyMultiModi,2,117,2,5,2,1,1,1
KeyMultiModi,2,118,2,6,2,3,1,1
KeyMultiModi,2,119,2,7,2,1,3,1
KeyMultiModi,2,120,2,8,2,0,2,1
KeyMultiModi,2,121,2,9,2,3,3,1
KeyMultiModi,2,122,2,10,2,2,4,1
KeyMultiModi,2,123,2,11,2,0,1,1
KeyMultiModi,2,124,2,12,2,1,2,1
KeyMultiModi,2,125,2,13,2,2,3,1
KeyMultiModi,2,126,2,14,2,2,1,1
KeyMultiModi,2,127,2,15,2,0,3,1
KeyMultiModi,2,128,2,16,2,0,4,1
KeyMultiModi,2,129,3,1,3,1,4,1
KeyMultiModi,2,130,3,2,3,2,2,1
KeyMultiModi,2,131,3,3,3,3,2,1
KeyMultiModi,2,132,3,4,3,3,4,1
KeyMultiModi,2,133,3,5,3,1,1,1
KeyMultiModi,2,134,3,6,3,3,1,1
KeyMultiModi,2,135,3,7,3,1,3,1
KeyMultiModi,2,136,3,8,3,0,2,1
KeyMultiModi,2,137,3,9,3,3,3,1
KeyMultiModi,2,138,3,10,3,2,4,1
KeyMultiModi,2,139,3,11,3,0,1,1
KeyMultiModi,2,140,3,12,3,1,2,1
KeyMultiModi,2,141,3,13,3,2,3,1
KeyMultiModi,2,142,3,14,3,2,1,1
KeyMultiModi,2,143,3,15,3,0,3,1
KeyMultiModi,2,144,3,16,3,0,4,1
KeyMultiModi,2,145,4,1,4,1,4,1
KeyMultiModi,2,146,4,2,4,2,2,1
KeyMultiModi,2,147,4,3,4,3,2,1
KeyMultiModi,2,148,4,4,4,3,4,1
KeyMultiModi,2,149,4,5,4,1,1,1
KeyMultiModi,2,150,4,6,4,3,1,1
KeyMultiModi,2,151,4,7,4,1,3,1
KeyMultiModi,2,152,4,8,4,0,2,1
KeyMultiModi,2,153,4,9,4,3,3,1
KeyMultiModi,2,154,4,10,4,2,4,1
KeyMultiModi,2,155,4,11,4,0,1,1
KeyMultiModi,2,156,4,12,4,1,2,1
KeyMultiModi,2,157,4,13,4,2,3,1
KeyMultiModi,2,158,4,14,4,2,1,1
KeyMultiModi,2,159,4,15,4,0,3,1
KeyMultiModi,2,160,4,16,4,0,4,1
KeyMultiModi,2,161,5,1,5,1,4,1
KeyMultiModi,2,162,5,2,5,2,2,1
KeyMultiModi,2,163,5,3,5,3,2,1
KeyMultiModi,2,164,5,4,5,3,4,1
KeyMultiModi,2,165,5,5,5,1,1,1
KeyMultiModi,2,166,5,6,5,3,1,1
KeyMultiModi,2,167,5,7,5,1,3,1
KeyMultiModi,2,168,5,8,5,0,2,1
KeyMultiModi,2,169,5,9,5,3,3,1
KeyMultiModi,2,170,5,10,5,2,4,1
KeyMultiModi,2,171,5,11,5,0,1,1
KeyMultiModi,2,172,5,12,5,1,2,1
KeyMultiModi,2,173,5,13,5,2,3,1
KeyMultiModi,2,174,5,14,5,2,1,1
KeyMultiModi,2,175,5,15,5,0,3,1
KeyMultiModi,2,176,5,16,5,0,4,1
KeyMultiModi,2,177,6,1,6,1,4,1
KeyMultiModi,2,178,6,2,6,2,2,1
KeyMultiModi,2,179,6,3,6,3,2,1
KeyMultiModi,2,180,6,4,6,3,4,1
KeyMultiModi,2,181,6,5,6,1,1,1
KeyMultiModi,2,182,6,6,6,3,1,1
KeyMultiModi,2,183,6,7,6,1,3,1
KeyMultiModi,2,184,6,8,6,0,2,1
KeyMultiModi,2,185,6,9,6,3,3,1
KeyMultiModi,2,186,6,10,6,2,4,1
KeyMultiModi,2,187,6,11,6,0,1,1
KeyMultiModi,2,188,6,12,6,1,2,1
KeyMultiModi,2,189,6,13,6,2,3,1
KeyMultiModi,2,190,6,14,6,2,1,1
KeyMultiModi,2,191,6,15,6,0,3,1
KeyMultiModi,2,192,6,16,6,0,4,1
KeyMultiModi,3,193,1,1,1,2,1,1
KeyMultiModi,3,194,1,2,1,2,3,1
KeyMultiModi,3,195,1,3,1,3,3,1
KeyMultiModi,3,196,1,4,1,0,1,1
KeyMultiModi,3,197,1,5,1,1,2,1
KeyMultiModi,3,198,1,6,1,3,2,1
KeyMultiModi,3,199,1,7,1,1,4,1
KeyMultiModi,3,200,1,8,1,0,3,1
KeyMultiModi,3,201,1,9,1,3,4,1
KeyMultiModi,3,202,1,10,1,3,1,1
KeyMultiModi,3,203,1,11,1,0,2,1
KeyMultiModi,3,204,1,12,1,1,3,1
KeyMultiModi,3,205,1,13,1,2,4,1
KeyMultiModi,3,206,1,14,1,2,2,1
KeyMultiModi,3,207,1,15,1,0,4,1
KeyMultiModi,3,208,1,16,1,1,1,1
KeyMultiModi,3,209,2,1,2,2,1,1
KeyMultiModi,3,210,2,2,2,2,3,1
KeyMultiModi,3,211,2,3,2,3,3,1
KeyMultiModi,3,212,2,4,2,0,1,1
KeyMultiModi,3,213,2,5,2,1,2,1
KeyMultiModi,3,214,2,6,2,3,2,1
KeyMultiModi,3,215,2,7,2,1,4,1
KeyMultiModi,3,216,2,8,2,0,3,1
KeyMultiModi,3,217,2,9,2,3,4,1
KeyMultiModi,3,218,2,10,2,3,1,1
KeyMultiModi,3,219,2,11,2,0,2,1
KeyMultiModi,3,220,2,12,2,1,3,1
KeyMultiModi,3,221,2,13,2,2,4,1
KeyMultiModi,3,222,2,14,2,2,2,1
KeyMultiModi,3,223,2,15,2,0,4,1
KeyMultiModi,3,224,2,16,2,1,1,1
KeyMultiModi,3,225,3,1,3,2,1,1
KeyMultiModi,3,226,3,2,3,2,3,1
KeyMultiModi,3,227,3,3,3,3,3,1
KeyMultiModi,3,228,3,4,3,0,1,1
KeyMultiModi,3,229,3,5,3,1,2,1
KeyMultiModi,3,230,3,6,3,3,2,1
KeyMultiModi,3,231,3,7,3,1,4,1
KeyMultiModi,3,232,3,8,3,0,3,1
KeyMultiModi,3,233,3,9,3,3,4,1
KeyMultiModi,3,234,3,10,3,3,1,1
KeyMultiModi,3,235,3,11,3,0,2,1
KeyMultiModi,3,236,3,12,3,1,3,1
KeyMultiModi,3,237,3,13,3,2,4,1
KeyMultiModi,3,238,3,14,3,2,2,1
KeyMultiModi,3,239,3,15,3,0,4,1
KeyMultiModi,3,240,3,16,3,1,1,1
KeyMultiModi,3,241,4,1,4,2,1,1
KeyMultiModi,3,242,4,2,4,2,3,1
KeyMultiModi,3,243,4,3,4,3,3,1
KeyMultiModi,3,244,4,4,4,0,1,1
KeyMultiModi,3,245,4,5,4,1,2,1
KeyMultiModi,3,246,4,6,4,3,2,1
KeyMultiModi,3,247,4,7,4,1,4,1
KeyMultiModi,3,248,4,8,4,0,3,1
KeyMultiModi,3,249,4,9,4,3,4,1
KeyMultiModi,3,250,4,10,4,3,1,1
KeyMultiModi,3,251,4,11,4,0,2,1
KeyMultiModi,3,252,4,12,4,1,3,1
KeyMultiModi,3,253,4,13,4,2,4,1
KeyMultiModi,3,254,4,14,4,2,2,1
KeyMultiModi,3,255,4,15,4,0,4,1
KeyMultiModi,3,256,4,16,4,1,1,1
KeyMultiModi,3,257,5,1,5,2,1,1
KeyMultiModi,3,258,5,2,5,2,3,1
KeyMultiModi,3,259,5,3,5,3,3,1
KeyMultiModi,3,260,5,4,5,0,1,1
KeyMultiModi,3,261,5,5,5,1,2,1
KeyMultiModi,3,262,5,6,5,3,2,1
KeyMultiModi,3,263,5,7,5,1,4,1
KeyMultiModi,3,264,5,8,5,0,3,1
KeyMultiModi,3,265,5,9,5,3,4,1
KeyMultiModi,3,266,5,10,5,3,1,1
KeyMultiModi,3,267,5,11,5,0,2,1
KeyMultiModi,3,268,5,12,5,1,3,1
KeyMultiModi,3,269,5,13,5,2,4,1
KeyMultiModi,3,270,5,14,5,2,2,1
KeyMultiModi,3,271,5,15,5,0,4,1
KeyMultiModi,3,272,5,16,5,1,1,1
KeyMultiModi,3,273,6,1,6,2,1,1
KeyMultiModi,3,274,6,2,6,2,3,1
KeyMultiModi,3,275,6,3,6,3,3,1
KeyMultiModi,3,276,6,4,6,0,1,1
KeyMultiModi,3,277,6,5,6,1,2,1
KeyMultiModi,3,278,6,6,6,3,2,1
KeyMultiModi,3,279,6,7,6,1,4,1
KeyMultiModi,3,280,6,8,6,0,3,1
KeyMultiModi,3,281,6,9,6,3,4,1
KeyMultiModi,3,282,6,10,6,3,1,1
KeyMultiModi,3,283,6,11,6,0,2,1
KeyMultiModi,3,284,6,12,6,1,3,1
KeyMultiModi,3,285,6,13,6,2,4,1
KeyMultiModi,3,286,6,14,6,2,2,1
KeyMultiModi,3,287,6,15,6,0,4,1
KeyMultiModi,3,288,6,16,6,1,1,1
KeyMultiModi,4,289,1,1,1,2,2,1
KeyMultiModi,4,290,1,2,1,2,4,1
KeyMultiModi,4,291,1,3,1,3,4,1
KeyMultiModi,4,292,1,4,1,0,2,1
KeyMultiModi,4,293,1,5,1,1,3,1
KeyMultiModi,4,294,1,6,1,3,3,1
KeyMultiModi,4,295,1,7,1,2,1,1
KeyMultiModi,4,296,1,8,1,0,4,1
KeyMultiModi,4,297,1,9,1,0,1,1
KeyMultiModi,4,298,1,10,1,3,2,1
KeyMultiModi,4,299,1,11,1,0,3,1
KeyMultiModi,4,300,1,12,1,1,4,1
KeyMultiModi,4,301,1,13,1,3,1,1
KeyMultiModi,4,302,1,14,1,2,3,1
KeyMultiModi,4,303,1,15,1,1,1,1
KeyMultiModi,4,304,1,16,1,1,2,1
KeyMultiModi,4,305,2,1,2,2,2,1
KeyMultiModi,4,306,2,2,2,2,4,1
KeyMultiModi,4,307,2,3,2,3,4,1
KeyMultiModi,4,308,2,4,2,0,2,1
KeyMultiModi,4,309,2,5,2,1,3,1
KeyMultiModi,4,310,2,6,2,3,3,1
KeyMultiModi,4,311,2,7,2,2,1,1
KeyMultiModi,4,312,2,8,2,0,4,1
KeyMultiModi,4,313,2,9,2,0,1,1
KeyMultiModi,4,314,2,10,2,3,2,1
KeyMultiModi,4,315,2,11,2,0,3,1
KeyMultiModi,4,316,2,12,2,1,4,1
KeyMultiModi,4,317,2,13,2,3,1,1
KeyMultiModi,4,318,2,14,2,2,3,1
KeyMultiModi,4,319,2,15,2,1,1,1
KeyMultiModi,4,320,2,16,2,1,2,1
KeyMultiModi,4,321,3,1,3,2,2,1
KeyMultiModi,4,322,3,2,3,2,4,1
KeyMultiModi,4,323,3,3,3,3,4,1
KeyMultiModi,4,324,3,4,3,0,2,1
KeyMultiModi,4,325,3,5,3,1,3,1
KeyMultiModi,4,326,3,6,3,3,3,1
KeyMultiModi,4,327,3,7,3,2,1,1
KeyMultiModi,4,328,3,8,3,0,4,1
KeyMultiModi,4,329,3,9,3,0,1,1
KeyMultiModi,4,330,3,10,3,3,2,1
KeyMultiModi,4,331,3,11,3,0,3,1
KeyMultiModi,4,332,3,12,3,1,4,1
KeyMultiModi,4,333,3,13,3,3,1,1
KeyMultiModi,4,334,3,14,3,2,3,1
KeyMultiModi,4,335,3,15,3,1,1,1
KeyMultiModi,4,336,3,16,3,1,2,1
KeyMultiModi,4,337,4,1,4,2,2,1
KeyMultiModi,4,338,4,2,4,2,4,1
KeyMultiModi,4,339,4,3,4,3,4,1
KeyMultiModi,4,340,4,4,4,0,2,1
KeyMultiModi,4,341,4,5,4,1,3,1
KeyMultiModi,4,342,4,6,4,3,3,1
KeyMultiModi,4,343,4,7,4,2,1,1
KeyMultiModi,4,344,4,8,4,0,4,1
KeyMultiModi,4,345,4,9,4,0,1,1
KeyMultiModi,4,346,4,10,4,3,2,1
KeyMultiModi,4,347,4,11,4,0,3,1
KeyMultiModi,4,348,4,12,4,1,4,1
KeyMultiModi,4,349,4,13,4,3,1,1
KeyMultiModi,4,350,4,14,4,2,3,1
KeyMultiModi,4,351,4,15,4,1,1,1
KeyMultiModi,4,352,4,16,4,1,2,1
KeyMultiModi,4,353,5,1,5,2,2,1
KeyMultiModi,4,354,5,2,5,2,4,1
KeyMultiModi,4,355,5,3,5,3,4,1
KeyMultiModi,4,356,5,4,5,0,2,1
KeyMultiModi,4,357,5,5,5,1,3,1
KeyMultiModi,4,358,5,6,5,3,3,1
KeyMultiModi,4,359,5,7,5,2,1,1
KeyMultiModi,4,360,5,8,5,0,4,1
KeyMultiModi,4,361,5,9,5,0,1,1
KeyMultiModi,4,362,5,10,5,3,2,1
KeyMultiModi,4,363,5,11,5,0,3,1
KeyMultiModi,4,364,5,12,5,1,4,1
KeyMultiModi,4,365,5,13,5,3,1,1
KeyMultiModi,4,366,5,14,5,2,3,1
KeyMultiModi,4,367,5,15,5,1,1,1
KeyMultiModi,4,368,5,16,5,1,2,1
KeyMultiModi,4,369,6,1,6,2,2,1
KeyMultiModi,4,370,6,2,6,2,4,1
KeyMultiModi,4,371,6,3,6,3,4,1
KeyMultiModi,4,372,6,4,6,0,2,1
KeyMultiModi,4,373,6,5,6,1,3,1
KeyMultiModi,4,374,6,6,6,3,3,1
KeyMultiModi,4,375,6,7,6,2,1,1
KeyMultiModi,4,376,6,8,6,0,4,1
KeyMultiModi,4,377,6,9,6,0,1,1
KeyMultiModi,4,378,6,10,6,3,2,1
KeyMultiModi,4,379,6,11,6,0,3,1
KeyMultiModi,4,380,6,12,6,1,4,1
KeyMultiModi,4,381,6,13,6,3,1,1
KeyMultiModi,4,382,6,14,6,2,3,1
KeyMultiModi,4,383,6,15,6,1,1,1
KeyMultiModi,4,384,6,16,6,1,2,1
KeyMultiModi,5,385,1,1,1,2,3,1
KeyMultiModi,5,386,1,2,1,3,1,1
KeyMultiModi,5,387,1,3,1,0,1,1
KeyMultiModi,5,388,1,4,1,0,3,1
KeyMultiModi,5,389,1,5,1,1,4,1
KeyMultiModi,5,390,1,6,1,3,4,1
KeyMultiModi,5,391,1,7,1,2,2,1
KeyMultiModi,5,392,1,8,1,1,1,1
KeyMultiModi,5,393,1,9,1,0,2,1
KeyMultiModi,5,394,1,10,1,3,3,1
KeyMultiModi,5,395,1,11,1,0,4,1
KeyMultiModi,5,396,1,12,1,2,1,1
KeyMultiModi,5,397,1,13,1,3,2,1
KeyMultiModi,5,398,1,14,1,2,4,1
KeyMultiModi,5,399,1,15,1,1,2,1
KeyMultiModi,5,400,1,16,1,1,3,1
KeyMultiModi,5,401,2,1,2,2,3,1
KeyMultiModi,5,402,2,2,2,3,1,1
KeyMultiModi,5,403,2,3,2,0,1,1
KeyMultiModi,5,404,2,4,2,0,3,1
KeyMultiModi,5,405,2,5,2,1,4,1
KeyMultiModi,5,406,2,6,2,3,4,1
KeyMultiModi,5,407,2,7,2,2,2,1
KeyMultiModi,5,408,2,8,2,1,1,1
KeyMultiModi,5,409,2,9,2,0,2,1
KeyMultiModi,5,410,2,10,2,3,3,1
KeyMultiModi,5,411,2,11,2,0,4,1
KeyMultiModi,5,412,2,12,2,2,1,1
KeyMultiModi,5,413,2,13,2,3,2,1
KeyMultiModi,5,414,2,14,2,2,4,1
KeyMultiModi,5,415,2,15,2,1,2,1
KeyMultiModi,5,416,2,16,2,1,3,1
KeyMultiModi,5,417,3,1,3,2,3,1
KeyMultiModi,5,418,3,2,3,3,1,1
KeyMultiModi,5,419,3,3,3,0,1,1
KeyMultiModi,5,420,3,4,3,0,3,1
KeyMultiModi,5,421,3,5,3,1,4,1
KeyMultiModi,5,422,3,6,3,3,4,1
KeyMultiModi,5,423,3,7,3,2,2,1
KeyMultiModi,5,424,3,8,3,1,1,1
KeyMultiModi,5,425,3,9,3,0,2,1
KeyMultiModi,5,426,3,10,3,3,3,1
KeyMultiModi,5,427,3,11,3,0,4,1
KeyMultiModi,5,428,3,12,3,2,1,1
KeyMultiModi,5,429,3,13,3,3,2,1
KeyMultiModi,5,430,3,14,3,2,4,1
KeyMultiModi,5,431,3,15,3,1,2,1
KeyMultiModi,5,432,3,16,3,1,3,1
KeyMultiModi,5,433,4,1,4,2,3,1
KeyMultiModi,5,434,4,2,4,3,1,1
KeyMultiModi,5,435,4,3,4,0,1,1
KeyMultiModi,5,436,4,4,4,0,3,1
KeyMultiModi,5,437,4,5,4,1,4,1
KeyMultiModi,5,438,4,6,4,3,4,1
KeyMultiModi,5,439,4,7,4,2,2,1
KeyMultiModi,5,440,4,8,4,1,1,1
KeyMultiModi,5,441,4,9,4,0,2,1
KeyMultiModi,5,442,4,10,4,3,3,1
KeyMultiModi,5,443,4,11,4,0,4,1
KeyMultiModi,5,444,4,12,4,2,1,1
KeyMultiModi,5,445,4,13,4,3,2,1
KeyMultiModi,5,446,4,14,4,2,4,1
KeyMultiModi,5,447,4,15,4,1,2,1
KeyMultiModi,5,448,4,16,4,1,3,1
KeyMultiModi,5,449,5,1,5,2,3,1
KeyMultiModi,5,450,5,2,5,3,1,1
KeyMultiModi,5,451,5,3,5,0,1,1
KeyMultiModi,5,452,5,4,5,0,3,1
KeyMultiModi,5,453,5,5,5,1,4,1
KeyMultiModi,5,454,5,6,5,3,4,1
KeyMultiModi,5,455,5,7,5,2,2,1
KeyMultiModi,5,456,5,8,5,1,1,1
KeyMultiModi,5,457,5,9,5,0,2,1
KeyMultiModi,5,458,5,10,5,3,3,1
KeyMultiModi,5,459,5,11,5,0,4,1
KeyMultiModi,5,460,5,12,5,2,1,1
KeyMultiModi,5,461,5,13,5,3,2,1
KeyMultiModi,5,462,5,14,5,2,4,1
KeyMultiModi,5,463,5,15,5,1,2,1
KeyMultiModi,5,464,5,16,5,1,3,1
KeyMultiModi,5,465,6,1,6,2,3,1
KeyMultiModi,5,466,6,2,6,3,1,1
KeyMultiModi,5,467,6,3,6,0,1,1
KeyMultiModi,5,468,6,4,6,0,3,1
KeyMultiModi,5,469,6,5,6,1,4,1
KeyMultiModi,5,470,6,6,6,3,4,1
KeyMultiModi,5,471,6,7,6,2,2,1
KeyMultiModi,5,472,6,8,6,1,1,1
KeyMultiModi,5,473,6,9,6,0,2,1
KeyMultiModi,5,474,6,10,6,3,3,1
KeyMultiModi,5,475,6,11,6,0,4,1
KeyMultiModi,5,476,6,12,6,2,1,1
KeyMultiModi,5,477,6,13,6,3,2,1
KeyMultiModi,5,478,6,14,6,2,4,1
KeyMultiModi,5,479,6,15,6,1,2,1
KeyMultiModi,5,480,6,16,6,1,3,1
KeyMultiModi,6,481,1,1,1,2,4,1
KeyMultiModi,6,482,1,2,1,3,2,1
KeyMultiModi,6,483,1,3,1,0,2,1
KeyMultiModi,6,484,1,4,1,0,4,1
KeyMultiModi,6,485,1,5,1,2,1,1
KeyMultiModi,6,486,1,6,1,0,1,1
KeyMultiModi,6,487,1,7,1,2,3,1
KeyMultiModi,6,488,1,8,1,1,2,1
KeyMultiModi,6,489,1,9,1,0,3,1
KeyMultiModi,6,490,1,10,1,3,4,1
KeyMultiModi,6,491,1,11,1,1,1,1
KeyMultiModi,6,492,1,12,1,2,2,1
KeyMultiModi,6,493,1,13,1,3,3,1
KeyMultiModi,6,494,1,14,1,3,1,1
KeyMultiModi,6,495,1,15,1,1,3,1
KeyMultiModi,6,496,1,16,1,1,4,1
KeyMultiModi,6,497,2,1,2,2,4,1
KeyMultiModi,6,498,2,2,2,3,2,1
KeyMultiModi,6,499,2,3,2,0,2,1
KeyMultiModi,6,500,2,4,2,0,4,1
KeyMultiModi,6,501,2,5,2,2,1,1
KeyMultiModi,6,502,2,6,2,0,1,1
KeyMultiModi,6,503,2,7,2,2,3,1
KeyMultiModi,6,504,2,8,2,1,2,1
KeyMultiModi,6,505,2,9,2,0,3,1
KeyMultiModi,6,506,2,10,2,3,4,1
KeyMultiModi,6,507,2,11,2,1,1,1
KeyMultiModi,6,508,2,12,2,2,2,1
KeyMultiModi,6,509,2,13,2,3,3,1
KeyMultiModi,6,510,2,14,2,3,1,1
KeyMultiModi,6,511,2,15,2,1,3,1
KeyMultiModi,6,512,2,16,2,1,4,1
KeyMultiModi,6,513,3,1,3,2,4,1
KeyMultiModi,6,514,3,2,3,3,2,1
KeyMultiModi,6,515,3,3,3,0,2,1
KeyMultiModi,6,516,3,4,3,0,4,1
KeyMultiModi,6,517,3,5,3,2,1,1
KeyMultiModi,6,518,3,6,3,0,1,1
KeyMultiModi,6,519,3,7,3,2,3,1
KeyMultiModi,6,520,3,8,3,1,2,1
KeyMultiModi,6,521,3,9,3,0,3,1
KeyMultiModi,6,522,3,10,3,3,4,1
KeyMultiModi,6,523,3,11,3,1,1,1
KeyMultiModi,6,524,3,12,3,2,2,1
KeyMultiModi,6,525,3,13,3,3,3,1
KeyMultiModi,6,526,3,14,3,3,1,1
KeyMultiModi,6,527,3,15,3,1,3,1
KeyMultiModi,6,528,3,16,3,1,4,1
KeyMultiModi,6,529,4,1,4,2,4,1
KeyMultiModi,6,530,4,2,4,3,2,1
KeyMultiModi,6,531,4,3,4,0,2,1
KeyMultiModi,6,532,4,4,4,0,4,1
KeyMultiModi,6,533,4,5,4,2,1,1
KeyMultiModi,6,534,4,6,4,0,1,1
KeyMultiModi,6,535,4,7,4,2,3,1
KeyMultiModi,6,536,4,8,4,1,2,1
KeyMultiModi,6,537,4,9,4,0,3,1
KeyMultiModi,6,538,4,10,4,3,4,1
KeyMultiModi,6,539,4,11,4,1,1,1
KeyMultiModi,6,540,4,12,4,2,2,1
KeyMultiModi,6,541,4,13,4,3,3,1
KeyMultiModi,6,542,4,14,4,3,1,1
KeyMultiModi,6,543,4,15,4,1,3,1
KeyMultiModi,6,544,4,16,4,1,4,1
KeyMultiModi,6,545,5,1,5,2,4,1
KeyMultiModi,6,546,5,2,5,3,2,1
KeyMultiModi,6,547,5,3,5,0,2,1
KeyMultiModi,6,548,5,4,5,0,4,1
KeyMultiModi,6,549,5,5,5,2,1,1
KeyMultiModi,6,550,5,6,5,0,1,1
KeyMultiModi,6,551,5,7,5,2,3,1
KeyMultiModi,6,552,5,8,5,1,2,1
KeyMultiModi,6,553,5,9,5,0,3,1
KeyMultiModi,6,554,5,10,5,3,4,1
KeyMultiModi,6,555,5,11,5,1,1,1
KeyMultiModi,6,556,5,12,5,2,2,1
KeyMultiModi,6,557,5,13,5,3,3,1
KeyMultiModi,6,558,5,14,5,3,1,1
KeyMultiModi,6,559,5,15,5,1,3,1
KeyMultiModi,6,560,5,16,5,1,4,1
KeyMultiModi,6,561,6,1,6,2,4,1
KeyMultiModi,6,562,6,2,6,3,2,1
KeyMultiModi,6,563,6,3,6,0,2,1
KeyMultiModi,6,564,6,4,6,0,4,1
KeyMultiModi,6,565,6,5,6,2,1,1
KeyMultiModi,6,566,6,6,6,0,1,1
KeyMultiModi,6,567,6,7,6,2,3,1
KeyMultiModi,6,568,6,8,6,1,2,1
KeyMultiModi,6,569,6,9,6,0,3,1
KeyMultiModi,6,570,6,10,6,3,4,1
KeyMultiModi,6,571,6,11,6,1,1,1
KeyMultiModi,6,572,6,12,6,2,2,1
KeyMultiModi,6,573,6,13,6,3,3,1
KeyMultiModi,6,574,6,14,6,3,1,1
KeyMultiModi,6,575,6,15,6,1,3,1
KeyMultiModi,6,576,6,16,6,1,4,1
KeyMultiModi,7,577,1,1,1,3,1,1
KeyMultiModi,7,578,1,2,1,3,3,1
KeyMultiModi,7,579,1,3,1,0,3,1
KeyMultiModi,7,580,1,4,1,1,1,1
KeyMultiModi,7,581,1,5,1,2,2,1
KeyMultiModi,7,582,1,6,1,0,2,1
KeyMultiModi,7,583,1,7,1,2,4,1
KeyMultiModi,7,584,1,8,1,1,3,1
KeyMultiModi,7,585,1,9,1,0,4,1
KeyMultiModi,7,586,1,10,1,0,1,1
KeyMultiModi,7,587,1,11,1,1,2,1
KeyMultiModi,7,588,1,12,1,2,3,1
KeyMultiModi,7,589,1,13,1,3,4,1
KeyMultiModi,7,590,1,14,1,3,2,1
KeyMultiModi,7,591,1,15,1,1,4,1
KeyMultiModi,7,592,1,16,1,2,1,1
KeyMultiModi,7,593,2,1,2,3,1,1
KeyMultiModi,7,594,2,2,2,3,3,1
KeyMultiModi,7,595,2,3,2,0,3,1
KeyMultiModi,7,596,2,4,2,1,1,1
KeyMultiModi,7,597,2,5,2,2,2,1
KeyMultiModi,7,598,2,6,2,0,2,1
KeyMultiModi,7,599,2,7,2,2,4,1
KeyMultiModi,7,600,2,8,2,1,3,1
KeyMultiModi,7,601,2,9,2,0,4,1
KeyMultiModi,7,602,2,10,2,0,1,1
KeyMultiModi,7,603,2,11,2,1,2,1
KeyMultiModi,7,604,2,12,2,2,3,1
KeyMultiModi,7,605,2,13,2,3,4,1
KeyMultiModi,7,606,2,14,2,3,2,1
KeyMultiModi,7,607,2,15,2,1,4,1
KeyMultiModi,7,608,2,16,2,2,1,1
KeyMultiModi,7,609,3,1,3,3,1,1
KeyMultiModi,7,610,3,2,3,3,3,1
KeyMultiModi,7,611,3,3,3,0,3,1
KeyMultiModi,7,612,3,4,3,1,1,1
KeyMultiModi,7,613,3,5,3,2,2,1
KeyMultiModi,7,614,3,6,3,0,2,1
KeyMultiModi,7,615,3,7,3,2,4,1
KeyMultiModi,7,616,3,8,3,1,3,1
KeyMultiModi,7,617,3,9,3,0,4,1
KeyMultiModi,7,618,3,10,3,0,1,1
KeyMultiModi,7,619,3,11,3,1,2,1
KeyMultiModi,7,620,3,12,3,2,3,1
KeyMultiModi,7,621,3,13,3,3,4,1
KeyMultiModi,7,622,3,14,3,3,2,1
KeyMultiModi,7,623,3,15,3,1,4,1
KeyMultiModi,7,624,3,16,3,2,1,1
KeyMultiModi,7,625,4,1,4,3,1,1
KeyMultiModi,7,626,4,2,4,3,3,1
KeyMultiModi,7,627,4,3,4,0,3,1
KeyMultiModi,7,628,4,4,4,1,1,1
KeyMultiModi,7,629,4,5,4,2,2,1
KeyMultiModi,7,630,4,6,4,0,2,1
KeyMultiModi,7,631,4,7,4,2,4,1
KeyMultiModi,7,632,4,8,4,1,3,1
KeyMultiModi,7,633,4,9,4,0,4,1
KeyMultiModi,7,634,4,10,4,0,1,1
KeyMultiModi,7,635,4,11,4,1,2,1
KeyMultiModi,7,636,4,12,4,2,3,1
KeyMultiModi,7,637,4,13,4,3,4,1
KeyMultiModi,7,638,4,14,4,3,2,1
KeyMultiModi,7,639,4,15,4,1,4,1
KeyMultiModi,7,640,4,16,4,2,1,1
KeyMultiModi,7,641,5,1,5,3,1,1
KeyMultiModi,7,642,5,2,5,3,3,1
KeyMultiModi,7,643,5,3,5,0,3,1
KeyMultiModi,7,644,5,4,5,1,1,1
KeyMultiModi,7,645,5,5,5,2,2,1
KeyMultiModi,7,646,5,6,5,0,2,1
KeyMultiModi,7,647,5,7,5,2,4,1
KeyMultiModi,7,648,5,8,5,1,3,1
KeyMultiModi,7,649,5,9,5,0,4,1
KeyMultiModi,7,650,5,10,5,0,1,1
KeyMultiModi,7,651,5,11,5,1,2,1
KeyMultiModi,7,652,5,12,5,2,3,1
KeyMultiModi,7,653,5,13,5,3,4,1
KeyMultiModi,7,654,5,14,5,3,2,1
KeyMultiModi,7,655,5,15,5,1,4,1
KeyMultiModi,7,656,5,16,5,2,1,1
KeyMultiModi,7,657,6,1,6,3,1,1
KeyMultiModi,7,658,6,2,6,3,3,1
KeyMultiModi,7,659,6,3,6,0,3,1
KeyMultiModi,7,660,6,4,6,1,1,1
KeyMultiModi,7,661,6,5,6,2,2,1
KeyMultiModi,7,662,6,6,6,0,2,1
KeyMultiModi,7,663,6,7,6,2,4,1
KeyMultiModi,7,664,6,8,6,1,3,1
KeyMultiModi,7,665,6,9,6,0,4,1
KeyMultiModi,7,666,6,10,6,0,1,1
KeyMultiModi,7,667,6,11,6,1,2,1
KeyMultiModi,7,668,6,12,6,2,3,1
KeyMultiModi,7,669,6,13,6,3,4,1
KeyMultiModi,7,670,6,14,6,3,2,1
KeyMultiModi,7,671,6,15,6,1,4,1
KeyMultiModi,7,672,6,16,6,2,1,1
KeyMultiModi,8,673,1,1,1,3,2,1
KeyMultiModi,8,674,1,2,1,3,4,1
KeyMultiModi,8,675,1,3,1,0,4,1
KeyMultiModi,8,676,1,4,1,1,2,1
KeyMultiModi,8,677,1,5,1,2,3,1
KeyMultiModi,8,678,1,6,1,0,3,1
KeyMultiModi,8,679,1,7,1,3,1,1
KeyMultiModi,8,680,1,8,1,1,4,1
KeyMultiModi,8,681,1,9,1,1,1,1
KeyMultiModi,8,682,1,10,1,0,2,1
KeyMultiModi,8,683,1,11,1,1,3,1
KeyMultiModi,8,684,1,12,1,2,4,1
KeyMultiModi,8,685,1,13,1,0,1,1
KeyMultiModi,8,686,1,14,1,3,3,1
KeyMultiModi,8,687,1,15,1,2,1,1
KeyMultiModi,8,688,1,16,1,2,2,1
KeyMultiModi,8,689,2,1,2,3,2,1
KeyMultiModi,8,690,2,2,2,3,4,1
KeyMultiModi,8,691,2,3,2,0,4,1
KeyMultiModi,8,692,2,4,2,1,2,1
KeyMultiModi,8,693,2,5,2,2,3,1
KeyMultiModi,8,694,2,6,2,0,3,1
KeyMultiModi,8,695,2,7,2,3,1,1
KeyMultiModi,8,696,2,8,2,1,4,1
KeyMultiModi,8,697,2,9,2,1,1,1
KeyMultiModi,8,698,2,10,2,0,2,1
KeyMultiModi,8,699,2,11,2,1,3,1
KeyMultiModi,8,700,2,12,2,2,4,1
KeyMultiModi,8,701,2,13,2,0,1,1
KeyMultiModi,8,702,2,14,2,3,3,1
KeyMultiModi,8,703,2,15,2,2,1,1
KeyMultiModi,8,704,2,16,2,2,2,1
KeyMultiModi,8,705,3,1,3,3,2,1
KeyMultiModi,8,706,3,2,3,3,4,1
KeyMultiModi,8,707,3,3,3,0,4,1
KeyMultiModi,8,708,3,4,3,1,2,1
KeyMultiModi,8,709,3,5,3,2,3,1
KeyMultiModi,8,710,3,6,3,0,3,1
KeyMultiModi,8,711,3,7,3,3,1,1
KeyMultiModi,8,712,3,8,3,1,4,1
KeyMultiModi,8,713,3,9,3,1,1,1
KeyMultiModi,8,714,3,10,3,0,2,1
KeyMultiModi,8,715,3,11,3,1,3,1
KeyMultiModi,8,716,3,12,3,2,4,1
KeyMultiModi,8,717,3,13,3,0,1,1
KeyMultiModi,8,718,3,14,3,3,3,1
KeyMultiModi,8,719,3,15,3,2,1,1
KeyMultiModi,8,720,3,16,3,2,2,1
KeyMultiModi,8,721,4,1,4,3,2,1
KeyMultiModi,8,722,4,2,4,3,4,1
KeyMultiModi,8,723,4,3,4,0,4,1
KeyMultiModi,8,724,4,4,4,1,2,1
KeyMultiModi,8,725,4,5,4,2,3,1
KeyMultiModi,8,726,4,6,4,0,3,1
KeyMultiModi,8,727,4,7,4,3,1,1
KeyMultiModi,8,728,4,8,4,1,4,1
KeyMultiModi,8,729,4,9,4,1,1,1
KeyMultiModi,8,730,4,10,4,0,2,1
KeyMultiModi,8,731,4,11,4,1,3,1
KeyMultiModi,8,732,4,12,4,2,4,1
KeyMultiModi,8,733,4,13,4,0,1,1
KeyMultiModi,8,734,4,14,4,3,3,1
KeyMultiModi,8,735,4,15,4,2,1,1
KeyMultiModi,8,736,4,16,4,2,2,1
KeyMultiModi,8,737,5,1,5,3,2,1
KeyMultiModi,8,738,5,2,5,3,4,1
KeyMultiModi,8,739,5,3,5,0,4,1
KeyMultiModi,8,740,5,4,5,1,2,1
KeyMultiModi,8,741,5,5,5,2,3,1
KeyMultiModi,8,742,5,6,5,0,3,1
KeyMultiModi,8,743,5,7,5,3,1,1
KeyMultiModi,8,744,5,8,5,1,4,1
KeyMultiModi,8,745,5,9,5,1,1,1
KeyMultiModi,8,746,5,10,5,0,2,1
KeyMultiModi,8,747,5,11,5,1,3,1
KeyMultiModi,8,748,5,12,5,2,4,1
KeyMultiModi,8,749,5,13,5,0,1,1
KeyMultiModi,8,750,5,14,5,3,3,1
KeyMultiModi,8,751,5,15,5,2,1,1
KeyMultiModi,8,752,5,16,5,2,2,1
KeyMultiModi,8,753,6,1,6,3,2,1
KeyMultiModi,8,754,6,2,6,3,4,1
KeyMultiModi,8,755,6,3,6,0,4,1
KeyMultiModi,8,756,6,4,6,1,2,1
KeyMultiModi,8,757,6,5,6,2,3,1
KeyMultiModi,8,758,6,6,6,0,3,1
KeyMultiModi,8,759,6,7,6,3,1,1
KeyMultiModi,8,760,6,8,6,1,4,1
KeyMultiModi,8,761,6,9,6,1,1,1
KeyMultiModi,8,762,6,10,6,0,2,1
KeyMultiModi,8,763,6,11,6,1,3,1
KeyMultiModi,8,764,6,12,6,2,4,1
KeyMultiModi,8,765,6,13,6,0,1,1
KeyMultiModi,8,766,6,14,6,3,3,1
KeyMultiModi,8,767,6,15,6,2,1,1
KeyMultiModi,8,768,6,16,6,2,2,1
KeyMultiModi,9,769,1,1,1,3,3,1
KeyMultiModi,9,770,1,2,1,0,1,1
KeyMultiModi,9,771,1,3,1,1,1,1
KeyMultiModi,9,772,1,4,1,1,3,1
KeyMultiModi,9,773,1,5,1,2,4,1
KeyMultiModi,9,774,1,6,1,0,4,1
KeyMultiModi,9,775,1,7,1,3,2,1
KeyMultiModi,9,776,1,8,1,2,1,1
KeyMultiModi,9,777,1,9,1,1,2,1
KeyMultiModi,9,778,1,10,1,0,3,1
KeyMultiModi,9,779,1,11,1,1,4,1
KeyMultiModi,9,780,1,12,1,3,1,1
KeyMultiModi,9,781,1,13,1,0,2,1
KeyMultiModi,9,782,1,14,1,3,4,1
KeyMultiModi,9,783,1,15,1,2,2,1
KeyMultiModi,9,784,1,16,1,2,3,1
KeyMultiModi,9,785,2,1,2,3,3,1
KeyMultiModi,9,786,2,2,2,0,1,1
KeyMultiModi,9,787,2,3,2,1,1,1
KeyMultiModi,9,788,2,4,2,1,3,1
KeyMultiModi,9,789,2,5,2,2,4,1
KeyMultiModi,9,790,2,6,2,0,4,1
KeyMultiModi,9,791,2,7,2,3,2,1
KeyMultiModi,9,792,2,8,2,2,1,1
KeyMultiModi,9,793,2,9,2,1,2,1
KeyMultiModi,9,794,2,10,2,0,3,1
KeyMultiModi,9,795,2,11,2,1,4,1
KeyMultiModi,9,796,2,12,2,3,1,1
KeyMultiModi,9,797,2,13,2,0,2,1
KeyMultiModi,9,798,2,14,2,3,4,1
KeyMultiModi,9,799,2,15,2,2,2,1
KeyMultiModi,9,800,2,16,2,2,3,1
KeyMultiModi,9,801,3,1,3,3,3,1
KeyMultiModi,9,802,3,2,3,0,1,1
KeyMultiModi,9,803,3,3,3,1,1,1
KeyMultiModi,9,804,3,4,3,1,3,1
KeyMultiModi,9,805,3,5,3,2,4,1
KeyMultiModi,9,806,3,6,3,0,4,1
KeyMultiModi,9,807,3,7,3,3,2,1
KeyMultiModi,9,808,3,8,3,2,1,1
KeyMultiModi,9,809,3,9,3,1,2,1
KeyMultiModi,9,810,3,10,3,0,3,1
KeyMultiModi,9,811,3,11,3,1,4,1
KeyMultiModi,9,812,3,12,3,3,1,1
KeyMultiModi,9,813,3,13,3,0,2,1
KeyMultiModi,9,814,3,14,3,3,4,1
KeyMultiModi,9,815,3,15,3,2,2,1
KeyMultiModi,9,816,3,16,3,2,3,1
KeyMultiModi,9,817,4,1,4,3,3,1
KeyMultiModi,9,818,4,2,4,0,1,1
KeyMultiModi,9,819,4,3,4,1,1,1
KeyMultiModi,9,820,4,4,4,1,3,1
KeyMultiModi,9,821,4,5,4,2,4,1
KeyMultiModi,9,822,4,6,4,0,4,1
KeyMultiModi,9,823,4,7,4,3,2,1
KeyMultiModi,9,824,4,8,4,2,1,1
KeyMultiModi,9,825,4,9,4,1,2,1
KeyMultiModi,9,826,4,10,4,0,3,1
KeyMultiModi,9,827,4,11,4,1,4,1
KeyMultiModi,9,828,4,12,4,3,1,1
KeyMultiModi,9,829,4,13,4,0,2,1
KeyMultiModi,9,830,4,14,4,3,4,1
KeyMultiModi,9,831,4,15,4,2,2,1
KeyMultiModi,9,832,4,16,4,2,3,1
KeyMultiModi,9,833,5,1,5,3,3,1
KeyMultiModi,9,834,5,2,5,0,1,1
KeyMultiModi,9,835,5,3,5,1,1,1
KeyMultiModi,9,836,5,4,5,1,3,1
KeyMultiModi,9,837,5,5,5,2,4,1
KeyMultiModi,9,838,5,6,5,0,4,1
KeyMultiModi,9,839,5,7,5,3,2,1
KeyMultiModi,9,840,5,8,5,2,1,1
KeyMultiModi,9,841,5,9,5,1,2,1
KeyMultiModi,9,842,5,10,5,0,3,1
KeyMultiModi,9,843,5,11,5,1,4,1
KeyMultiModi,9,844,5,12,5,3,1,1
KeyMultiModi,9,845,5,13,5,0,2,1
KeyMultiModi,9,846,5,14,5,3,4,1
KeyMultiModi,9,847,5,15,5,2,2,1
KeyMultiModi,9,848,5,16,5,2,3,1
KeyMultiModi,9,849,6,1,6,3,3,1
KeyMultiModi,9,850,6,2,6,0,1,1
KeyMultiModi,9,851,6,3,6,1,1,1
KeyMultiModi,9,852,6,4,6,1,3,1
KeyMultiModi,9,853,6,5,6,2,4,1
KeyMultiModi,9,854,6,6,6,0,4,1
KeyMultiModi,9,855,6,7,6,3,2,1
KeyMultiModi,9,856,6,8,6,2,1,1
KeyMultiModi,9,857,6,9,6,1,2,1
KeyMultiModi,9,858,6,10,6,0,3,1
KeyMultiModi,9,859,6,11,6,1,4,1
KeyMultiModi,9,860,6,12,6,3,1,1
KeyMultiModi,9,861,6,13,6,0,2,1
KeyMultiModi,9,862,6,14,6,3,4,1
KeyMultiModi,9,863,6,15,6,2,2,1
KeyMultiModi,9,864,6,16,6,2,3,1
KeyMultiModi,10,865,1,1,1,3,4,1
KeyMultiModi,10,866,1,2,1,0,2,1
KeyMultiModi,10,867,1,3,1,1,2,1
KeyMultiModi,10,868,1,4,1,1,4,1
KeyMultiModi,10,869,1,5,1,3,1,1
KeyMultiModi,10,870,1,6,1,1,1,1
KeyMultiModi,10,871,1,7,1,3,3,1
KeyMultiModi,10,872,1,8,1,2,2,1
KeyMultiModi,10,873,1,9,1,1,3,1
KeyMultiModi,10,874,1,10,1,0,4,1
KeyMultiModi,10,875,1,11,1,2,1,1
KeyMultiModi,10,876,1,12,1,3,2,1
KeyMultiModi,10,877,1,13,1,0,3,1
KeyMultiModi,10,878,1,14,1,0,1,1
KeyMultiModi,10,879,1,15,1,2,3,1
KeyMultiModi,10,880,1,16,1,2,4,1
KeyMultiModi,10,881,2,1,2,3,4,1
KeyMultiModi,10,882,2,2,2,0,2,1
KeyMultiModi,10,883,2,3,2,1,2,1
KeyMultiModi,10,884,2,4,2,1,4,1
KeyMultiModi,10,885,2,5,2,3,1,1
KeyMultiModi,10,886,2,6,2,1,1,1
KeyMultiModi,10,887,2,7,2,3,3,1
KeyMultiModi,10,888,2,8,2,2,2,1
KeyMultiModi,10,889,2,9,2,1,3,1
KeyMultiModi,10,890,2,10,2,0,4,1
KeyMultiModi,10,891,2,11,2,2,1,1
KeyMultiModi,10,892,2,12,2,3,2,1
KeyMultiModi,10,893,2,13,2,0,3,1
KeyMultiModi,10,894,2,14,2,0,1,1
KeyMultiModi,10,895,2,15,2,2,3,1
KeyMultiModi,10,896,2,16,2,2,4,1
KeyMultiModi,10,897,3,1,3,3,4,1
KeyMultiModi,10,898,3,2,3,0,2,1
KeyMultiModi,10,899,3,3,3,1,2,1
KeyMultiModi,10,900,3,4,3,1,4,1
KeyMultiModi,10,901,3,5,3,3,1,1
KeyMultiModi,10,902,3,6,3,1,1,1
KeyMultiModi,10,903,3,7,3,3,3,1
KeyMultiModi,10,904,3,8,3,2,2,1
KeyMultiModi,10,905,3,9,3,1,3,1
KeyMultiModi,10,906,3,10,3,0,4,1
KeyMultiModi,10,907,3,11,3,2,1,1
KeyMultiModi,10,908,3,12,3,3,2,1
KeyMultiModi,10,909,3,13,3,0,3,1
KeyMultiModi,10,910,3,14,3,0,1,1
KeyMultiModi,10,911,3,15,3,2,3,1
KeyMultiModi,10,912,3,16,3,2,4,1
KeyMultiModi,10,913,4,1,4,3,4,1
KeyMultiModi,10,914,4,2,4,0,2,1
KeyMultiModi,10,915,4,3,4,1,2,1
KeyMultiModi,10,916,4,4,4,1,4,1
KeyMultiModi,10,917,4,5,4,3,1,1
KeyMultiModi,10,918,4,6,4,1,1,1
KeyMultiModi,10,919,4,7,4,3,3,1
KeyMultiModi,10,920,4,8,4,2,2,1
KeyMultiModi,10,921,4,9,4,1,3,1
KeyMultiModi,10,922,4,10,4,0,4,1
KeyMultiModi,10,923,4,11,4,2,1,1
KeyMultiModi,10,924,4,12,4,3,2,1
KeyMultiModi,10,925,4,13,4,0,3,1
KeyMultiModi,10,926,4,14,4,0,1,1
KeyMultiModi,10,927,4,15,4,2,3,1
KeyMultiModi,10,928,4,16,4,2,4,1
KeyMultiModi,10,929,5,1,5,3,4,1
KeyMultiModi,10,930,5,2,5,0,2,1
KeyMultiModi,10,931,5,3,5,1,2,1
KeyMultiModi,10,932,5,4,5,1,4,1
KeyMultiModi,10,933,5,5,5,3,1,1
KeyMultiModi,10,934,5,6,5,1,1,1
KeyMultiModi,10,935,5,7,5,3,3,1
KeyMultiModi,10,936,5,8,5,2,2,1
KeyMultiModi,10,937,5,9,5,1,3,1
KeyMultiModi,10,938,5,10,5,0,4,1
KeyMultiModi,10,939,5,11,5,2,1,1
KeyMultiModi,10,940,5,12,5,3,2,1
KeyMultiModi,10,941,5,13,5,0,3,1
KeyMultiModi,10,942,5,14,5,0,1,1
KeyMultiModi,10,943,5,15,5,2,3,1
KeyMultiModi,10,944,5,16,5,2,4,1
KeyMultiModi,10,945,6,1,6,3,4,1
KeyMultiModi,10,946,6,2,6,0,2,1
KeyMultiModi,10,947,6,3,6,1,2,1
KeyMultiModi,10,948,6,4,6,1,4,1
KeyMultiModi,10,949,6,5,6,3,1,1
KeyMultiModi,10,950,6,6,6,1,1,1
KeyMultiModi,10,951,6,7,6,3,3,1
KeyMultiModi,10,952,6,8,6,2,2,1
KeyMultiModi,10,953,6,9,6,1,3,1
KeyMultiModi,10,954,6,10,6,0,4,1
KeyMultiModi,10,955,6,11,6,2,1,1
KeyMultiModi,10,956,6,12,6,3,2,1
KeyMultiModi,10,957,6,13,6,0,3,1
KeyMultiModi,10,958,6,14,6,0,1,1
KeyMultiModi,10,959,6,15,6,2,3,1
KeyMultiModi,10,960,6,16,6,2,4,1
KeyMultiModi,11,961,1,1,1,0,1,1
KeyMultiModi,11,962,1,2,1,0,3,1
KeyMultiModi,11,963,1,3,1,1,3,1
KeyMultiModi,11,964,1,4,1,2,1,1
KeyMultiModi,11,965,1,5,1,3,2,1
KeyMultiModi,11,966,1,6,1,1,2,1
KeyMultiModi,11,967,1,7,1,3,4,1
KeyMultiModi,11,968,1,8,1,2,3,1
KeyMultiModi,11,969,1,9,1,1,4,1
KeyMultiModi,11,970,1,10,1,1,1,1
KeyMultiModi,11,971,1,11,1,2,2,1
KeyMultiModi,11,972,1,12,1,3,3,1
KeyMultiModi,11,973,1,13,1,0,4,1
KeyMultiModi,11,974,1,14,1,0,2,1
KeyMultiModi,11,975,1,15,1,2,4,1
KeyMultiModi,11,976,1,16,1,3,1,1
KeyMultiModi,11,977,2,1,2,0,1,1
KeyMultiModi,11,978,2,2,2,0,3,1
KeyMultiModi,11,979,2,3,2,1,3,1
KeyMultiModi,11,980,2,4,2,2,1,1
KeyMultiModi,11,981,2,5,2,3,2,1
KeyMultiModi,11,982,2,6,2,1,2,1
KeyMultiModi,11,983,2,7,2,3,4,1
KeyMultiModi,11,984,2,8,2,2,3,1
KeyMultiModi,11,985,2,9,2,1,4,1
KeyMultiModi,11,986,2,10,2,1,1,1
KeyMultiModi,11,987,2,11,2,2,2,1
KeyMultiModi,11,988,2,12,2,3,3,1
KeyMultiModi,11,989,2,13,2,0,4,1
KeyMultiModi,11,990,2,14,2,0,2,1
KeyMultiModi,11,991,2,15,2,2,4,1
KeyMultiModi,11,992,2,16,2,3,1,1
KeyMultiModi,11,993,3,1,3,0,1,1
KeyMultiModi,11,994,3,2,3,0,3,1
KeyMultiModi,11,995,3,3,3,1,3,1
KeyMultiModi,11,996,3,4,3,2,1,1
KeyMultiModi,11,997,3,5,3,3,2,1
KeyMultiModi,11,998,3,6,3,1,2,1
KeyMultiModi,11,999,3,7,3,3,4,1
KeyMultiModi,11,1000,3,8,3,2,3,1
KeyMultiModi,11,1001,3,9,3,1,4,1
KeyMultiModi,11,1002,3,10,3,1,1,1
KeyMultiModi,11,1003,3,11,3,2,2,1
KeyMultiModi,11,1004,3,12,3,3,3,1
KeyMultiModi,11,1005,3,13,3,0,4,1
KeyMultiModi,11,1006,3,14,3,0,2,1
KeyMultiModi,11,1007,3,15,3,2,4,1
KeyMultiModi,11,1008,3,16,3,3,1,1
KeyMultiModi,11,1009,4,1,4,0,1,1
KeyMultiModi,11,1010,4,2,4,0,3,1
KeyMultiModi,11,1011,4,3,4,1,3,1
KeyMultiModi,11,1012,4,4,4,2,1,1
KeyMultiModi,11,1013,4,5,4,3,2,1
KeyMultiModi,11,1014,4,6,4,1,2,1
KeyMultiModi,11,1015,4,7,4,3,4,1
KeyMultiModi,11,1016,4,8,4,2,3,1
KeyMultiModi,11,1017,4,9,4,1,4,1
KeyMultiModi,11,1018,4,10,4,1,1,1
KeyMultiModi,11,1019,4,11,4,2,2,1
KeyMultiModi,11,1020,4,12,4,3,3,1
KeyMultiModi,11,1021,4,13,4,0,4,1
KeyMultiModi,11,1022,4,14,4,0,2,1
KeyMultiModi,11,1023,4,15,4,2,4,1
KeyMultiModi,11,1024,4,16,4,3,1,1
KeyMultiModi,11,1025,5,1,5,0,1,1
KeyMultiModi,11,1026,5,2,5,0,3,1
KeyMultiModi,11,1027,5,3,5,1,3,1
KeyMultiModi,11,1028,5,4,5,2,1,1
KeyMultiModi,11,1029,5,5,5,3,2,1
KeyMultiModi,11,1030,5,6,5,1,2,1
KeyMultiModi,11,1031,5,7,5,3,4,1
KeyMultiModi,11,1032,5,8,5,2,3,1
KeyMultiModi,11,1033,5,9,5,1,4,1
KeyMultiModi,11,1034,5,10,5,1,1,1
KeyMultiModi,11,1035,5,11,5,2,2,1
KeyMultiModi,11,1036,5,12,5,3,3,1
KeyMultiModi,11,1037,5,13,5,0,4,1
KeyMultiModi,11,1038,5,14,5,0,2,1
KeyMultiModi,11,1039,5,15,5,2,4,1
KeyMultiModi,11,1040,5,16,5,3,1,1
KeyMultiModi,11,1041,6,1,6,0,1,1
KeyMultiModi,11,1042,6,2,6,0,3,1
KeyMultiModi,11,1043,6,3,6,1,3,1
KeyMultiModi,11,1044,6,4,6,2,1,1
KeyMultiModi,11,1045,6,5,6,3,2,1
KeyMultiModi,11,1046,6,6,6,1,2,1
KeyMultiModi,11,1047,6,7,6,3,4,1
KeyMultiModi,11,1048,6,8,6,2,3,1
KeyMultiModi,11,1049,6,9,6,1,4,1
KeyMultiModi,11,1050,6,10,6,1,1,1
KeyMultiModi,11,1051,6,11,6,2,2,1
KeyMultiModi,11,1052,6,12,6,3,3,1
KeyMultiModi,11,1053,6,13,6,0,4,1
KeyMultiModi,11,1054,6,14,6,0,2,1
KeyMultiModi,11,1055,6,15,6,2,4,1
KeyMultiModi,11,1056,6,16,6,3,1,1
KeyMultiModi,12,1057,1,1,1,0,2,1
KeyMultiModi,12,1058,1,2,1,0,4,1
KeyMultiModi,12,1059,1,3,1,1,4,1
KeyMultiModi,12,1060,1,4,1,2,2,1
KeyMultiModi,12,1061,1,5,1,3,3,1
KeyMultiModi,12,1062,1,6,1,1,3,1
KeyMultiModi,12,1063,1,7,1,0,1,1
KeyMultiModi,12,1064,1,8,1,2,4,1
KeyMultiModi,12,1065,1,9,1,2,1,1
KeyMultiModi,12,1066,1,10,1,1,2,1
KeyMultiModi,12,1067,1,11,1,2,3,1
KeyMultiModi,12,1068,1,12,1,3,4,1
KeyMultiModi,12,1069,1,13,1,1,1,1
KeyMultiModi,12,1070,1,14,1,0,3,1
KeyMultiModi,12,1071,1,15,1,3,1,1
KeyMultiModi,12,1072,1,16,1,3,2,1
KeyMultiModi,12,1073,2,1,2,0,2,1
KeyMultiModi,12,1074,2,2,2,0,4,1
KeyMultiModi,12,1075,2,3,2,1,4,1
KeyMultiModi,12,1076,2,4,2,2,2,1
KeyMultiModi,12,1077,2,5,2,3,3,1
KeyMultiModi,12,1078,2,6,2,1,3,1
KeyMultiModi,12,1079,2,7,2,0,1,1
KeyMultiModi,12,1080,2,8,2,2,4,1
KeyMultiModi,12,1081,2,9,2,2,1,1
KeyMultiModi,12,1082,2,10,2,1,2,1
KeyMultiModi,12,1083,2,11,2,2,3,1
KeyMultiModi,12,1084,2,12,2,3,4,1
KeyMultiModi,12,1085,2,13,2,1,1,1
KeyMultiModi,12,1086,2,14,2,0,3,1
KeyMultiModi,12,1087,2,15,2,3,1,1
KeyMultiModi,12,1088,2,16,2,3,2,1
KeyMultiModi,12,1089,3,1,3,0,2,1
KeyMultiModi,12,1090,3,2,3,0,4,1
KeyMultiModi,12,1091,3,3,3,1,4,1
KeyMultiModi,12,1092,3,4,3,2,2,1
KeyMultiModi,12,1093,3,5,3,3,3,1
KeyMultiModi,12,1094,3,6,3,1,3,1
KeyMultiModi,12,1095,3,7,3,0,1,1
KeyMultiModi,12,1096,3,8,3,2,4,1
KeyMultiModi,12,1097,3,9,3,2,1,1
KeyMultiModi,12,1098,3,10,3,1,2,1
KeyMultiModi,12,1099,3,11,3,2,3,1
KeyMultiModi,12,1100,3,12,3,3,4,1
KeyMultiModi,12,1101,3,13,3,1,1,1
KeyMultiModi,12,1102,3,14,3,0,3,1
KeyMultiModi,12,1103,3,15,3,3,1,1
KeyMultiModi,12,1104,3,16,3,3,2,1
KeyMultiModi,12,1105,4,1,4,0,2,1
KeyMultiModi,12,1106,4,2,4,0,4,1
KeyMultiModi,12,1107,4,3,4,1,4,1
KeyMultiModi,12,1108,4,4,4,2,2,1
KeyMultiModi,12,1109,4,5,4,3,3,1
KeyMultiModi,12,1110,4,6,4,1,3,1
KeyMultiModi,12,1111,4,7,4,0,1,1
KeyMultiModi,12,1112,4,8,4,2,4,1
KeyMultiModi,12,1113,4,9,4,2,1,1
KeyMultiModi,12,1114,4,10,4,1,2,1
KeyMultiModi,12,1115,4,11,4,2,3,1
KeyMultiModi,12,1116,4,12,4,3,4,1
KeyMultiModi,12,1117,4,13,4,1,1,1
KeyMultiModi,12,1118,4,14,4,0,3,1
KeyMultiModi,12,1119,4,15,4,3,1,1
KeyMultiModi,12,1120,4,16,4,3,2,1
KeyMultiModi,12,1121,5,1,5,0,2,1
KeyMultiModi,12,1122,5,2,5,0,4,1
KeyMultiModi,12,1123,5,3,5,1,4,1
KeyMultiModi,12,1124,5,4,5,2,2,1
KeyMultiModi,12,1125,5,5,5,3,3,1
KeyMultiModi,12,1126,5,6,5,1,3,1
KeyMultiModi,12,1127,5,7,5,0,1,1
KeyMultiModi,12,1128,5,8,5,2,4,1
KeyMultiModi,12,1129,5,9,5,2,1,1
KeyMultiModi,12,1130,5,10,5,1,2,1
KeyMultiModi,12,1131,5,11,5,2,3,1
KeyMultiModi,12,1132,5,12,5,3,4,1
KeyMultiModi,12,1133,5,13,5,1,1,1
KeyMultiModi,12,1134,5,14,5,0,3,1
KeyMultiModi,12,1135,5,15,5,3,1,1
KeyMultiModi,12,1136,5,16,5,3,2,1
KeyMultiModi,12,1137,6,1,6,0,2,1
KeyMultiModi,12,1138,6,2,6,0,4,1
KeyMultiModi,12,1139,6,3,6,1,4,1
KeyMultiModi,12,1140,6,4,6,2,2,1
KeyMultiModi,12,1141,6,5,6,3,3,1
KeyMultiModi,12,1142,6,6,6,1,3,1
KeyMultiModi,12,1143,6,7,6,0,1,1
KeyMultiModi,12,1144,6,8,6,2,4,1
KeyMultiModi,12,1145,6,9,6,2,1,1
KeyMultiModi,12,1146,6,10,6,1,2,1
KeyMultiModi,12,1147,6,11,6,2,3,1
KeyMultiModi,12,1148,6,12,6,3,4,1
KeyMultiModi,12,1149,6,13,6,1,1,1
KeyMultiModi,12,1150,6,14,6,0,3,1
KeyMultiModi,12,1151,6,15,6,3,1,1
KeyMultiModi,12,1152,6,16,6,3,2,1
KeyMultiModi,13,1153,1,1,1,0,3,1
KeyMultiModi,13,1154,1,2,1,1,1,1
KeyMultiModi,13,1155,1,3,1,2,1,1
KeyMultiModi,13,1156,1,4,1,2,3,1
KeyMultiModi,13,1157,1,5,1,3,4,1
KeyMultiModi,13,1158,1,6,1,1,4,1
KeyMultiModi,13,1159,1,7,1,0,2,1
KeyMultiModi,13,1160,1,8,1,3,1,1
KeyMultiModi,13,1161,1,9,1,2,2,1
KeyMultiModi,13,1162,1,10,1,1,3,1
KeyMultiModi,13,1163,1,11,1,2,4,1
KeyMultiModi,13,1164,1,12,1,0,1,1
KeyMultiModi,13,1165,1,13,1,1,2,1
KeyMultiModi,13,1166,1,14,1,0,4,1
KeyMultiModi,13,1167,1,15,1,3,2,1
KeyMultiModi,13,1168,1,16,1,3,3,1
KeyMultiModi,13,1169,2,1,2,0,3,1
KeyMultiModi,13,1170,2,2,2,1,1,1
KeyMultiModi,13,1171,2,3,2,2,1,1
KeyMultiModi,13,1172,2,4,2,2,3,1
KeyMultiModi,13,1173,2,5,2,3,4,1
KeyMultiModi,13,1174,2,6,2,1,4,1
KeyMultiModi,13,1175,2,7,2,0,2,1
KeyMultiModi,13,1176,2,8,2,3,1,1
KeyMultiModi,13,1177,2,9,2,2,2,1
KeyMultiModi,13,1178,2,10,2,1,3,1
KeyMultiModi,13,1179,2,11,2,2,4,1
KeyMultiModi,13,1180,2,12,2,0,1,1
KeyMultiModi,13,1181,2,13,2,1,2,1
KeyMultiModi,13,1182,2,14,2,0,4,1
KeyMultiModi,13,1183,2,15,2,3,2,1
KeyMultiModi,13,1184,2,16,2,3,3,1
KeyMultiModi,13,1185,3,1,3,0,3,1
KeyMultiModi,13,1186,3,2,3,1,1,1
KeyMultiModi,13,1187,3,3,3,2,1,1
KeyMultiModi,13,1188,3,4,3,2,3,1
KeyMultiModi,13,1189,3,5,3,3,4,1
KeyMultiModi,13,1190,3,6,3,1,4,1
KeyMultiModi,13,1191,3,7,3,0,2,1
KeyMultiModi,13,1192,3,8,3,3,1,1
KeyMultiModi,13,1193,3,9,3,2,2,1
KeyMultiModi,13,1194,3,10,3,1,3,1
KeyMultiModi,13,1195,3,11,3,2,4,1
KeyMultiModi,13,1196,3,12,3,0,1,1
KeyMultiModi,13,1197,3,13,3,1,2,1
KeyMultiModi,13,1198,3,14,3,0,4,1
KeyMultiModi,13,1199,3,15,3,3,2,1
KeyMultiModi,13,1200,3,16,3,3,3,1
KeyMultiModi,13,1201,4,1,4,0,3,1
KeyMultiModi,13,1202,4,2,4,1,1,1
KeyMultiModi,13,1203,4,3,4,2,1,1
KeyMultiModi,13,1204,4,4,4,2,3,1
KeyMultiModi,13,1205,4,5,4,3,4,1
KeyMultiModi,13,1206,4,6,4,1,4,1
KeyMultiModi,13,1207,4,7,4,0,2,1
KeyMultiModi,13,1208,4,8,4,3,1,1
KeyMultiModi,13,1209,4,9,4,2,2,1
KeyMultiModi,13,1210,4,10,4,1,3,1
KeyMultiModi,13,1211,4,11,4,2,4,1
KeyMultiModi,13,1212,4,12,4,0,1,1
KeyMultiModi,13,1213,4,13,4,1,2,1
KeyMultiModi,13,1214,4,14,4,0,4,1
KeyMultiModi,13,1215,4,15,4,3,2,1
KeyMultiModi,13,1216,4,16,4,3,3,1
KeyMultiModi,13,1217,5,1,5,0,3,1
KeyMultiModi,13,1218,5,2,5,1,1,1
KeyMultiModi,13,1219,5,3,5,2,1,1
KeyMultiModi,13,1220,5,4,5,2,3,1
KeyMultiModi,13,1221,5,5,5,3,4,1
KeyMultiModi,13,1222,5,6,5,1,4,1
KeyMultiModi,13,1223,5,7,5,0,2,1
KeyMultiModi,13,1224,5,8,5,3,1,1
KeyMultiModi,13,1225,5,9,5,2,2,1
KeyMultiModi,13,1226,5,10,5,1,3,1
KeyMultiModi,13,1227,5,11,5,2,4,1
KeyMultiModi,13,1228,5,12,5,0,1,1
KeyMultiModi,13,1229,5,13,5,1,2,1
KeyMultiModi,13,1230,5,14,5,0,4,1
KeyMultiModi,13,1231,5,15,5,3,2,1
KeyMultiModi,13,1232,5,16,5,3,3,1
KeyMultiModi,13,1233,6,1,6,0,3,1
KeyMultiModi,13,1234,6,2,6,1,1,1
KeyMultiModi,13,1235,6,3,6,2,1,1
KeyMultiModi,13,1236,6,4,6,2,3,1
KeyMultiModi,13,1237,6,5,6,3,4,1
KeyMultiModi,13,1238,6,6,6,1,4,1
KeyMultiModi,13,1239,6,7,6,0,2,1
KeyMultiModi,13,1240,6,8,6,3,1,1
KeyMultiModi,13,1241,6,9,6,2,2,1
KeyMultiModi,13,1242,6,10,6,1,3,1
KeyMultiModi,13,1243,6,11,6,2,4,1
KeyMultiModi,13,1244,6,12,6,0,1,1
KeyMultiModi,13,1245,6,13,6,1,2,1
KeyMultiModi,13,1246,6,14,6,0,4,1
KeyMultiModi,13,1247,6,15,6,3,2,1
KeyMultiModi,13,1248,6,16,6,3,3,1
KeyMultiModi,14,1249,1,1,1,0,4,1
KeyMultiModi,14,1250,1,2,1,1,2,1
KeyMultiModi,14,1251,1,3,1,2,2,1
KeyMultiModi,14,1252,1,4,1,2,4,1
KeyMultiModi,14,1253,1,5,1,0,1,1
KeyMultiModi,14,1254,1,6,1,2,1,1
KeyMultiModi,14,1255,1,7,1,0,3,1
KeyMultiModi,14,1256,1,8,1,3,2,1
KeyMultiModi,14,1257,1,9,1,2,3,1
KeyMultiModi,14,1258,1,10,1,1,4,1
KeyMultiModi,14,1259,1,11,1,3,1,1
KeyMultiModi,14,1260,1,12,1,0,2,1
KeyMultiModi,14,1261,1,13,1,1,3,1
KeyMultiModi,14,1262,1,14,1,1,1,1
KeyMultiModi,14,1263,1,15,1,3,3,1
KeyMultiModi,14,1264,1,16,1,3,4,1
KeyMultiModi,14,1265,2,1,2,0,4,1
KeyMultiModi,14,1266,2,2,2,1,2,1
KeyMultiModi,14,1267,2,3,2,2,2,1
KeyMultiModi,14,1268,2,4,2,2,4,1
KeyMultiModi,14,1269,2,5,2,0,1,1
KeyMultiModi,14,1270,2,6,2,2,1,1
KeyMultiModi,14,1271,2,7,2,0,3,1
KeyMultiModi,14,1272,2,8,2,3,2,1
KeyMultiModi,14,1273,2,9,2,2,3,1
KeyMultiModi,14,1274,2,10,2,1,4,1
KeyMultiModi,14,1275,2,11,2,3,1,1
KeyMultiModi,14,1276,2,12,2,0,2,1
KeyMultiModi,14,1277,2,13,2,1,3,1
KeyMultiModi,14,1278,2,14,2,1,1,1
KeyMultiModi,14,1279,2,15,2,3,3,1
KeyMultiModi,14,1280,2,16,2,3,4,1
KeyMultiModi,14,1281,3,1,3,0,4,1
KeyMultiModi,14,1282,3,2,3,1,2,1
KeyMultiModi,14,1283,3,3,3,2,2,1
KeyMultiModi,14,1284,3,4,3,2,4,1
KeyMultiModi,14,1285,3,5,3,0,1,1
KeyMultiModi,14,1286,3,6,3,2,1,1
KeyMultiModi,14,1287,3,7,3,0,3,1
KeyMultiModi,14,1288,3,8,3,3,2,1
KeyMultiModi,14,1289,3,9,3,2,3,1
KeyMultiModi,14,1290,3,10,3,1,4,1
KeyMultiModi,14,1291,3,11,3,3,1,1
KeyMultiModi,14,1292,3,12,3,0,2,1
KeyMultiModi,14,1293,3,13,3,1,3,1
KeyMultiModi,14,1294,3,14,3,1,1,1
KeyMultiModi,14,1295,3,15,3,3,3,1
KeyMultiModi,14,1296,3,16,3,3,4,1
KeyMultiModi,14,1297,4,1,4,0,4,1
KeyMultiModi,14,1298,4,2,4,1,2,1
KeyMultiModi,14,1299,4,3,4,2,2,1
KeyMultiModi,14,1300,4,4,4,2,4,1
KeyMultiModi,14,1301,4,5,4,0,1,1
KeyMultiModi,14,1302,4,6,4,2,1,1
KeyMultiModi,14,1303,4,7,4,0,3,1
KeyMultiModi,14,1304,4,8,4,3,2,1
KeyMultiModi,14,1305,4,9,4,2,3,1
KeyMultiModi,14,1306,4,10,4,1,4,1
KeyMultiModi,14,1307,4,11,4,3,1,1
KeyMultiModi,14,1308,4,12,4,0,2,1
KeyMultiModi,14,1309,4,13,4,1,3,1
KeyMultiModi,14,1310,4,14,4,1,1,1
KeyMultiModi,14,1311,4,15,4,3,3,1
KeyMultiModi,14,1312,4,16,4,3,4,1
KeyMultiModi,14,1313,5,1,5,0,4,1
KeyMultiModi,14,1314,5,2,5,1,2,1
KeyMultiModi,14,1315,5,3,5,2,2,1
KeyMultiModi,14,1316,5,4,5,2,4,1
KeyMultiModi,14,1317,5,5,5,0,1,1
KeyMultiModi,14,1318,5,6,5,2,1,1
KeyMultiModi,14,1319,5,7,5,0,3,1
KeyMultiModi,14,1320,5,8,5,3,2,1
KeyMultiModi,14,1321,5,9,5,2,3,1
KeyMultiModi,14,1322,5,10,5,1,4,1
KeyMultiModi,14,1323,5,11,5,3,1,1
KeyMultiModi,14,1324,5,12,5,0,2,1
KeyMultiModi,14,1325,5,13,5,1,3,1
KeyMultiModi,14,1326,5,14,5,1,1,1
KeyMultiModi,14,1327,5,15,5,3,3,1
KeyMultiModi,14,1328,5,16,5,3,4,1
KeyMultiModi,14,1329,6,1,6,0,4,1
KeyMultiModi,14,1330,6,2,6,1,2,1
KeyMultiModi,14,1331,6,3,6,2,2,1
KeyMultiModi,14,1332,6,4,6,2,4,1
KeyMultiModi,14,1333,6,5,6,0,1,1
KeyMultiModi,14,1334,6,6,6,2,1,1
KeyMultiModi,14,1335,6,7,6,0,3,1
KeyMultiModi,14,1336,6,8,6,3,2,1
KeyMultiModi,14,1337,6,9,6,2,3,1
KeyMultiModi,14,1338,6,10,6,1,4,1
KeyMultiModi,14,1339,6,11,6,3,1,1
KeyMultiModi,14,1340,6,12,6,0,2,1
KeyMultiModi,14,1341,6,13,6,1,3,1
KeyMultiModi,14,1342,6,14,6,1,1,1
KeyMultiModi,14,1343,6,15,6,3,3,1
KeyMultiModi,14,1344,6,16,6,3,4,1
KeyMultiModi,15,1345,1,1,1,1,1,1
KeyMultiModi,15,1346,1,2,1,1,3,1
KeyMultiModi,15,1347,1,3,1,2,3,1
KeyMultiModi,15,1348,1,4,1,3,1,1
KeyMultiModi,15,1349,1,5,1,0,2,1
KeyMultiModi,15,1350,1,6,1,2,2,1
KeyMultiModi,15,1351,1,7,1,0,4,1
KeyMultiModi,15,1352,1,8,1,3,3,1
KeyMultiModi,15,1353,1,9,1,2,4,1
KeyMultiModi,15,1354,1,10,1,2,1,1
KeyMultiModi,15,1355,1,11,1,3,2,1
KeyMultiModi,15,1356,1,12,1,0,3,1
KeyMultiModi,15,1357,1,13,1,1,4,1
KeyMultiModi,15,1358,1,14,1,1,2,1
KeyMultiModi,15,1359,1,15,1,3,4,1
KeyMultiModi,15,1360,1,16,1,0,1,1
KeyMultiModi,15,1361,2,1,2,1,1,1
KeyMultiModi,15,1362,2,2,2,1,3,1
KeyMultiModi,15,1363,2,3,2,2,3,1
KeyMultiModi,15,1364,2,4,2,3,1,1
KeyMultiModi,15,1365,2,5,2,0,2,1
KeyMultiModi,15,1366,2,6,2,2,2,1
KeyMultiModi,15,1367,2,7,2,0,4,1
KeyMultiModi,15,1368,2,8,2,3,3,1
KeyMultiModi,15,1369,2,9,2,2,4,1
KeyMultiModi,15,1370,2,10,2,2,1,1
KeyMultiModi,15,1371,2,11,2,3,2,1
KeyMultiModi,15,1372,2,12,2,0,3,1
KeyMultiModi,15,1373,2,13,2,1,4,1
KeyMultiModi,15,1374,2,14,2,1,2,1
KeyMultiModi,15,1375,2,15,2,3,4,1
KeyMultiModi,15,1376,2,16,2,0,1,1
KeyMultiModi,15,1377,3,1,3,1,1,1
KeyMultiModi,15,1378,3,2,3,1,3,1
KeyMultiModi,15,1379,3,3,3,2,3,1
KeyMultiModi,15,1380,3,4,3,3,1,1
KeyMultiModi,15,1381,3,5,3,0,2,1
KeyMultiModi,15,1382,3,6,3,2,2,1
KeyMultiModi,15,1383,3,7,3,0,4,1
KeyMultiModi,15,1384,3,8,3,3,3,1
KeyMultiModi,15,1385,3,9,3,2,4,1
KeyMultiModi,15,1386,3,10,3,2,1,1
KeyMultiModi,15,1387,3,11,3,3,2,1
KeyMultiModi,15,1388,3,12,3,0,3,1
KeyMultiModi,15,1389,3,13,3,1,4,1
KeyMultiModi,15,1390,3,14,3,1,2,1
KeyMultiModi,15,1391,3,15,3,3,4,1
KeyMultiModi,15,1392,3,16,3,0,1,1
KeyMultiModi,15,1393,4,1,4,1,1,1
KeyMultiModi,15,1394,4,2,4,1,3,1
KeyMultiModi,15,1395,4,3,4,2,3,1
KeyMultiModi,15,1396,4,4,4,3,1,1
KeyMultiModi,15,1397,4,5,4,0,2,1
KeyMultiModi,15,1398,4,6,4,2,2,1
KeyMultiModi,15,1399,4,7,4,0,4,1
KeyMultiModi,15,1400,4,8,4,3,3,1
KeyMultiModi,15,1401,4,9,4,2,4,1
KeyMultiModi,15,1402,4,10,4,2,1,1
KeyMultiModi,15,1403,4,11,4,3,2,1
KeyMultiModi,15,1404,4,12,4,0,3,1
KeyMultiModi,15,1405,4,13,4,1,4,1
KeyMultiModi,15,1406,4,14,4,1,2,1
KeyMultiModi,15,1407,4,15,4,3,4,1
KeyMultiModi,15,1408,4,16,4,0,1,1
KeyMultiModi,15,1409,5,1,5,1,1,1
KeyMultiModi,15,1410,5,2,5,1,3,1
KeyMultiModi,15,1411,5,3,5,2,3,1
KeyMultiModi,15,1412,5,4,5,3,1,1
KeyMultiModi,15,1413,5,5,5,0,2,1
KeyMultiModi,15,1414,5,6,5,2,2,1
KeyMultiModi,15,1415,5,7,5,0,4,1
KeyMultiModi,15,1416,5,8,5,3,3,1
KeyMultiModi,15,1417,5,9,5,2,4,1
KeyMultiModi,15,1418,5,10,5,2,1,1
KeyMultiModi,15,1419,5,11,5,3,2,1
KeyMultiModi,15,1420,5,12,5,0,3,1
KeyMultiModi,15,1421,5,13,5,1,4,1
KeyMultiModi,15,1422,5,14,5,1,2,1
KeyMultiModi,15,1423,5,15,5,3,4,1
KeyMultiModi,15,1424,5,16,5,0,1,1
KeyMultiModi,15,1425,6,1,6,1,1,1
KeyMultiModi,15,1426,6,2,6,1,3,1
KeyMultiModi,15,1427,6,3,6,2,3,1
KeyMultiModi,15,1428,6,4,6,3,1,1
KeyMultiModi,15,1429,6,5,6,0,2,1
KeyMultiModi,15,1430,6,6,6,2,2,1
KeyMultiModi,15,1431,6,7,6,0,4,1
KeyMultiModi,15,1432,6,8,6,3,3,1
KeyMultiModi,15,1433,6,9,6,2,4,1
KeyMultiModi,15,1434,6,10,6,2,1,1
KeyMultiModi,15,1435,6,11,6,3,2,1
KeyMultiModi,15,1436,6,12,6,0,3,1
KeyMultiModi,15,1437,6,13,6,1,4,1
KeyMultiModi,15,1438,6,14,6,1,2,1
KeyMultiModi,15,1439,6,15,6,3,4,1
KeyMultiModi,15,1440,6,16,6,0,1,1
KeyMultiModi,16,1441,1,1,1,1,2,1
KeyMultiModi,16,1442,1,2,1,1,4,1
KeyMultiModi,16,1443,1,3,1,2,4,1
KeyMultiModi,16,1444,1,4,1,3,2,1
KeyMultiModi,16,1445,1,5,1,0,3,1
KeyMultiModi,16,1446,1,6,1,2,3,1
KeyMultiModi,16,1447,1,7,1,1,1,1
KeyMultiModi,16,1448,1,8,1,3,4,1
KeyMultiModi,16,1449,1,9,1,3,1,1
KeyMultiModi,16,1450,1,10,1,2,2,1
KeyMultiModi,16,1451,1,11,1,3,3,1
KeyMultiModi,16,1452,1,12,1,0,4,1
KeyMultiModi,16,1453,1,13,1,2,1,1
KeyMultiModi,16,1454,1,14,1,1,3,1
KeyMultiModi,16,1455,1,15,1,0,1,1
KeyMultiModi,16,1456,1,16,1,0,2,1
KeyMultiModi,16,1457,2,1,2,1,2,1
KeyMultiModi,16,1458,2,2,2,1,4,1
KeyMultiModi,16,1459,2,3,2,2,4,1
KeyMultiModi,16,1460,2,4,2,3,2,1
KeyMultiModi,16,1461,2,5,2,0,3,1
KeyMultiModi,16,1462,2,6,2,2,3,1
KeyMultiModi,16,1463,2,7,2,1,1,1
KeyMultiModi,16,1464,2,8,2,3,4,1
KeyMultiModi,16,1465,2,9,2,3,1,1
KeyMultiModi,16,1466,2,10,2,2,2,1
KeyMultiModi,16,1467,2,11,2,3,3,1
KeyMultiModi,16,1468,2,12,2,0,4,1
KeyMultiModi,16,1469,2,13,2,2,1,1
KeyMultiModi,16,1470,2,14,2,1,3,1
KeyMultiModi,16,1471,2,15,2,0,1,1
KeyMultiModi,16,1472,2,16,2,0,2,1
KeyMultiModi,16,1473,3,1,3,1,2,1
KeyMultiModi,16,1474,3,2,3,1,4,1
KeyMultiModi,16,1475,3,3,3,2,4,1
KeyMultiModi,16,1476,3,4,3,3,2,1
KeyMultiModi,16,1477,3,5,3,0,3,1
KeyMultiModi,16,1478,3,6,3,2,3,1
KeyMultiModi,16,1479,3,7,3,1,1,1
KeyMultiModi,16,1480,3,8,3,3,4,1
KeyMultiModi,16,1481,3,9,3,3,1,1
KeyMultiModi,16,1482,3,10,3,2,2,1
KeyMultiModi,16,1483,3,11,3,3,3,1
KeyMultiModi,16,1484,3,12,3,0,4,1
KeyMultiModi,16,1485,3,13,3,2,1,1
KeyMultiModi,16,1486,3,14,3,1,3,1
KeyMultiModi,16,1487,3,15,3,0,1,1
KeyMultiModi,16,1488,3,16,3,0,2,1
KeyMultiModi,16,1489,4,1,4,1,2,1
KeyMultiModi,16,1490,4,2,4,1,4,1
KeyMultiModi,16,1491,4,3,4,2,4,1
KeyMultiModi,16,1492,4,4,4,3,2,1
KeyMultiModi,16,1493,4,5,4,0,3,1
KeyMultiModi,16,1494,4,6,4,2,3,1
KeyMultiModi,16,1495,4,7,4,1,1,1
KeyMultiModi,16,1496,4,8,4,3,4,1
KeyMultiModi,16,1497,4,9,4,3,1,1
KeyMultiModi,16,1498,4,10,4,2,2,1
KeyMultiModi,16,1499,4,11,4,3,3,1
KeyMultiModi,16,1500,4,12,4,0,4,1
KeyMultiModi,16,1501,4,13,4,2,1,1
KeyMultiModi,16,1502,4,14,4,1,3,1
KeyMultiModi,16,1503,4,15,4,0,1,1
KeyMultiModi,16,1504,4,16,4,0,2,1
KeyMultiModi,16,1505,5,1,5,1,2,1
KeyMultiModi,16,1506,5,2,5,1,4,1
KeyMultiModi,16,1507,5,3,5,2,4,1
KeyMultiModi,16,1508,5,4,5,3,2,1
KeyMultiModi,16,1509,5,5,5,0,3,1
KeyMultiModi,16,1510,5,6,5,2,3,1
KeyMultiModi,16,1511,5,7,5,1,1,1
KeyMultiModi,16,1512,5,8,5,3,4,1
KeyMultiModi,16,1513,5,9,5,3,1,1
KeyMultiModi,16,1514,5,10,5,2,2,1
KeyMultiModi,16,1515,5,11,5,3,3,1
KeyMultiModi,16,1516,5,12,5,0,4,1
KeyMultiModi,16,1517,5,13,5,2,1,1
KeyMultiModi,16,1518,5,14,5,1,3,1
KeyMultiModi,16,1519,5,15,5,0,1,1
KeyMultiModi,16,1520,5,16,5,0,2,1
KeyMultiModi,16,1521,6,1,6,1,2,1
KeyMultiModi,16,1522,6,2,6,1,4,1
KeyMultiModi,16,1523,6,3,6,2,4,1
KeyMultiModi,16,1524,6,4,6,3,2,1
KeyMultiModi,16,1525,6,5,6,0,3,1
KeyMultiModi,16,1526,6,6,6,2,3,1
KeyMultiModi,16,1527,6,7,6,1,1,1
KeyMultiModi,16,1528,6,8,6,3,4,1
KeyMultiModi,16,1529,6,9,6,3,1,1
KeyMultiModi,16,1530,6,10,6,2,2,1
KeyMultiModi,16,1531,6,11,6,3,3,1
KeyMultiModi,16,1532,6,12,6,0,4,1
KeyMultiModi,16,1533,6,13,6,2,1,1
KeyMultiModi,16,1534,6,14,6,1,3,1
KeyMultiModi,16,1535,6,15,6,0,1,1
KeyMultiModi,16,1536,6,16,6,0,2,1
KeyMultiModi,17,1537,1,1,1,1,3,1
KeyMultiModi,17,1538,1,2,1,2,1,1
KeyMultiModi,17,1539,1,3,1,3,1,1
KeyMultiModi,17,1540,1,4,1,3,3,1
KeyMultiModi,17,1541,1,5,1,0,4,1
KeyMultiModi,17,1542,1,6,1,2,4,1
KeyMultiModi,17,1543,1,7,1,1,2,1
KeyMultiModi,17,1544,1,8,1,0,1,1
KeyMultiModi,17,1545,1,9,1,3,2,1
KeyMultiModi,17,1546,1,10,1,2,3,1
KeyMultiModi,17,1547,1,11,1,3,4,1
KeyMultiModi,17,1548,1,12,1,1,1,1
KeyMultiModi,17,1549,1,13,1,2,2,1
KeyMultiModi,17,1550,1,14,1,1,4,1
KeyMultiModi,17,1551,1,15,1,0,2,1
KeyMultiModi,17,1552,1,16,1,0,3,1
KeyMultiModi,17,1553,2,1,2,1,3,1
KeyMultiModi,17,1554,2,2,2,2,1,1
KeyMultiModi,17,1555,2,3,2,3,1,1
KeyMultiModi,17,1556,2,4,2,3,3,1
KeyMultiModi,17,1557,2,5,2,0,4,1
KeyMultiModi,17,1558,2,6,2,2,4,1
KeyMultiModi,17,1559,2,7,2,1,2,1
KeyMultiModi,17,1560,2,8,2,0,1,1
KeyMultiModi,17,1561,2,9,2,3,2,1
KeyMultiModi,17,1562,2,10,2,2,3,1
KeyMultiModi,17,1563,2,11,2,3,4,1
KeyMultiModi,17,1564,2,12,2,1,1,1
KeyMultiModi,17,1565,2,13,2,2,2,1
KeyMultiModi,17,1566,2,14,2,1,4,1
KeyMultiModi,17,1567,2,15,2,0,2,1
KeyMultiModi,17,1568,2,16,2,0,3,1
KeyMultiModi,17,1569,3,1,3,1,3,1
KeyMultiModi,17,1570,3,2,3,2,1,1
KeyMultiModi,17,1571,3,3,3,3,1,1
KeyMultiModi,17,1572,3,4,3,3,3,1
KeyMultiModi,17,1573,3,5,3,0,4,1
KeyMultiModi,17,1574,3,6,3,2,4,1
KeyMultiModi,17,1575,3,7,3,1,2,1
KeyMultiModi,17,1576,3,8,3,0,1,1
KeyMultiModi,17,1577,3,9,3,3,2,1
KeyMultiModi,17,1578,3,10,3,2,3,1
KeyMultiModi,17,1579,3,11,3,3,4,1
KeyMultiModi,17,1580,3,12,3,1,1,1
KeyMultiModi,17,1581,3,13,3,2,2,1
KeyMultiModi,17,1582,3,14,3,1,4,1
KeyMultiModi,17,1583,3,15,3,0,2,1
KeyMultiModi,17,1584,3,16,3,0,3,1
KeyMultiModi,17,1585,4,1,4,1,3,1
KeyMultiModi,17,1586,4,2,4,2,1,1
KeyMultiModi,17,1587,4,3,4,3,1,1
KeyMultiModi,17,1588,4,4,4,3,3,1
KeyMultiModi,17,1589,4,5,4,0,4,1
KeyMultiModi,17,1590,4,6,4,2,4,1
KeyMultiModi,17,1591,4,7,4,1,2,1
KeyMultiModi,17,1592,4,8,4,0,1,1
KeyMultiModi,17,1593,4,9,4,3,2,1
KeyMultiModi,17,1594,4,10,4,2,3,1
KeyMultiModi,17,1595,4,11,4,3,4,1
KeyMultiModi,17,1596,4,12,4,1,1,1
KeyMultiModi,17,1597,4,13,4,2,2,1
KeyMultiModi,17,1598,4,14,4,1,4,1
KeyMultiModi,17,1599,4,15,4,0,2,1
KeyMultiModi,17,1600,4,16,4,0,3,1
KeyMultiModi,17,1601,5,1,5,1,3,1
KeyMultiModi,17,1602,5,2,5,2,1,1
KeyMultiModi,17,1603,5,3,5,3,1,1
KeyMultiModi,17,1604,5,4,5,3,3,1
KeyMultiModi,17,1605,5,5,5,0,4,1
KeyMultiModi,17,1606,5,6,5,2,4,1
KeyMultiModi,17,1607,5,7,5,1,2,1
KeyMultiModi,17,1608,5,8,5,0,1,1
KeyMultiModi,17,1609,5,9,5,3,2,1
KeyMultiModi,17,1610,5,10,5,2,3,1
KeyMultiModi,17,1611,5,11,5,3,4,1
KeyMultiModi,17,1612,5,12,5,1,1,1
KeyMultiModi,17,1613,5,13,5,2,2,1
KeyMultiModi,17,1614,5,14,5,1,4,1
KeyMultiModi,17,1615,5,15,5,0,2,1
KeyMultiModi,17,1616,5,16,5,0,3,1
KeyMultiModi,17,1617,6,1,6,1,3,1
KeyMultiModi,17,1618,6,2,6,2,1,1
KeyMultiModi,17,1619,6,3,6,3,1,1
KeyMultiModi,17,1620,6,4,6,3,3,1
KeyMultiModi,17,1621,6,5,6,0,4,1
KeyMultiModi,17,1622,6,6,6,2,4,1
KeyMultiModi,17,1623,6,7,6,1,2,1
KeyMultiModi,17,1624,6,8,6,0,1,1
KeyMultiModi,17,1625,6,9,6,3,2,1
KeyMultiModi,17,1626,6,10,6,2,3,1
KeyMultiModi,17,1627,6,11,6,3,4,1
KeyMultiModi,17,1628,6,12,6,1,1,1
KeyMultiModi,17,1629,6,13,6,2,2,1
KeyMultiModi,17,1630,6,14,6,1,4,1
KeyMultiModi,17,1631,6,15,6,0,2,1
KeyMultiModi,17,1632,6,16,6,0,3,1
KeyMultiModi,18,1633,1,1,1,1,4,1
KeyMultiModi,18,1634,1,2,1,2,2,1
KeyMultiModi,18,1635,1,3,1,3,2,1
KeyMultiModi,18,1636,1,4,1,3,4,1
KeyMultiModi,18,1637,1,5,1,1,1,1
KeyMultiModi,18,1638,1,6,1,3,1,1
KeyMultiModi,18,1639,1,7,1,1,3,1
KeyMultiModi,18,1640,1,8,1,0,2,1
KeyMultiModi,18,1641,1,9,1,3,3,1
KeyMultiModi,18,1642,1,10,1,2,4,1
KeyMultiModi,18,1643,1,11,1,0,1,1
KeyMultiModi,18,1644,1,12,1,1,2,1
KeyMultiModi,18,1645,1,13,1,2,3,1
KeyMultiModi,18,1646,1,14,1,2,1,1
KeyMultiModi,18,1647,1,15,1,0,3,1
KeyMultiModi,18,1648,1,16,1,0,4,1
KeyMultiModi,18,1649,2,1,2,1,4,1
KeyMultiModi,18,1650,2,2,2,2,2,1
KeyMultiModi,18,1651,2,3,2,3,2,1
KeyMultiModi,18,1652,2,4,2,3,4,1
KeyMultiModi,18,1653,2,5,2,1,1,1
KeyMultiModi,18,1654,2,6,2,3,1,1
KeyMultiModi,18,1655,2,7,2,1,3,1
KeyMultiModi,18,1656,2,8,2,0,2,1
KeyMultiModi,18,1657,2,9,2,3,3,1
KeyMultiModi,18,1658,2,10,2,2,4,1
KeyMultiModi,18,1659,2,11,2,0,1,1
KeyMultiModi,18,1660,2,12,2,1,2,1
KeyMultiModi,18,1661,2,13,2,2,3,1
KeyMultiModi,18,1662,2,14,2,2,1,1
KeyMultiModi,18,1663,2,15,2,0,3,1
KeyMultiModi,18,1664,2,16,2,0,4,1
KeyMultiModi,18,1665,3,1,3,1,4,1
KeyMultiModi,18,1666,3,2,3,2,2,1
KeyMultiModi,18,1667,3,3,3,3,2,1
KeyMultiModi,18,1668,3,4,3,3,4,1
KeyMultiModi,18,1669,3,5,3,1,1,1
KeyMultiModi,18,1670,3,6,3,3,1,1
KeyMultiModi,18,1671,3,7,3,1,3,1
KeyMultiModi,18,1672,3,8,3,0,2,1
KeyMultiModi,18,1673,3,9,3,3,3,1
KeyMultiModi,18,1674,3,10,3,2,4,1
KeyMultiModi,18,1675,3,11,3,0,1,1
KeyMultiModi,18,1676,3,12,3,1,2,1
KeyMultiModi,18,1677,3,13,3,2,3,1
KeyMultiModi,18,1678,3,14,3,2,1,1
KeyMultiModi,18,1679,3,15,3,0,3,1
KeyMultiModi,18,1680,3,16,3,0,4,1
KeyMultiModi,18,1681,4,1,4,1,4,1
KeyMultiModi,18,1682,4,2,4,2,2,1
KeyMultiModi,18,1683,4,3,4,3,2,1
KeyMultiModi,18,1684,4,4,4,3,4,1
KeyMultiModi,18,1685,4,5,4,1,1,1
KeyMultiModi,18,1686,4,6,4,3,1,1
KeyMultiModi,18,1687,4,7,4,1,3,1
KeyMultiModi,18,1688,4,8,4,0,2,1
KeyMultiModi,18,1689,4,9,4,3,3,1
KeyMultiModi,18,1690,4,10,4,2,4,1
KeyMultiModi,18,1691,4,11,4,0,1,1
KeyMultiModi,18,1692,4,12,4,1,2,1
KeyMultiModi,18,1693,4,13,4,2,3,1
KeyMultiModi,18,1694,4,14,4,2,1,1
KeyMultiModi,18,1695,4,15,4,0,3,1
KeyMultiModi,18,1696,4,16,4,0,4,1
KeyMultiModi,18,1697,5,1,5,1,4,1
KeyMultiModi,18,1698,5,2,5,2,2,1
KeyMultiModi,18,1699,5,3,5,3,2,1
KeyMultiModi,18,1700,5,4,5,3,4,1
KeyMultiModi,18,1701,5,5,5,1,1,1
KeyMultiModi,18,1702,5,6,5,3,1,1
KeyMultiModi,18,1703,5,7,5,1,3,1
KeyMultiModi,18,1704,5,8,5,0,2,1
KeyMultiModi,18,1705,5,9,5,3,3,1
KeyMultiModi,18,1706,5,10,5,2,4,1
KeyMultiModi,18,1707,5,11,5,0,1,1
KeyMultiModi,18,1708,5,12,5,1,2,1
KeyMultiModi,18,1709,5,13,5,2,3,1
KeyMultiModi,18,1710,5,14,5,2,1,1
KeyMultiModi,18,1711,5,15,5,0,3,1
KeyMultiModi,18,1712,5,16,5,0,4,1
KeyMultiModi,18,1713,6,1,6,1,4,1
KeyMultiModi,18,1714,6,2,6,2,2,1
KeyMultiModi,18,1715,6,3,6,3,2,1
KeyMultiModi,18,1716,6,4,6,3,4,1
KeyMultiModi,18,1717,6,5,6,1,1,1
KeyMultiModi,18,1718,6,6,6,3,1,1
KeyMultiModi,18,1719,6,7,6,1,3,1
KeyMultiModi,18,1720,6,8,6,0,2,1
KeyMultiModi,18,1721,6,9,6,3,3,1
KeyMultiModi,18,1722,6,10,6,2,4,1
KeyMultiModi,18,1723,6,11,6,0,1,1
KeyMultiModi,18,1724,6,12,6,1,2,1
KeyMultiModi,18,1725,6,13,6,2,3,1
KeyMultiModi,18,1726,6,14,6,2,1,1
KeyMultiModi,18,1727,6,15,6,0,3,1
KeyMultiModi,18,1728,6,16,6,0,4,1
KeyMultiModi,19,1729,1,1,1,2,1,1
KeyMultiModi,19,1730,1,2,1,2,3,1
KeyMultiModi,19,1731,1,3,1,3,3,1
KeyMultiModi,19,1732,1,4,1,0,1,1
KeyMultiModi,19,1733,1,5,1,1,2,1
KeyMultiModi,19,1734,1,6,1,3,2,1
KeyMultiModi,19,1735,1,7,1,1,4,1
KeyMultiModi,19,1736,1,8,1,0,3,1
KeyMultiModi,19,1737,1,9,1,3,4,1
KeyMultiModi,19,1738,1,10,1,3,1,1
KeyMultiModi,19,1739,1,11,1,0,2,1
KeyMultiModi,19,1740,1,12,1,1,3,1
KeyMultiModi,19,1741,1,13,1,2,4,1
KeyMultiModi,19,1742,1,14,1,2,2,1
KeyMultiModi,19,1743,1,15,1,0,4,1
KeyMultiModi,19,1744,1,16,1,1,1,1
KeyMultiModi,19,1745,2,1,2,2,1,1
KeyMultiModi,19,1746,2,2,2,2,3,1
KeyMultiModi,19,1747,2,3,2,3,3,1
KeyMultiModi,19,1748,2,4,2,0,1,1
KeyMultiModi,19,1749,2,5,2,1,2,1
KeyMultiModi,19,1750,2,6,2,3,2,1
KeyMultiModi,19,1751,2,7,2,1,4,1
KeyMultiModi,19,1752,2,8,2,0,3,1
KeyMultiModi,19,1753,2,9,2,3,4,1
KeyMultiModi,19,1754,2,10,2,3,1,1
KeyMultiModi,19,1755,2,11,2,0,2,1
KeyMultiModi,19,1756,2,12,2,1,3,1
KeyMultiModi,19,1757,2,13,2,2,4,1
KeyMultiModi,19,1758,2,14,2,2,2,1
KeyMultiModi,19,1759,2,15,2,0,4,1
KeyMultiModi,19,1760,2,16,2,1,1,1
KeyMultiModi,19,1761,3,1,3,2,1,1
KeyMultiModi,19,1762,3,2,3,2,3,1
KeyMultiModi,19,1763,3,3,3,3,3,1
KeyMultiModi,19,1764,3,4,3,0,1,1
KeyMultiModi,19,1765,3,5,3,1,2,1
KeyMultiModi,19,1766,3,6,3,3,2,1
KeyMultiModi,19,1767,3,7,3,1,4,1
KeyMultiModi,19,1768,3,8,3,0,3,1
KeyMultiModi,19,1769,3,9,3,3,4,1
KeyMultiModi,19,1770,3,10,3,3,1,1
KeyMultiModi,19,1771,3,11,3,0,2,1
KeyMultiModi,19,1772,3,12,3,1,3,1
KeyMultiModi,19,1773,3,13,3,2,4,1
KeyMultiModi,19,1774,3,14,3,2,2,1
KeyMultiModi,19,1775,3,15,3,0,4,1
KeyMultiModi,19,1776,3,16,3,1,1,1
KeyMultiModi,19,1777,4,1,4,2,1,1
KeyMultiModi,19,1778,4,2,4,2,3,1
KeyMultiModi,19,1779,4,3,4,3,3,1
KeyMultiModi,19,1780,4,4,4,0,1,1
KeyMultiModi,19,1781,4,5,4,1,2,1
KeyMultiModi,19,1782,4,6,4,3,2,1
KeyMultiModi,19,1783,4,7,4,1,4,1
KeyMultiModi,19,1784,4,8,4,0,3,1
KeyMultiModi,19,1785,4,9,4,3,4,1
KeyMultiModi,19,1786,4,10,4,3,1,1
KeyMultiModi,19,1787,4,11,4,0,2,1
KeyMultiModi,19,1788,4,12,4,1,3,1
KeyMultiModi,19,1789,4,13,4,2,4,1
KeyMultiModi,19,1790,4,14,4,2,2,1
KeyMultiModi,19,1791,4,15,4,0,4,1
KeyMultiModi,19,1792,4,16,4,1,1,1
KeyMultiModi,19,1793,5,1,5,2,1,1
KeyMultiModi,19,1794,5,2,5,2,3,1
KeyMultiModi,19,1795,5,3,5,3,3,1
KeyMultiModi,19,1796,5,4,5,0,1,1
KeyMultiModi,19,1797,5,5,5,1,2,1
KeyMultiModi,19,1798,5,6,5,3,2,1
KeyMultiModi,19,1799,5,7,5,1,4,1
KeyMultiModi,19,1800,5,8,5,0,3,1
KeyMultiModi,19,1801,5,9,5,3,4,1
KeyMultiModi,19,1802,5,10,5,3,1,1
KeyMultiModi,19,1803,5,11,5,0,2,1
KeyMultiModi,19,1804,5,12,5,1,3,1
KeyMultiModi,19,1805,5,13,5,2,4,1
KeyMultiModi,19,1806,5,14,5,2,2,1
KeyMultiModi,19,1807,5,15,5,0,4,1
KeyMultiModi,19,1808,5,16,5,1,1,1
KeyMultiModi,19,1809,6,1,6,2,1,1
KeyMultiModi,19,1810,6,2,6,2,3,1
KeyMultiModi,19,1811,6,3,6,3,3,1
KeyMultiModi,19,1812,6,4,6,0,1,1
KeyMultiModi,19,1813,6,5,6,1,2,1
KeyMultiModi,19,1814,6,6,6,3,2,1
KeyMultiModi,19,1815,6,7,6,1,4,1
KeyMultiModi,19,1816,6,8,6,0,3,1
KeyMultiModi,19,1817,6,9,6,3,4,1
KeyMultiModi,19,1818,6,10,6,3,1,1
KeyMultiModi,19,1819,6,11,6,0,2,1
KeyMultiModi,19,1820,6,12,6,1,3,1
KeyMultiModi,19,1821,6,13,6,2,4,1
KeyMultiModi,19,1822,6,14,6,2,2,1
KeyMultiModi,19,1823,6,15,6,0,4,1
KeyMultiModi,19,1824,6,16,6,1,1,1
KeyMultiModi,20,1825,1,1,1,2,2,1
KeyMultiModi,20,1826,1,2,1,2,4,1
KeyMultiModi,20,1827,1,3,1,3,4,1
KeyMultiModi,20,1828,1,4,1,0,2,1
KeyMultiModi,20,1829,1,5,1,1,3,1
KeyMultiModi,20,1830,1,6,1,3,3,1
KeyMultiModi,20,1831,1,7,1,2,1,1
KeyMultiModi,20,1832,1,8,1,0,4,1
KeyMultiModi,20,1833,1,9,1,0,1,1
KeyMultiModi,20,1834,1,10,1,3,2,1
KeyMultiModi,20,1835,1,11,1,0,3,1
KeyMultiModi,20,1836,1,12,1,1,4,1
KeyMultiModi,20,1837,1,13,1,3,1,1
KeyMultiModi,20,1838,1,14,1,2,3,1
KeyMultiModi,20,1839,1,15,1,1,1,1
KeyMultiModi,20,1840,1,16,1,1,2,1
KeyMultiModi,20,1841,2,1,2,2,2,1
KeyMultiModi,20,1842,2,2,2,2,4,1
KeyMultiModi,20,1843,2,3,2,3,4,1
KeyMultiModi,20,1844,2,4,2,0,2,1
KeyMultiModi,20,1845,2,5,2,1,3,1
KeyMultiModi,20,1846,2,6,2,3,3,1
KeyMultiModi,20,1847,2,7,2,2,1,1
KeyMultiModi,20,1848,2,8,2,0,4,1
KeyMultiModi,20,1849,2,9,2,0,1,1
KeyMultiModi,20,1850,2,10,2,3,2,1
KeyMultiModi,20,1851,2,11,2,0,3,1
KeyMultiModi,20,1852,2,12,2,1,4,1
KeyMultiModi,20,1853,2,13,2,3,1,1
KeyMultiModi,20,1854,2,14,2,2,3,1
KeyMultiModi,20,1855,2,15,2,1,1,1
KeyMultiModi,20,1856,2,16,2,1,2,1
KeyMultiModi,20,1857,3,1,3,2,2,1
KeyMultiModi,20,1858,3,2,3,2,4,1
KeyMultiModi,20,1859,3,3,3,3,4,1
KeyMultiModi,20,1860,3,4,3,0,2,1
KeyMultiModi,20,1861,3,5,3,1,3,1
KeyMultiModi,20,1862,3,6,3,3,3,1
KeyMultiModi,20,1863,3,7,3,2,1,1
KeyMultiModi,20,1864,3,8,3,0,4,1
KeyMultiModi,20,1865,3,9,3,0,1,1
KeyMultiModi,20,1866,3,10,3,3,2,1
KeyMultiModi,20,1867,3,11,3,0,3,1
KeyMultiModi,20,1868,3,12,3,1,4,1
KeyMultiModi,20,1869,3,13,3,3,1,1
KeyMultiModi,20,1870,3,14,3,2,3,1
KeyMultiModi,20,1871,3,15,3,1,1,1
KeyMultiModi,20,1872,3,16,3,1,2,1
KeyMultiModi,20,1873,4,1,4,2,2,1
KeyMultiModi,20,1874,4,2,4,2,4,1
KeyMultiModi,20,1875,4,3,4,3,4,1
KeyMultiModi,20,1876,4,4,4,0,2,1
KeyMultiModi,20,1877,4,5,4,1,3,1
KeyMultiModi,20,1878,4,6,4,3,3,1
KeyMultiModi,20,1879,4,7,4,2,1,1
KeyMultiModi,20,1880,4,8,4,0,4,1
KeyMultiModi,20,1881,4,9,4,0,1,1
KeyMultiModi,20,1882,4,10,4,3,2,1
KeyMultiModi,20,1883,4,11,4,0,3,1
KeyMultiModi,20,1884,4,12,4,1,4,1
KeyMultiModi,20,1885,4,13,4,3,1,1
KeyMultiModi,20,1886,4,14,4,2,3,1
KeyMultiModi,20,1887,4,15,4,1,1,1
KeyMultiModi,20,1888,4,16,4,1,2,1
KeyMultiModi,20,1889,5,1,5,2,2,1
KeyMultiModi,20,1890,5,2,5,2,4,1
KeyMultiModi,20,1891,5,3,5,3,4,1
KeyMultiModi,20,1892,5,4,5,0,2,1
KeyMultiModi,20,1893,5,5,5,1,3,1
KeyMultiModi,20,1894,5,6,5,3,3,1
KeyMultiModi,20,1895,5,7,5,2,1,1
KeyMultiModi,20,1896,5,8,5,0,4,1
KeyMultiModi,20,1897,5,9,5,0,1,1
KeyMultiModi,20,1898,5,10,5,3,2,1
KeyMultiModi,20,1899,5,11,5,0,3,1
KeyMultiModi,20,1900,5,12,5,1,4,1
KeyMultiModi,20,1901,5,13,5,3,1,1
KeyMultiModi,20,1902,5,14,5,2,3,1
KeyMultiModi,20,1903,5,15,5,1,1,1
KeyMultiModi,20,1904,5,16,5,1,2,1
KeyMultiModi,20,1905,6,1,6,2,2,1
KeyMultiModi,20,1906,6,2,6,2,4,1
KeyMultiModi,20,1907,6,3,6,3,4,1
KeyMultiModi,20,1908,6,4,6,0,2,1
KeyMultiModi,20,1909,6,5,6,1,3,1
KeyMultiModi,20,1910,6,6,6,3,3,1
KeyMultiModi,20,1911,6,7,6,2,1,1
KeyMultiModi,20,1912,6,8,6,0,4,1
KeyMultiModi,20,1913,6,9,6,0,1,1
KeyMultiModi,20,1914,6,10,6,3,2,1
KeyMultiModi,20,1915,6,11,6,0,3,1
KeyMultiModi,20,1916,6,12,6,1,4,1
KeyMultiModi,20,1917,6,13,6,3,1,1
KeyMultiModi,20,1918,6,14,6,2,3,1
KeyMultiModi,20,1919,6,15,6,1,1,1
KeyMultiModi,20,1920,6,16,6,1,2,1
