DesignName,ParticipantID,TrialID,Block1,Block2,Block,NbModi,Size,Repeat
MultiRepeat,1,1,1,1,1,1,3,1
MultiRepeat,1,2,1,2,1,1,3,3
MultiRepeat,1,3,1,3,1,1,4,1
MultiRepeat,1,4,1,4,1,1,1,2
MultiRepeat,1,5,1,5,1,1,2,1
MultiRepeat,1,6,1,6,1,1,4,3
MultiRepeat,1,7,1,7,1,1,2,3
MultiRepeat,1,8,1,8,1,1,1,1
MultiRepeat,1,9,1,9,1,1,3,2
MultiRepeat,1,10,1,10,1,1,4,2
MultiRepeat,1,11,1,11,1,1,1,3
MultiRepeat,1,12,1,12,1,1,2,2
MultiRepeat,1,13,2,1,2,1,3,1
MultiRepeat,1,14,2,2,2,1,3,3
MultiRepeat,1,15,2,3,2,1,4,1
MultiRepeat,1,16,2,4,2,1,1,2
MultiRepeat,1,17,2,5,2,1,2,1
MultiRepeat,1,18,2,6,2,1,4,3
MultiRepeat,1,19,2,7,2,1,2,3
MultiRepeat,1,20,2,8,2,1,1,1
MultiRepeat,1,21,2,9,2,1,3,2
MultiRepeat,1,22,2,10,2,1,4,2
MultiRepeat,1,23,2,11,2,1,1,3
MultiRepeat,1,24,2,12,2,1,2,2
MultiRepeat,1,25,3,1,3,1,3,1
MultiRepeat,1,26,3,2,3,1,3,3
MultiRepeat,1,27,3,3,3,1,4,1
MultiRepeat,1,28,3,4,3,1,1,2
MultiRepeat,1,29,3,5,3,1,2,1
MultiRepeat,1,30,3,6,3,1,4,3
MultiRepeat,1,31,3,7,3,1,2,3
MultiRepeat,1,32,3,8,3,1,1,1
MultiRepeat,1,33,3,9,3,1,3,2
MultiRepeat,1,34,3,10,3,1,4,2
MultiRepeat,1,35,3,11,3,1,1,3
MultiRepeat,1,36,3,12,3,1,2,2
MultiRepeat,1,37,4,1,4,1,3,1
MultiRepeat,1,38,4,2,4,1,3,3
MultiRepeat,1,39,4,3,4,1,4,1
MultiRepeat,1,40,4,4,4,1,1,2
MultiRepeat,1,41,4,5,4,1,2,1
MultiRepeat,1,42,4,6,4,1,4,3
MultiRepeat,1,43,4,7,4,1,2,3
MultiRepeat,1,44,4,8,4,1,1,1
MultiRepeat,1,45,4,9,4,1,3,2
MultiRepeat,1,46,4,10,4,1,4,2
MultiRepeat,1,47,4,11,4,1,1,3
MultiRepeat,1,48,4,12,4,1,2,2
MultiRepeat,1,49,5,1,5,1,3,1
MultiRepeat,1,50,5,2,5,1,3,3
MultiRepeat,1,51,5,3,5,1,4,1
MultiRepeat,1,52,5,4,5,1,1,2
MultiRepeat,1,53,5,5,5,1,2,1
MultiRepeat,1,54,5,6,5,1,4,3
MultiRepeat,1,55,5,7,5,1,2,3
MultiRepeat,1,56,5,8,5,1,1,1
MultiRepeat,1,57,5,9,5,1,3,2
MultiRepeat,1,58,5,10,5,1,4,2
MultiRepeat,1,59,5,11,5,1,1,3
MultiRepeat,1,60,5,12,5,1,2,2
MultiRepeat,2,61,1,1,1,1,3,2
MultiRepeat,2,62,1,2,1,1,4,1
MultiRepeat,2,63,1,3,1,1,4,2
MultiRepeat,2,64,1,4,1,1,1,3
MultiRepeat,2,65,1,5,1,1,2,2
MultiRepeat,2,66,1,6,1,1,1,1
MultiRepeat,2,67,1,7,1,1,3,1
MultiRepeat,2,68,1,8,1,1,1,2
MultiRepeat,2,69,1,9,1,1,3,3
MultiRepeat,2,70,1,10,1,1,4,3
MultiRepeat,2,71,1,11,1,1,2,1
MultiRepeat,2,72,1,12,1,1,2,3
MultiRepeat,2,73,2,1,2,1,3,2
MultiRepeat,2,74,2,2,2,1,4,1
MultiRepeat,2,75,2,3,2,1,4,2
MultiRepeat,2,76,2,4,2,1,1,3
MultiRepeat,2,77,2,5,2,1,2,2
MultiRepeat,2,78,2,6,2,1,1,1
MultiRepeat,2,79,2,7,2,1,3,1
MultiRepeat,2,80,2,8,2,1,1,2
MultiRepeat,2,81,2,9,2,1,3,3
MultiRepeat,2,82,2,10,2,1,4,3
MultiRepeat,2,83,2,11,2,1,2,1
MultiRepeat,2,84,2,12,2,1,2,3
MultiRepeat,2,85,3,1,3,1,3,2
MultiRepeat,2,86,3,2,3,1,4,1
MultiRepeat,2,87,3,3,3,1,4,2
MultiRepeat,2,88,3,4,3,1,1,3
MultiRepeat,2,89,3,5,3,1,2,2
MultiRepeat,2,90,3,6,3,1,1,1
MultiRepeat,2,91,3,7,3,1,3,1
MultiRepeat,2,92,3,8,3,1,1,2
MultiRepeat,2,93,3,9,3,1,3,3
MultiRepeat,2,94,3,10,3,1,4,3
MultiRepeat,2,95,3,11,3,1,2,1
MultiRepeat,2,96,3,12,3,1,2,3
MultiRepeat,2,97,4,1,4,1,3,2
MultiRepeat,2,98,4,2,4,1,4,1
MultiRepeat,2,99,4,3,4,1,4,2
MultiRepeat,2,100,4,4,4,1,1,3
MultiRepeat,2,101,4,5,4,1,2,2
MultiRepeat,2,102,4,6,4,1,1,1
MultiRepeat,2,103,4,7,4,1,3,1
MultiRepeat,2,104,4,8,4,1,1,2
MultiRepeat,2,105,4,9,4,1,3,3
MultiRepeat,2,106,4,10,4,1,4,3
MultiRepeat,2,107,4,11,4,1,2,1
MultiRepeat,2,108,4,12,4,1,2,3
MultiRepeat,2,109,5,1,5,1,3,2
MultiRepeat,2,110,5,2,5,1,4,1
MultiRepeat,2,111,5,3,5,1,4,2
MultiRepeat,2,112,5,4,5,1,1,3
MultiRepeat,2,113,5,5,5,1,2,2
MultiRepeat,2,114,5,6,5,1,1,1
MultiRepeat,2,115,5,7,5,1,3,1
MultiRepeat,2,116,5,8,5,1,1,2
MultiRepeat,2,117,5,9,5,1,3,3
MultiRepeat,2,118,5,10,5,1,4,3
MultiRepeat,2,119,5,11,5,1,2,1
MultiRepeat,2,120,5,12,5,1,2,3
MultiRepeat,3,121,1,1,1,1,3,3
MultiRepeat,3,122,1,2,1,1,4,2
MultiRepeat,3,123,1,3,1,1,4,3
MultiRepeat,3,124,1,4,1,1,2,1
MultiRepeat,3,125,1,5,1,1,2,3
MultiRepeat,3,126,1,6,1,1,1,2
MultiRepeat,3,127,1,7,1,1,3,2
MultiRepeat,3,128,1,8,1,1,1,3
MultiRepeat,3,129,1,9,1,1,4,1
MultiRepeat,3,130,1,10,1,1,1,1
MultiRepeat,3,131,1,11,1,1,2,2
MultiRepeat,3,132,1,12,1,1,3,1
MultiRepeat,3,133,2,1,2,1,3,3
MultiRepeat,3,134,2,2,2,1,4,2
MultiRepeat,3,135,2,3,2,1,4,3
MultiRepeat,3,136,2,4,2,1,2,1
MultiRepeat,3,137,2,5,2,1,2,3
MultiRepeat,3,138,2,6,2,1,1,2
MultiRepeat,3,139,2,7,2,1,3,2
MultiRepeat,3,140,2,8,2,1,1,3
MultiRepeat,3,141,2,9,2,1,4,1
MultiRepeat,3,142,2,10,2,1,1,1
MultiRepeat,3,143,2,11,2,1,2,2
MultiRepeat,3,144,2,12,2,1,3,1
MultiRepeat,3,145,3,1,3,1,3,3
MultiRepeat,3,146,3,2,3,1,4,2
MultiRepeat,3,147,3,3,3,1,4,3
MultiRepeat,3,148,3,4,3,1,2,1
MultiRepeat,3,149,3,5,3,1,2,3
MultiRepeat,3,150,3,6,3,1,1,2
MultiRepeat,3,151,3,7,3,1,3,2
MultiRepeat,3,152,3,8,3,1,1,3
MultiRepeat,3,153,3,9,3,1,4,1
MultiRepeat,3,154,3,10,3,1,1,1
MultiRepeat,3,155,3,11,3,1,2,2
MultiRepeat,3,156,3,12,3,1,3,1
MultiRepeat,3,157,4,1,4,1,3,3
MultiRepeat,3,158,4,2,4,1,4,2
MultiRepeat,3,159,4,3,4,1,4,3
MultiRepeat,3,160,4,4,4,1,2,1
MultiRepeat,3,161,4,5,4,1,2,3
MultiRepeat,3,162,4,6,4,1,1,2
MultiRepeat,3,163,4,7,4,1,3,2
MultiRepeat,3,164,4,8,4,1,1,3
MultiRepeat,3,165,4,9,4,1,4,1
MultiRepeat,3,166,4,10,4,1,1,1
MultiRepeat,3,167,4,11,4,1,2,2
MultiRepeat,3,168,4,12,4,1,3,1
MultiRepeat,3,169,5,1,5,1,3,3
MultiRepeat,3,170,5,2,5,1,4,2
MultiRepeat,3,171,5,3,5,1,4,3
MultiRepeat,3,172,5,4,5,1,2,1
MultiRepeat,3,173,5,5,5,1,2,3
MultiRepeat,3,174,5,6,5,1,1,2
MultiRepeat,3,175,5,7,5,1,3,2
MultiRepeat,3,176,5,8,5,1,1,3
MultiRepeat,3,177,5,9,5,1,4,1
MultiRepeat,3,178,5,10,5,1,1,1
MultiRepeat,3,179,5,11,5,1,2,2
MultiRepeat,3,180,5,12,5,1,3,1
MultiRepeat,4,181,1,1,1,1,4,1
MultiRepeat,4,182,1,2,1,1,4,3
MultiRepeat,4,183,1,3,1,1,1,1
MultiRepeat,4,184,1,4,1,1,2,2
MultiRepeat,4,185,1,5,1,1,3,1
MultiRepeat,4,186,1,6,1,1,1,3
MultiRepeat,4,187,1,7,1,1,3,3
MultiRepeat,4,188,1,8,1,1,2,1
MultiRepeat,4,189,1,9,1,1,4,2
MultiRepeat,4,190,1,10,1,1,1,2
MultiRepeat,4,191,1,11,1,1,2,3
MultiRepeat,4,192,1,12,1,1,3,2
MultiRepeat,4,193,2,1,2,1,4,1
MultiRepeat,4,194,2,2,2,1,4,3
MultiRepeat,4,195,2,3,2,1,1,1
MultiRepeat,4,196,2,4,2,1,2,2
MultiRepeat,4,197,2,5,2,1,3,1
MultiRepeat,4,198,2,6,2,1,1,3
MultiRepeat,4,199,2,7,2,1,3,3
MultiRepeat,4,200,2,8,2,1,2,1
MultiRepeat,4,201,2,9,2,1,4,2
MultiRepeat,4,202,2,10,2,1,1,2
MultiRepeat,4,203,2,11,2,1,2,3
MultiRepeat,4,204,2,12,2,1,3,2
MultiRepeat,4,205,3,1,3,1,4,1
MultiRepeat,4,206,3,2,3,1,4,3
MultiRepeat,4,207,3,3,3,1,1,1
MultiRepeat,4,208,3,4,3,1,2,2
MultiRepeat,4,209,3,5,3,1,3,1
MultiRepeat,4,210,3,6,3,1,1,3
MultiRepeat,4,211,3,7,3,1,3,3
MultiRepeat,4,212,3,8,3,1,2,1
MultiRepeat,4,213,3,9,3,1,4,2
MultiRepeat,4,214,3,10,3,1,1,2
MultiRepeat,4,215,3,11,3,1,2,3
MultiRepeat,4,216,3,12,3,1,3,2
MultiRepeat,4,217,4,1,4,1,4,1
MultiRepeat,4,218,4,2,4,1,4,3
MultiRepeat,4,219,4,3,4,1,1,1
MultiRepeat,4,220,4,4,4,1,2,2
MultiRepeat,4,221,4,5,4,1,3,1
MultiRepeat,4,222,4,6,4,1,1,3
MultiRepeat,4,223,4,7,4,1,3,3
MultiRepeat,4,224,4,8,4,1,2,1
MultiRepeat,4,225,4,9,4,1,4,2
MultiRepeat,4,226,4,10,4,1,1,2
MultiRepeat,4,227,4,11,4,1,2,3
MultiRepeat,4,228,4,12,4,1,3,2
MultiRepeat,4,229,5,1,5,1,4,1
MultiRepeat,4,230,5,2,5,1,4,3
MultiRepeat,4,231,5,3,5,1,1,1
MultiRepeat,4,232,5,4,5,1,2,2
MultiRepeat,4,233,5,5,5,1,3,1
MultiRepeat,4,234,5,6,5,1,1,3
MultiRepeat,4,235,5,7,5,1,3,3
MultiRepeat,4,236,5,8,5,1,2,1
MultiRepeat,4,237,5,9,5,1,4,2
MultiRepeat,4,238,5,10,5,1,1,2
MultiRepeat,4,239,5,11,5,1,2,3
MultiRepeat,4,240,5,12,5,1,3,2
MultiRepeat,5,241,1,1,1,1,4,2
MultiRepeat,5,242,1,2,1,1,1,1
MultiRepeat,5,243,1,3,1,1,1,2
MultiRepeat,5,244,1,4,1,1,2,3
MultiRepeat,5,245,1,5,1,1,3,2
MultiRepeat,5,246,1,6,1,1,2,1
MultiRepeat,5,247,1,7,1,1,4,1
MultiRepeat,5,248,1,8,1,1,2,2
MultiRepeat,5,249,1,9,1,1,4,3
MultiRepeat,5,250,1,10,1,1,1,3
MultiRepeat,5,251,1,11,1,1,3,1
MultiRepeat,5,252,1,12,1,1,3,3
MultiRepeat,5,253,2,1,2,1,4,2
MultiRepeat,5,254,2,2,2,1,1,1
MultiRepeat,5,255,2,3,2,1,1,2
MultiRepeat,5,256,2,4,2,1,2,3
MultiRepeat,5,257,2,5,2,1,3,2
MultiRepeat,5,258,2,6,2,1,2,1
MultiRepeat,5,259,2,7,2,1,4,1
MultiRepeat,5,260,2,8,2,1,2,2
MultiRepeat,5,261,2,9,2,1,4,3
MultiRepeat,5,262,2,10,2,1,1,3
MultiRepeat,5,263,2,11,2,1,3,1
MultiRepeat,5,264,2,12,2,1,3,3
MultiRepeat,5,265,3,1,3,1,4,2
MultiRepeat,5,266,3,2,3,1,1,1
MultiRepeat,5,267,3,3,3,1,1,2
MultiRepeat,5,268,3,4,3,1,2,3
MultiRepeat,5,269,3,5,3,1,3,2
MultiRepeat,5,270,3,6,3,1,2,1
MultiRepeat,5,271,3,7,3,1,4,1
MultiRepeat,5,272,3,8,3,1,2,2
MultiRepeat,5,273,3,9,3,1,4,3
MultiRepeat,5,274,3,10,3,1,1,3
MultiRepeat,5,275,3,11,3,1,3,1
MultiRepeat,5,276,3,12,3,1,3,3
MultiRepeat,5,277,4,1,4,1,4,2
MultiRepeat,5,278,4,2,4,1,1,1
MultiRepeat,5,279,4,3,4,1,1,2
MultiRepeat,5,280,4,4,4,1,2,3
MultiRepeat,5,281,4,5,4,1,3,2
MultiRepeat,5,282,4,6,4,1,2,1
MultiRepeat,5,283,4,7,4,1,4,1
MultiRepeat,5,284,4,8,4,1,2,2
MultiRepeat,5,285,4,9,4,1,4,3
MultiRepeat,5,286,4,10,4,1,1,3
MultiRepeat,5,287,4,11,4,1,3,1
MultiRepeat,5,288,4,12,4,1,3,3
MultiRepeat,5,289,5,1,5,1,4,2
MultiRepeat,5,290,5,2,5,1,1,1
MultiRepeat,5,291,5,3,5,1,1,2
MultiRepeat,5,292,5,4,5,1,2,3
MultiRepeat,5,293,5,5,5,1,3,2
MultiRepeat,5,294,5,6,5,1,2,1
MultiRepeat,5,295,5,7,5,1,4,1
MultiRepeat,5,296,5,8,5,1,2,2
MultiRepeat,5,297,5,9,5,1,4,3
MultiRepeat,5,298,5,10,5,1,1,3
MultiRepeat,5,299,5,11,5,1,3,1
MultiRepeat,5,300,5,12,5,1,3,3
MultiRepeat,6,301,1,1,1,1,4,3
MultiRepeat,6,302,1,2,1,1,1,2
MultiRepeat,6,303,1,3,1,1,1,3
MultiRepeat,6,304,1,4,1,1,3,1
MultiRepeat,6,305,1,5,1,1,3,3
MultiRepeat,6,306,1,6,1,1,2,2
MultiRepeat,6,307,1,7,1,1,4,2
MultiRepeat,6,308,1,8,1,1,2,3
MultiRepeat,6,309,1,9,1,1,1,1
MultiRepeat,6,310,1,10,1,1,2,1
MultiRepeat,6,311,1,11,1,1,3,2
MultiRepeat,6,312,1,12,1,1,4,1
MultiRepeat,6,313,2,1,2,1,4,3
MultiRepeat,6,314,2,2,2,1,1,2
MultiRepeat,6,315,2,3,2,1,1,3
MultiRepeat,6,316,2,4,2,1,3,1
MultiRepeat,6,317,2,5,2,1,3,3
MultiRepeat,6,318,2,6,2,1,2,2
MultiRepeat,6,319,2,7,2,1,4,2
MultiRepeat,6,320,2,8,2,1,2,3
MultiRepeat,6,321,2,9,2,1,1,1
MultiRepeat,6,322,2,10,2,1,2,1
MultiRepeat,6,323,2,11,2,1,3,2
MultiRepeat,6,324,2,12,2,1,4,1
MultiRepeat,6,325,3,1,3,1,4,3
MultiRepeat,6,326,3,2,3,1,1,2
MultiRepeat,6,327,3,3,3,1,1,3
MultiRepeat,6,328,3,4,3,1,3,1
MultiRepeat,6,329,3,5,3,1,3,3
MultiRepeat,6,330,3,6,3,1,2,2
MultiRepeat,6,331,3,7,3,1,4,2
MultiRepeat,6,332,3,8,3,1,2,3
MultiRepeat,6,333,3,9,3,1,1,1
MultiRepeat,6,334,3,10,3,1,2,1
MultiRepeat,6,335,3,11,3,1,3,2
MultiRepeat,6,336,3,12,3,1,4,1
MultiRepeat,6,337,4,1,4,1,4,3
MultiRepeat,6,338,4,2,4,1,1,2
MultiRepeat,6,339,4,3,4,1,1,3
MultiRepeat,6,340,4,4,4,1,3,1
MultiRepeat,6,341,4,5,4,1,3,3
MultiRepeat,6,342,4,6,4,1,2,2
MultiRepeat,6,343,4,7,4,1,4,2
MultiRepeat,6,344,4,8,4,1,2,3
MultiRepeat,6,345,4,9,4,1,1,1
MultiRepeat,6,346,4,10,4,1,2,1
MultiRepeat,6,347,4,11,4,1,3,2
MultiRepeat,6,348,4,12,4,1,4,1
MultiRepeat,6,349,5,1,5,1,4,3
MultiRepeat,6,350,5,2,5,1,1,2
MultiRepeat,6,351,5,3,5,1,1,3
MultiRepeat,6,352,5,4,5,1,3,1
MultiRepeat,6,353,5,5,5,1,3,3
MultiRepeat,6,354,5,6,5,1,2,2
MultiRepeat,6,355,5,7,5,1,4,2
MultiRepeat,6,356,5,8,5,1,2,3
MultiRepeat,6,357,5,9,5,1,1,1
MultiRepeat,6,358,5,10,5,1,2,1
MultiRepeat,6,359,5,11,5,1,3,2
MultiRepeat,6,360,5,12,5,1,4,1
MultiRepeat,7,361,1,1,1,1,1,1
MultiRepeat,7,362,1,2,1,1,1,3
MultiRepeat,7,363,1,3,1,1,2,1
MultiRepeat,7,364,1,4,1,1,3,2
MultiRepeat,7,365,1,5,1,1,4,1
MultiRepeat,7,366,1,6,1,1,2,3
MultiRepeat,7,367,1,7,1,1,4,3
MultiRepeat,7,368,1,8,1,1,3,1
MultiRepeat,7,369,1,9,1,1,1,2
MultiRepeat,7,370,1,10,1,1,2,2
MultiRepeat,7,371,1,11,1,1,3,3
MultiRepeat,7,372,1,12,1,1,4,2
MultiRepeat,7,373,2,1,2,1,1,1
MultiRepeat,7,374,2,2,2,1,1,3
MultiRepeat,7,375,2,3,2,1,2,1
MultiRepeat,7,376,2,4,2,1,3,2
MultiRepeat,7,377,2,5,2,1,4,1
MultiRepeat,7,378,2,6,2,1,2,3
MultiRepeat,7,379,2,7,2,1,4,3
MultiRepeat,7,380,2,8,2,1,3,1
MultiRepeat,7,381,2,9,2,1,1,2
MultiRepeat,7,382,2,10,2,1,2,2
MultiRepeat,7,383,2,11,2,1,3,3
MultiRepeat,7,384,2,12,2,1,4,2
MultiRepeat,7,385,3,1,3,1,1,1
MultiRepeat,7,386,3,2,3,1,1,3
MultiRepeat,7,387,3,3,3,1,2,1
MultiRepeat,7,388,3,4,3,1,3,2
MultiRepeat,7,389,3,5,3,1,4,1
MultiRepeat,7,390,3,6,3,1,2,3
MultiRepeat,7,391,3,7,3,1,4,3
MultiRepeat,7,392,3,8,3,1,3,1
MultiRepeat,7,393,3,9,3,1,1,2
MultiRepeat,7,394,3,10,3,1,2,2
MultiRepeat,7,395,3,11,3,1,3,3
MultiRepeat,7,396,3,12,3,1,4,2
MultiRepeat,7,397,4,1,4,1,1,1
MultiRepeat,7,398,4,2,4,1,1,3
MultiRepeat,7,399,4,3,4,1,2,1
MultiRepeat,7,400,4,4,4,1,3,2
MultiRepeat,7,401,4,5,4,1,4,1
MultiRepeat,7,402,4,6,4,1,2,3
MultiRepeat,7,403,4,7,4,1,4,3
MultiRepeat,7,404,4,8,4,1,3,1
MultiRepeat,7,405,4,9,4,1,1,2
MultiRepeat,7,406,4,10,4,1,2,2
MultiRepeat,7,407,4,11,4,1,3,3
MultiRepeat,7,408,4,12,4,1,4,2
MultiRepeat,7,409,5,1,5,1,1,1
MultiRepeat,7,410,5,2,5,1,1,3
MultiRepeat,7,411,5,3,5,1,2,1
MultiRepeat,7,412,5,4,5,1,3,2
MultiRepeat,7,413,5,5,5,1,4,1
MultiRepeat,7,414,5,6,5,1,2,3
MultiRepeat,7,415,5,7,5,1,4,3
MultiRepeat,7,416,5,8,5,1,3,1
MultiRepeat,7,417,5,9,5,1,1,2
MultiRepeat,7,418,5,10,5,1,2,2
MultiRepeat,7,419,5,11,5,1,3,3
MultiRepeat,7,420,5,12,5,1,4,2
MultiRepeat,8,421,1,1,1,1,1,2
MultiRepeat,8,422,1,2,1,1,2,1
MultiRepeat,8,423,1,3,1,1,2,2
MultiRepeat,8,424,1,4,1,1,3,3
MultiRepeat,8,425,1,5,1,1,4,2
MultiRepeat,8,426,1,6,1,1,3,1
MultiRepeat,8,427,1,7,1,1,1,1
MultiRepeat,8,428,1,8,1,1,3,2
MultiRepeat,8,429,1,9,1,1,1,3
MultiRepeat,8,430,1,10,1,1,2,3
MultiRepeat,8,431,1,11,1,1,4,1
MultiRepeat,8,432,1,12,1,1,4,3
MultiRepeat,8,433,2,1,2,1,1,2
MultiRepeat,8,434,2,2,2,1,2,1
MultiRepeat,8,435,2,3,2,1,2,2
MultiRepeat,8,436,2,4,2,1,3,3
MultiRepeat,8,437,2,5,2,1,4,2
MultiRepeat,8,438,2,6,2,1,3,1
MultiRepeat,8,439,2,7,2,1,1,1
MultiRepeat,8,440,2,8,2,1,3,2
MultiRepeat,8,441,2,9,2,1,1,3
MultiRepeat,8,442,2,10,2,1,2,3
MultiRepeat,8,443,2,11,2,1,4,1
MultiRepeat,8,444,2,12,2,1,4,3
MultiRepeat,8,445,3,1,3,1,1,2
MultiRepeat,8,446,3,2,3,1,2,1
MultiRepeat,8,447,3,3,3,1,2,2
MultiRepeat,8,448,3,4,3,1,3,3
MultiRepeat,8,449,3,5,3,1,4,2
MultiRepeat,8,450,3,6,3,1,3,1
MultiRepeat,8,451,3,7,3,1,1,1
MultiRepeat,8,452,3,8,3,1,3,2
MultiRepeat,8,453,3,9,3,1,1,3
MultiRepeat,8,454,3,10,3,1,2,3
MultiRepeat,8,455,3,11,3,1,4,1
MultiRepeat,8,456,3,12,3,1,4,3
MultiRepeat,8,457,4,1,4,1,1,2
MultiRepeat,8,458,4,2,4,1,2,1
MultiRepeat,8,459,4,3,4,1,2,2
MultiRepeat,8,460,4,4,4,1,3,3
MultiRepeat,8,461,4,5,4,1,4,2
MultiRepeat,8,462,4,6,4,1,3,1
MultiRepeat,8,463,4,7,4,1,1,1
MultiRepeat,8,464,4,8,4,1,3,2
MultiRepeat,8,465,4,9,4,1,1,3
MultiRepeat,8,466,4,10,4,1,2,3
MultiRepeat,8,467,4,11,4,1,4,1
MultiRepeat,8,468,4,12,4,1,4,3
MultiRepeat,8,469,5,1,5,1,1,2
MultiRepeat,8,470,5,2,5,1,2,1
MultiRepeat,8,471,5,3,5,1,2,2
MultiRepeat,8,472,5,4,5,1,3,3
MultiRepeat,8,473,5,5,5,1,4,2
MultiRepeat,8,474,5,6,5,1,3,1
MultiRepeat,8,475,5,7,5,1,1,1
MultiRepeat,8,476,5,8,5,1,3,2
MultiRepeat,8,477,5,9,5,1,1,3
MultiRepeat,8,478,5,10,5,1,2,3
MultiRepeat,8,479,5,11,5,1,4,1
MultiRepeat,8,480,5,12,5,1,4,3
MultiRepeat,9,481,1,1,1,1,1,3
MultiRepeat,9,482,1,2,1,1,2,2
MultiRepeat,9,483,1,3,1,1,2,3
MultiRepeat,9,484,1,4,1,1,4,1
MultiRepeat,9,485,1,5,1,1,4,3
MultiRepeat,9,486,1,6,1,1,3,2
MultiRepeat,9,487,1,7,1,1,1,2
MultiRepeat,9,488,1,8,1,1,3,3
MultiRepeat,9,489,1,9,1,1,2,1
MultiRepeat,9,490,1,10,1,1,3,1
MultiRepeat,9,491,1,11,1,1,4,2
MultiRepeat,9,492,1,12,1,1,1,1
MultiRepeat,9,493,2,1,2,1,1,3
MultiRepeat,9,494,2,2,2,1,2,2
MultiRepeat,9,495,2,3,2,1,2,3
MultiRepeat,9,496,2,4,2,1,4,1
MultiRepeat,9,497,2,5,2,1,4,3
MultiRepeat,9,498,2,6,2,1,3,2
MultiRepeat,9,499,2,7,2,1,1,2
MultiRepeat,9,500,2,8,2,1,3,3
MultiRepeat,9,501,2,9,2,1,2,1
MultiRepeat,9,502,2,10,2,1,3,1
MultiRepeat,9,503,2,11,2,1,4,2
MultiRepeat,9,504,2,12,2,1,1,1
MultiRepeat,9,505,3,1,3,1,1,3
MultiRepeat,9,506,3,2,3,1,2,2
MultiRepeat,9,507,3,3,3,1,2,3
MultiRepeat,9,508,3,4,3,1,4,1
MultiRepeat,9,509,3,5,3,1,4,3
MultiRepeat,9,510,3,6,3,1,3,2
MultiRepeat,9,511,3,7,3,1,1,2
MultiRepeat,9,512,3,8,3,1,3,3
MultiRepeat,9,513,3,9,3,1,2,1
MultiRepeat,9,514,3,10,3,1,3,1
MultiRepeat,9,515,3,11,3,1,4,2
MultiRepeat,9,516,3,12,3,1,1,1
MultiRepeat,9,517,4,1,4,1,1,3
MultiRepeat,9,518,4,2,4,1,2,2
MultiRepeat,9,519,4,3,4,1,2,3
MultiRepeat,9,520,4,4,4,1,4,1
MultiRepeat,9,521,4,5,4,1,4,3
MultiRepeat,9,522,4,6,4,1,3,2
MultiRepeat,9,523,4,7,4,1,1,2
MultiRepeat,9,524,4,8,4,1,3,3
MultiRepeat,9,525,4,9,4,1,2,1
MultiRepeat,9,526,4,10,4,1,3,1
MultiRepeat,9,527,4,11,4,1,4,2
MultiRepeat,9,528,4,12,4,1,1,1
MultiRepeat,9,529,5,1,5,1,1,3
MultiRepeat,9,530,5,2,5,1,2,2
MultiRepeat,9,531,5,3,5,1,2,3
MultiRepeat,9,532,5,4,5,1,4,1
MultiRepeat,9,533,5,5,5,1,4,3
MultiRepeat,9,534,5,6,5,1,3,2
MultiRepeat,9,535,5,7,5,1,1,2
MultiRepeat,9,536,5,8,5,1,3,3
MultiRepeat,9,537,5,9,5,1,2,1
MultiRepeat,9,538,5,10,5,1,3,1
MultiRepeat,9,539,5,11,5,1,4,2
MultiRepeat,9,540,5,12,5,1,1,1
MultiRepeat,10,541,1,1,1,1,2,1
MultiRepeat,10,542,1,2,1,1,2,3
MultiRepeat,10,543,1,3,1,1,3,1
MultiRepeat,10,544,1,4,1,1,4,2
MultiRepeat,10,545,1,5,1,1,1,1
MultiRepeat,10,546,1,6,1,1,3,3
MultiRepeat,10,547,1,7,1,1,1,3
MultiRepeat,10,548,1,8,1,1,4,1
MultiRepeat,10,549,1,9,1,1,2,2
MultiRepeat,10,550,1,10,1,1,3,2
MultiRepeat,10,551,1,11,1,1,4,3
MultiRepeat,10,552,1,12,1,1,1,2
MultiRepeat,10,553,2,1,2,1,2,1
MultiRepeat,10,554,2,2,2,1,2,3
MultiRepeat,10,555,2,3,2,1,3,1
MultiRepeat,10,556,2,4,2,1,4,2
MultiRepeat,10,557,2,5,2,1,1,1
MultiRepeat,10,558,2,6,2,1,3,3
MultiRepeat,10,559,2,7,2,1,1,3
MultiRepeat,10,560,2,8,2,1,4,1
MultiRepeat,10,561,2,9,2,1,2,2
MultiRepeat,10,562,2,10,2,1,3,2
MultiRepeat,10,563,2,11,2,1,4,3
MultiRepeat,10,564,2,12,2,1,1,2
MultiRepeat,10,565,3,1,3,1,2,1
MultiRepeat,10,566,3,2,3,1,2,3
MultiRepeat,10,567,3,3,3,1,3,1
MultiRepeat,10,568,3,4,3,1,4,2
MultiRepeat,10,569,3,5,3,1,1,1
MultiRepeat,10,570,3,6,3,1,3,3
MultiRepeat,10,571,3,7,3,1,1,3
MultiRepeat,10,572,3,8,3,1,4,1
MultiRepeat,10,573,3,9,3,1,2,2
MultiRepeat,10,574,3,10,3,1,3,2
MultiRepeat,10,575,3,11,3,1,4,3
MultiRepeat,10,576,3,12,3,1,1,2
MultiRepeat,10,577,4,1,4,1,2,1
MultiRepeat,10,578,4,2,4,1,2,3
MultiRepeat,10,579,4,3,4,1,3,1
MultiRepeat,10,580,4,4,4,1,4,2
MultiRepeat,10,581,4,5,4,1,1,1
MultiRepeat,10,582,4,6,4,1,3,3
MultiRepeat,10,583,4,7,4,1,1,3
MultiRepeat,10,584,4,8,4,1,4,1
MultiRepeat,10,585,4,9,4,1,2,2
MultiRepeat,10,586,4,10,4,1,3,2
MultiRepeat,10,587,4,11,4,1,4,3
MultiRepeat,10,588,4,12,4,1,1,2
MultiRepeat,10,589,5,1,5,1,2,1
MultiRepeat,10,590,5,2,5,1,2,3
MultiRepeat,10,591,5,3,5,1,3,1
MultiRepeat,10,592,5,4,5,1,4,2
MultiRepeat,10,593,5,5,5,1,1,1
MultiRepeat,10,594,5,6,5,1,3,3
MultiRepeat,10,595,5,7,5,1,1,3
MultiRepeat,10,596,5,8,5,1,4,1
MultiRepeat,10,597,5,9,5,1,2,2
MultiRepeat,10,598,5,10,5,1,3,2
MultiRepeat,10,599,5,11,5,1,4,3
MultiRepeat,10,600,5,12,5,1,1,2
MultiRepeat,11,601,1,1,1,1,2,2
MultiRepeat,11,602,1,2,1,1,3,1
MultiRepeat,11,603,1,3,1,1,3,2
MultiRepeat,11,604,1,4,1,1,4,3
MultiRepeat,11,605,1,5,1,1,1,2
MultiRepeat,11,606,1,6,1,1,4,1
MultiRepeat,11,607,1,7,1,1,2,1
MultiRepeat,11,608,1,8,1,1,4,2
MultiRepeat,11,609,1,9,1,1,2,3
MultiRepeat,11,610,1,10,1,1,3,3
MultiRepeat,11,611,1,11,1,1,1,1
MultiRepeat,11,612,1,12,1,1,1,3
MultiRepeat,11,613,2,1,2,1,2,2
MultiRepeat,11,614,2,2,2,1,3,1
MultiRepeat,11,615,2,3,2,1,3,2
MultiRepeat,11,616,2,4,2,1,4,3
MultiRepeat,11,617,2,5,2,1,1,2
MultiRepeat,11,618,2,6,2,1,4,1
MultiRepeat,11,619,2,7,2,1,2,1
MultiRepeat,11,620,2,8,2,1,4,2
MultiRepeat,11,621,2,9,2,1,2,3
MultiRepeat,11,622,2,10,2,1,3,3
MultiRepeat,11,623,2,11,2,1,1,1
MultiRepeat,11,624,2,12,2,1,1,3
MultiRepeat,11,625,3,1,3,1,2,2
MultiRepeat,11,626,3,2,3,1,3,1
MultiRepeat,11,627,3,3,3,1,3,2
MultiRepeat,11,628,3,4,3,1,4,3
MultiRepeat,11,629,3,5,3,1,1,2
MultiRepeat,11,630,3,6,3,1,4,1
MultiRepeat,11,631,3,7,3,1,2,1
MultiRepeat,11,632,3,8,3,1,4,2
MultiRepeat,11,633,3,9,3,1,2,3
MultiRepeat,11,634,3,10,3,1,3,3
MultiRepeat,11,635,3,11,3,1,1,1
MultiRepeat,11,636,3,12,3,1,1,3
MultiRepeat,11,637,4,1,4,1,2,2
MultiRepeat,11,638,4,2,4,1,3,1
MultiRepeat,11,639,4,3,4,1,3,2
MultiRepeat,11,640,4,4,4,1,4,3
MultiRepeat,11,641,4,5,4,1,1,2
MultiRepeat,11,642,4,6,4,1,4,1
MultiRepeat,11,643,4,7,4,1,2,1
MultiRepeat,11,644,4,8,4,1,4,2
MultiRepeat,11,645,4,9,4,1,2,3
MultiRepeat,11,646,4,10,4,1,3,3
MultiRepeat,11,647,4,11,4,1,1,1
MultiRepeat,11,648,4,12,4,1,1,3
MultiRepeat,11,649,5,1,5,1,2,2
MultiRepeat,11,650,5,2,5,1,3,1
MultiRepeat,11,651,5,3,5,1,3,2
MultiRepeat,11,652,5,4,5,1,4,3
MultiRepeat,11,653,5,5,5,1,1,2
MultiRepeat,11,654,5,6,5,1,4,1
MultiRepeat,11,655,5,7,5,1,2,1
MultiRepeat,11,656,5,8,5,1,4,2
MultiRepeat,11,657,5,9,5,1,2,3
MultiRepeat,11,658,5,10,5,1,3,3
MultiRepeat,11,659,5,11,5,1,1,1
MultiRepeat,11,660,5,12,5,1,1,3
MultiRepeat,12,661,1,1,1,1,2,3
MultiRepeat,12,662,1,2,1,1,3,2
MultiRepeat,12,663,1,3,1,1,3,3
MultiRepeat,12,664,1,4,1,1,1,1
MultiRepeat,12,665,1,5,1,1,1,3
MultiRepeat,12,666,1,6,1,1,4,2
MultiRepeat,12,667,1,7,1,1,2,2
MultiRepeat,12,668,1,8,1,1,4,3
MultiRepeat,12,669,1,9,1,1,3,1
MultiRepeat,12,670,1,10,1,1,4,1
MultiRepeat,12,671,1,11,1,1,1,2
MultiRepeat,12,672,1,12,1,1,2,1
MultiRepeat,12,673,2,1,2,1,2,3
MultiRepeat,12,674,2,2,2,1,3,2
MultiRepeat,12,675,2,3,2,1,3,3
MultiRepeat,12,676,2,4,2,1,1,1
MultiRepeat,12,677,2,5,2,1,1,3
MultiRepeat,12,678,2,6,2,1,4,2
MultiRepeat,12,679,2,7,2,1,2,2
MultiRepeat,12,680,2,8,2,1,4,3
MultiRepeat,12,681,2,9,2,1,3,1
MultiRepeat,12,682,2,10,2,1,4,1
MultiRepeat,12,683,2,11,2,1,1,2
MultiRepeat,12,684,2,12,2,1,2,1
MultiRepeat,12,685,3,1,3,1,2,3
MultiRepeat,12,686,3,2,3,1,3,2
MultiRepeat,12,687,3,3,3,1,3,3
MultiRepeat,12,688,3,4,3,1,1,1
MultiRepeat,12,689,3,5,3,1,1,3
MultiRepeat,12,690,3,6,3,1,4,2
MultiRepeat,12,691,3,7,3,1,2,2
MultiRepeat,12,692,3,8,3,1,4,3
MultiRepeat,12,693,3,9,3,1,3,1
MultiRepeat,12,694,3,10,3,1,4,1
MultiRepeat,12,695,3,11,3,1,1,2
MultiRepeat,12,696,3,12,3,1,2,1
MultiRepeat,12,697,4,1,4,1,2,3
MultiRepeat,12,698,4,2,4,1,3,2
MultiRepeat,12,699,4,3,4,1,3,3
MultiRepeat,12,700,4,4,4,1,1,1
MultiRepeat,12,701,4,5,4,1,1,3
MultiRepeat,12,702,4,6,4,1,4,2
MultiRepeat,12,703,4,7,4,1,2,2
MultiRepeat,12,704,4,8,4,1,4,3
MultiRepeat,12,705,4,9,4,1,3,1
MultiRepeat,12,706,4,10,4,1,4,1
MultiRepeat,12,707,4,11,4,1,1,2
MultiRepeat,12,708,4,12,4,1,2,1
MultiRepeat,12,709,5,1,5,1,2,3
MultiRepeat,12,710,5,2,5,1,3,2
MultiRepeat,12,711,5,3,5,1,3,3
MultiRepeat,12,712,5,4,5,1,1,1
MultiRepeat,12,713,5,5,5,1,1,3
MultiRepeat,12,714,5,6,5,1,4,2
MultiRepeat,12,715,5,7,5,1,2,2
MultiRepeat,12,716,5,8,5,1,4,3
MultiRepeat,12,717,5,9,5,1,3,1
MultiRepeat,12,718,5,10,5,1,4,1
MultiRepeat,12,719,5,11,5,1,1,2
MultiRepeat,12,720,5,12,5,1,2,1
MultiRepeat,13,721,1,1,1,1,3,1
MultiRepeat,13,722,1,2,1,1,3,3
MultiRepeat,13,723,1,3,1,1,4,1
MultiRepeat,13,724,1,4,1,1,1,2
MultiRepeat,13,725,1,5,1,1,2,1
MultiRepeat,13,726,1,6,1,1,4,3
MultiRepeat,13,727,1,7,1,1,2,3
MultiRepeat,13,728,1,8,1,1,1,1
MultiRepeat,13,729,1,9,1,1,3,2
MultiRepeat,13,730,1,10,1,1,4,2
MultiRepeat,13,731,1,11,1,1,1,3
MultiRepeat,13,732,1,12,1,1,2,2
MultiRepeat,13,733,2,1,2,1,3,1
MultiRepeat,13,734,2,2,2,1,3,3
MultiRepeat,13,735,2,3,2,1,4,1
MultiRepeat,13,736,2,4,2,1,1,2
MultiRepeat,13,737,2,5,2,1,2,1
MultiRepeat,13,738,2,6,2,1,4,3
MultiRepeat,13,739,2,7,2,1,2,3
MultiRepeat,13,740,2,8,2,1,1,1
MultiRepeat,13,741,2,9,2,1,3,2
MultiRepeat,13,742,2,10,2,1,4,2
MultiRepeat,13,743,2,11,2,1,1,3
MultiRepeat,13,744,2,12,2,1,2,2
MultiRepeat,13,745,3,1,3,1,3,1
MultiRepeat,13,746,3,2,3,1,3,3
MultiRepeat,13,747,3,3,3,1,4,1
MultiRepeat,13,748,3,4,3,1,1,2
MultiRepeat,13,749,3,5,3,1,2,1
MultiRepeat,13,750,3,6,3,1,4,3
MultiRepeat,13,751,3,7,3,1,2,3
MultiRepeat,13,752,3,8,3,1,1,1
MultiRepeat,13,753,3,9,3,1,3,2
MultiRepeat,13,754,3,10,3,1,4,2
MultiRepeat,13,755,3,11,3,1,1,3
MultiRepeat,13,756,3,12,3,1,2,2
MultiRepeat,13,757,4,1,4,1,3,1
MultiRepeat,13,758,4,2,4,1,3,3
MultiRepeat,13,759,4,3,4,1,4,1
MultiRepeat,13,760,4,4,4,1,1,2
MultiRepeat,13,761,4,5,4,1,2,1
MultiRepeat,13,762,4,6,4,1,4,3
MultiRepeat,13,763,4,7,4,1,2,3
MultiRepeat,13,764,4,8,4,1,1,1
MultiRepeat,13,765,4,9,4,1,3,2
MultiRepeat,13,766,4,10,4,1,4,2
MultiRepeat,13,767,4,11,4,1,1,3
MultiRepeat,13,768,4,12,4,1,2,2
MultiRepeat,13,769,5,1,5,1,3,1
MultiRepeat,13,770,5,2,5,1,3,3
MultiRepeat,13,771,5,3,5,1,4,1
MultiRepeat,13,772,5,4,5,1,1,2
MultiRepeat,13,773,5,5,5,1,2,1
MultiRepeat,13,774,5,6,5,1,4,3
MultiRepeat,13,775,5,7,5,1,2,3
MultiRepeat,13,776,5,8,5,1,1,1
MultiRepeat,13,777,5,9,5,1,3,2
MultiRepeat,13,778,5,10,5,1,4,2
MultiRepeat,13,779,5,11,5,1,1,3
MultiRepeat,13,780,5,12,5,1,2,2
MultiRepeat,14,781,1,1,1,1,3,2
MultiRepeat,14,782,1,2,1,1,4,1
MultiRepeat,14,783,1,3,1,1,4,2
MultiRepeat,14,784,1,4,1,1,1,3
MultiRepeat,14,785,1,5,1,1,2,2
MultiRepeat,14,786,1,6,1,1,1,1
MultiRepeat,14,787,1,7,1,1,3,1
MultiRepeat,14,788,1,8,1,1,1,2
MultiRepeat,14,789,1,9,1,1,3,3
MultiRepeat,14,790,1,10,1,1,4,3
MultiRepeat,14,791,1,11,1,1,2,1
MultiRepeat,14,792,1,12,1,1,2,3
MultiRepeat,14,793,2,1,2,1,3,2
MultiRepeat,14,794,2,2,2,1,4,1
MultiRepeat,14,795,2,3,2,1,4,2
MultiRepeat,14,796,2,4,2,1,1,3
MultiRepeat,14,797,2,5,2,1,2,2
MultiRepeat,14,798,2,6,2,1,1,1
MultiRepeat,14,799,2,7,2,1,3,1
MultiRepeat,14,800,2,8,2,1,1,2
MultiRepeat,14,801,2,9,2,1,3,3
MultiRepeat,14,802,2,10,2,1,4,3
MultiRepeat,14,803,2,11,2,1,2,1
MultiRepeat,14,804,2,12,2,1,2,3
MultiRepeat,14,805,3,1,3,1,3,2
MultiRepeat,14,806,3,2,3,1,4,1
MultiRepeat,14,807,3,3,3,1,4,2
MultiRepeat,14,808,3,4,3,1,1,3
MultiRepeat,14,809,3,5,3,1,2,2
MultiRepeat,14,810,3,6,3,1,1,1
MultiRepeat,14,811,3,7,3,1,3,1
MultiRepeat,14,812,3,8,3,1,1,2
MultiRepeat,14,813,3,9,3,1,3,3
MultiRepeat,14,814,3,10,3,1,4,3
MultiRepeat,14,815,3,11,3,1,2,1
MultiRepeat,14,816,3,12,3,1,2,3
MultiRepeat,14,817,4,1,4,1,3,2
MultiRepeat,14,818,4,2,4,1,4,1
MultiRepeat,14,819,4,3,4,1,4,2
MultiRepeat,14,820,4,4,4,1,1,3
MultiRepeat,14,821,4,5,4,1,2,2
MultiRepeat,14,822,4,6,4,1,1,1
MultiRepeat,14,823,4,7,4,1,3,1
MultiRepeat,14,824,4,8,4,1,1,2
MultiRepeat,14,825,4,9,4,1,3,3
MultiRepeat,14,826,4,10,4,1,4,3
MultiRepeat,14,827,4,11,4,1,2,1
MultiRepeat,14,828,4,12,4,1,2,3
MultiRepeat,14,829,5,1,5,1,3,2
MultiRepeat,14,830,5,2,5,1,4,1
MultiRepeat,14,831,5,3,5,1,4,2
MultiRepeat,14,832,5,4,5,1,1,3
MultiRepeat,14,833,5,5,5,1,2,2
MultiRepeat,14,834,5,6,5,1,1,1
MultiRepeat,14,835,5,7,5,1,3,1
MultiRepeat,14,836,5,8,5,1,1,2
MultiRepeat,14,837,5,9,5,1,3,3
MultiRepeat,14,838,5,10,5,1,4,3
MultiRepeat,14,839,5,11,5,1,2,1
MultiRepeat,14,840,5,12,5,1,2,3
MultiRepeat,15,841,1,1,1,1,3,3
MultiRepeat,15,842,1,2,1,1,4,2
MultiRepeat,15,843,1,3,1,1,4,3
MultiRepeat,15,844,1,4,1,1,2,1
MultiRepeat,15,845,1,5,1,1,2,3
MultiRepeat,15,846,1,6,1,1,1,2
MultiRepeat,15,847,1,7,1,1,3,2
MultiRepeat,15,848,1,8,1,1,1,3
MultiRepeat,15,849,1,9,1,1,4,1
MultiRepeat,15,850,1,10,1,1,1,1
MultiRepeat,15,851,1,11,1,1,2,2
MultiRepeat,15,852,1,12,1,1,3,1
MultiRepeat,15,853,2,1,2,1,3,3
MultiRepeat,15,854,2,2,2,1,4,2
MultiRepeat,15,855,2,3,2,1,4,3
MultiRepeat,15,856,2,4,2,1,2,1
MultiRepeat,15,857,2,5,2,1,2,3
MultiRepeat,15,858,2,6,2,1,1,2
MultiRepeat,15,859,2,7,2,1,3,2
MultiRepeat,15,860,2,8,2,1,1,3
MultiRepeat,15,861,2,9,2,1,4,1
MultiRepeat,15,862,2,10,2,1,1,1
MultiRepeat,15,863,2,11,2,1,2,2
MultiRepeat,15,864,2,12,2,1,3,1
MultiRepeat,15,865,3,1,3,1,3,3
MultiRepeat,15,866,3,2,3,1,4,2
MultiRepeat,15,867,3,3,3,1,4,3
MultiRepeat,15,868,3,4,3,1,2,1
MultiRepeat,15,869,3,5,3,1,2,3
MultiRepeat,15,870,3,6,3,1,1,2
MultiRepeat,15,871,3,7,3,1,3,2
MultiRepeat,15,872,3,8,3,1,1,3
MultiRepeat,15,873,3,9,3,1,4,1
MultiRepeat,15,874,3,10,3,1,1,1
MultiRepeat,15,875,3,11,3,1,2,2
MultiRepeat,15,876,3,12,3,1,3,1
MultiRepeat,15,877,4,1,4,1,3,3
MultiRepeat,15,878,4,2,4,1,4,2
MultiRepeat,15,879,4,3,4,1,4,3
MultiRepeat,15,880,4,4,4,1,2,1
MultiRepeat,15,881,4,5,4,1,2,3
MultiRepeat,15,882,4,6,4,1,1,2
MultiRepeat,15,883,4,7,4,1,3,2
MultiRepeat,15,884,4,8,4,1,1,3
MultiRepeat,15,885,4,9,4,1,4,1
MultiRepeat,15,886,4,10,4,1,1,1
MultiRepeat,15,887,4,11,4,1,2,2
MultiRepeat,15,888,4,12,4,1,3,1
MultiRepeat,15,889,5,1,5,1,3,3
MultiRepeat,15,890,5,2,5,1,4,2
MultiRepeat,15,891,5,3,5,1,4,3
MultiRepeat,15,892,5,4,5,1,2,1
MultiRepeat,15,893,5,5,5,1,2,3
MultiRepeat,15,894,5,6,5,1,1,2
MultiRepeat,15,895,5,7,5,1,3,2
MultiRepeat,15,896,5,8,5,1,1,3
MultiRepeat,15,897,5,9,5,1,4,1
MultiRepeat,15,898,5,10,5,1,1,1
MultiRepeat,15,899,5,11,5,1,2,2
MultiRepeat,15,900,5,12,5,1,3,1
MultiRepeat,16,901,1,1,1,1,4,1
MultiRepeat,16,902,1,2,1,1,4,3
MultiRepeat,16,903,1,3,1,1,1,1
MultiRepeat,16,904,1,4,1,1,2,2
MultiRepeat,16,905,1,5,1,1,3,1
MultiRepeat,16,906,1,6,1,1,1,3
MultiRepeat,16,907,1,7,1,1,3,3
MultiRepeat,16,908,1,8,1,1,2,1
MultiRepeat,16,909,1,9,1,1,4,2
MultiRepeat,16,910,1,10,1,1,1,2
MultiRepeat,16,911,1,11,1,1,2,3
MultiRepeat,16,912,1,12,1,1,3,2
MultiRepeat,16,913,2,1,2,1,4,1
MultiRepeat,16,914,2,2,2,1,4,3
MultiRepeat,16,915,2,3,2,1,1,1
MultiRepeat,16,916,2,4,2,1,2,2
MultiRepeat,16,917,2,5,2,1,3,1
MultiRepeat,16,918,2,6,2,1,1,3
MultiRepeat,16,919,2,7,2,1,3,3
MultiRepeat,16,920,2,8,2,1,2,1
MultiRepeat,16,921,2,9,2,1,4,2
MultiRepeat,16,922,2,10,2,1,1,2
MultiRepeat,16,923,2,11,2,1,2,3
MultiRepeat,16,924,2,12,2,1,3,2
MultiRepeat,16,925,3,1,3,1,4,1
MultiRepeat,16,926,3,2,3,1,4,3
MultiRepeat,16,927,3,3,3,1,1,1
MultiRepeat,16,928,3,4,3,1,2,2
MultiRepeat,16,929,3,5,3,1,3,1
MultiRepeat,16,930,3,6,3,1,1,3
MultiRepeat,16,931,3,7,3,1,3,3
MultiRepeat,16,932,3,8,3,1,2,1
MultiRepeat,16,933,3,9,3,1,4,2
MultiRepeat,16,934,3,10,3,1,1,2
MultiRepeat,16,935,3,11,3,1,2,3
MultiRepeat,16,936,3,12,3,1,3,2
MultiRepeat,16,937,4,1,4,1,4,1
MultiRepeat,16,938,4,2,4,1,4,3
MultiRepeat,16,939,4,3,4,1,1,1
MultiRepeat,16,940,4,4,4,1,2,2
MultiRepeat,16,941,4,5,4,1,3,1
MultiRepeat,16,942,4,6,4,1,1,3
MultiRepeat,16,943,4,7,4,1,3,3
MultiRepeat,16,944,4,8,4,1,2,1
MultiRepeat,16,945,4,9,4,1,4,2
MultiRepeat,16,946,4,10,4,1,1,2
MultiRepeat,16,947,4,11,4,1,2,3
MultiRepeat,16,948,4,12,4,1,3,2
MultiRepeat,16,949,5,1,5,1,4,1
MultiRepeat,16,950,5,2,5,1,4,3
MultiRepeat,16,951,5,3,5,1,1,1
MultiRepeat,16,952,5,4,5,1,2,2
MultiRepeat,16,953,5,5,5,1,3,1
MultiRepeat,16,954,5,6,5,1,1,3
MultiRepeat,16,955,5,7,5,1,3,3
MultiRepeat,16,956,5,8,5,1,2,1
MultiRepeat,16,957,5,9,5,1,4,2
MultiRepeat,16,958,5,10,5,1,1,2
MultiRepeat,16,959,5,11,5,1,2,3
MultiRepeat,16,960,5,12,5,1,3,2
MultiRepeat,17,961,1,1,1,1,4,2
MultiRepeat,17,962,1,2,1,1,1,1
MultiRepeat,17,963,1,3,1,1,1,2
MultiRepeat,17,964,1,4,1,1,2,3
MultiRepeat,17,965,1,5,1,1,3,2
MultiRepeat,17,966,1,6,1,1,2,1
MultiRepeat,17,967,1,7,1,1,4,1
MultiRepeat,17,968,1,8,1,1,2,2
MultiRepeat,17,969,1,9,1,1,4,3
MultiRepeat,17,970,1,10,1,1,1,3
MultiRepeat,17,971,1,11,1,1,3,1
MultiRepeat,17,972,1,12,1,1,3,3
MultiRepeat,17,973,2,1,2,1,4,2
MultiRepeat,17,974,2,2,2,1,1,1
MultiRepeat,17,975,2,3,2,1,1,2
MultiRepeat,17,976,2,4,2,1,2,3
MultiRepeat,17,977,2,5,2,1,3,2
MultiRepeat,17,978,2,6,2,1,2,1
MultiRepeat,17,979,2,7,2,1,4,1
MultiRepeat,17,980,2,8,2,1,2,2
MultiRepeat,17,981,2,9,2,1,4,3
MultiRepeat,17,982,2,10,2,1,1,3
MultiRepeat,17,983,2,11,2,1,3,1
MultiRepeat,17,984,2,12,2,1,3,3
MultiRepeat,17,985,3,1,3,1,4,2
MultiRepeat,17,986,3,2,3,1,1,1
MultiRepeat,17,987,3,3,3,1,1,2
MultiRepeat,17,988,3,4,3,1,2,3
MultiRepeat,17,989,3,5,3,1,3,2
MultiRepeat,17,990,3,6,3,1,2,1
MultiRepeat,17,991,3,7,3,1,4,1
MultiRepeat,17,992,3,8,3,1,2,2
MultiRepeat,17,993,3,9,3,1,4,3
MultiRepeat,17,994,3,10,3,1,1,3
MultiRepeat,17,995,3,11,3,1,3,1
MultiRepeat,17,996,3,12,3,1,3,3
MultiRepeat,17,997,4,1,4,1,4,2
MultiRepeat,17,998,4,2,4,1,1,1
MultiRepeat,17,999,4,3,4,1,1,2
MultiRepeat,17,1000,4,4,4,1,2,3
MultiRepeat,17,1001,4,5,4,1,3,2
MultiRepeat,17,1002,4,6,4,1,2,1
MultiRepeat,17,1003,4,7,4,1,4,1
MultiRepeat,17,1004,4,8,4,1,2,2
MultiRepeat,17,1005,4,9,4,1,4,3
MultiRepeat,17,1006,4,10,4,1,1,3
MultiRepeat,17,1007,4,11,4,1,3,1
MultiRepeat,17,1008,4,12,4,1,3,3
MultiRepeat,17,1009,5,1,5,1,4,2
MultiRepeat,17,1010,5,2,5,1,1,1
MultiRepeat,17,1011,5,3,5,1,1,2
MultiRepeat,17,1012,5,4,5,1,2,3
MultiRepeat,17,1013,5,5,5,1,3,2
MultiRepeat,17,1014,5,6,5,1,2,1
MultiRepeat,17,1015,5,7,5,1,4,1
MultiRepeat,17,1016,5,8,5,1,2,2
MultiRepeat,17,1017,5,9,5,1,4,3
MultiRepeat,17,1018,5,10,5,1,1,3
MultiRepeat,17,1019,5,11,5,1,3,1
MultiRepeat,17,1020,5,12,5,1,3,3
MultiRepeat,18,1021,1,1,1,1,4,3
MultiRepeat,18,1022,1,2,1,1,1,2
MultiRepeat,18,1023,1,3,1,1,1,3
MultiRepeat,18,1024,1,4,1,1,3,1
MultiRepeat,18,1025,1,5,1,1,3,3
MultiRepeat,18,1026,1,6,1,1,2,2
MultiRepeat,18,1027,1,7,1,1,4,2
MultiRepeat,18,1028,1,8,1,1,2,3
MultiRepeat,18,1029,1,9,1,1,1,1
MultiRepeat,18,1030,1,10,1,1,2,1
MultiRepeat,18,1031,1,11,1,1,3,2
MultiRepeat,18,1032,1,12,1,1,4,1
MultiRepeat,18,1033,2,1,2,1,4,3
MultiRepeat,18,1034,2,2,2,1,1,2
MultiRepeat,18,1035,2,3,2,1,1,3
MultiRepeat,18,1036,2,4,2,1,3,1
MultiRepeat,18,1037,2,5,2,1,3,3
MultiRepeat,18,1038,2,6,2,1,2,2
MultiRepeat,18,1039,2,7,2,1,4,2
MultiRepeat,18,1040,2,8,2,1,2,3
MultiRepeat,18,1041,2,9,2,1,1,1
MultiRepeat,18,1042,2,10,2,1,2,1
MultiRepeat,18,1043,2,11,2,1,3,2
MultiRepeat,18,1044,2,12,2,1,4,1
MultiRepeat,18,1045,3,1,3,1,4,3
MultiRepeat,18,1046,3,2,3,1,1,2
MultiRepeat,18,1047,3,3,3,1,1,3
MultiRepeat,18,1048,3,4,3,1,3,1
MultiRepeat,18,1049,3,5,3,1,3,3
MultiRepeat,18,1050,3,6,3,1,2,2
MultiRepeat,18,1051,3,7,3,1,4,2
MultiRepeat,18,1052,3,8,3,1,2,3
MultiRepeat,18,1053,3,9,3,1,1,1
MultiRepeat,18,1054,3,10,3,1,2,1
MultiRepeat,18,1055,3,11,3,1,3,2
MultiRepeat,18,1056,3,12,3,1,4,1
MultiRepeat,18,1057,4,1,4,1,4,3
MultiRepeat,18,1058,4,2,4,1,1,2
MultiRepeat,18,1059,4,3,4,1,1,3
MultiRepeat,18,1060,4,4,4,1,3,1
MultiRepeat,18,1061,4,5,4,1,3,3
MultiRepeat,18,1062,4,6,4,1,2,2
MultiRepeat,18,1063,4,7,4,1,4,2
MultiRepeat,18,1064,4,8,4,1,2,3
MultiRepeat,18,1065,4,9,4,1,1,1
MultiRepeat,18,1066,4,10,4,1,2,1
MultiRepeat,18,1067,4,11,4,1,3,2
MultiRepeat,18,1068,4,12,4,1,4,1
MultiRepeat,18,1069,5,1,5,1,4,3
MultiRepeat,18,1070,5,2,5,1,1,2
MultiRepeat,18,1071,5,3,5,1,1,3
MultiRepeat,18,1072,5,4,5,1,3,1
MultiRepeat,18,1073,5,5,5,1,3,3
MultiRepeat,18,1074,5,6,5,1,2,2
MultiRepeat,18,1075,5,7,5,1,4,2
MultiRepeat,18,1076,5,8,5,1,2,3
MultiRepeat,18,1077,5,9,5,1,1,1
MultiRepeat,18,1078,5,10,5,1,2,1
MultiRepeat,18,1079,5,11,5,1,3,2
MultiRepeat,18,1080,5,12,5,1,4,1
MultiRepeat,19,1081,1,1,1,1,1,1
MultiRepeat,19,1082,1,2,1,1,1,3
MultiRepeat,19,1083,1,3,1,1,2,1
MultiRepeat,19,1084,1,4,1,1,3,2
MultiRepeat,19,1085,1,5,1,1,4,1
MultiRepeat,19,1086,1,6,1,1,2,3
MultiRepeat,19,1087,1,7,1,1,4,3
MultiRepeat,19,1088,1,8,1,1,3,1
MultiRepeat,19,1089,1,9,1,1,1,2
MultiRepeat,19,1090,1,10,1,1,2,2
MultiRepeat,19,1091,1,11,1,1,3,3
MultiRepeat,19,1092,1,12,1,1,4,2
MultiRepeat,19,1093,2,1,2,1,1,1
MultiRepeat,19,1094,2,2,2,1,1,3
MultiRepeat,19,1095,2,3,2,1,2,1
MultiRepeat,19,1096,2,4,2,1,3,2
MultiRepeat,19,1097,2,5,2,1,4,1
MultiRepeat,19,1098,2,6,2,1,2,3
MultiRepeat,19,1099,2,7,2,1,4,3
MultiRepeat,19,1100,2,8,2,1,3,1
MultiRepeat,19,1101,2,9,2,1,1,2
MultiRepeat,19,1102,2,10,2,1,2,2
MultiRepeat,19,1103,2,11,2,1,3,3
MultiRepeat,19,1104,2,12,2,1,4,2
MultiRepeat,19,1105,3,1,3,1,1,1
MultiRepeat,19,1106,3,2,3,1,1,3
MultiRepeat,19,1107,3,3,3,1,2,1
MultiRepeat,19,1108,3,4,3,1,3,2
MultiRepeat,19,1109,3,5,3,1,4,1
MultiRepeat,19,1110,3,6,3,1,2,3
MultiRepeat,19,1111,3,7,3,1,4,3
MultiRepeat,19,1112,3,8,3,1,3,1
MultiRepeat,19,1113,3,9,3,1,1,2
MultiRepeat,19,1114,3,10,3,1,2,2
MultiRepeat,19,1115,3,11,3,1,3,3
MultiRepeat,19,1116,3,12,3,1,4,2
MultiRepeat,19,1117,4,1,4,1,1,1
MultiRepeat,19,1118,4,2,4,1,1,3
MultiRepeat,19,1119,4,3,4,1,2,1
MultiRepeat,19,1120,4,4,4,1,3,2
MultiRepeat,19,1121,4,5,4,1,4,1
MultiRepeat,19,1122,4,6,4,1,2,3
MultiRepeat,19,1123,4,7,4,1,4,3
MultiRepeat,19,1124,4,8,4,1,3,1
MultiRepeat,19,1125,4,9,4,1,1,2
MultiRepeat,19,1126,4,10,4,1,2,2
MultiRepeat,19,1127,4,11,4,1,3,3
MultiRepeat,19,1128,4,12,4,1,4,2
MultiRepeat,19,1129,5,1,5,1,1,1
MultiRepeat,19,1130,5,2,5,1,1,3
MultiRepeat,19,1131,5,3,5,1,2,1
MultiRepeat,19,1132,5,4,5,1,3,2
MultiRepeat,19,1133,5,5,5,1,4,1
MultiRepeat,19,1134,5,6,5,1,2,3
MultiRepeat,19,1135,5,7,5,1,4,3
MultiRepeat,19,1136,5,8,5,1,3,1
MultiRepeat,19,1137,5,9,5,1,1,2
MultiRepeat,19,1138,5,10,5,1,2,2
MultiRepeat,19,1139,5,11,5,1,3,3
MultiRepeat,19,1140,5,12,5,1,4,2
MultiRepeat,20,1141,1,1,1,1,1,2
MultiRepeat,20,1142,1,2,1,1,2,1
MultiRepeat,20,1143,1,3,1,1,2,2
MultiRepeat,20,1144,1,4,1,1,3,3
MultiRepeat,20,1145,1,5,1,1,4,2
MultiRepeat,20,1146,1,6,1,1,3,1
MultiRepeat,20,1147,1,7,1,1,1,1
MultiRepeat,20,1148,1,8,1,1,3,2
MultiRepeat,20,1149,1,9,1,1,1,3
MultiRepeat,20,1150,1,10,1,1,2,3
MultiRepeat,20,1151,1,11,1,1,4,1
MultiRepeat,20,1152,1,12,1,1,4,3
MultiRepeat,20,1153,2,1,2,1,1,2
MultiRepeat,20,1154,2,2,2,1,2,1
MultiRepeat,20,1155,2,3,2,1,2,2
MultiRepeat,20,1156,2,4,2,1,3,3
MultiRepeat,20,1157,2,5,2,1,4,2
MultiRepeat,20,1158,2,6,2,1,3,1
MultiRepeat,20,1159,2,7,2,1,1,1
MultiRepeat,20,1160,2,8,2,1,3,2
MultiRepeat,20,1161,2,9,2,1,1,3
MultiRepeat,20,1162,2,10,2,1,2,3
MultiRepeat,20,1163,2,11,2,1,4,1
MultiRepeat,20,1164,2,12,2,1,4,3
MultiRepeat,20,1165,3,1,3,1,1,2
MultiRepeat,20,1166,3,2,3,1,2,1
MultiRepeat,20,1167,3,3,3,1,2,2
MultiRepeat,20,1168,3,4,3,1,3,3
MultiRepeat,20,1169,3,5,3,1,4,2
MultiRepeat,20,1170,3,6,3,1,3,1
MultiRepeat,20,1171,3,7,3,1,1,1
MultiRepeat,20,1172,3,8,3,1,3,2
MultiRepeat,20,1173,3,9,3,1,1,3
MultiRepeat,20,1174,3,10,3,1,2,3
MultiRepeat,20,1175,3,11,3,1,4,1
MultiRepeat,20,1176,3,12,3,1,4,3
MultiRepeat,20,1177,4,1,4,1,1,2
MultiRepeat,20,1178,4,2,4,1,2,1
MultiRepeat,20,1179,4,3,4,1,2,2
MultiRepeat,20,1180,4,4,4,1,3,3
MultiRepeat,20,1181,4,5,4,1,4,2
MultiRepeat,20,1182,4,6,4,1,3,1
MultiRepeat,20,1183,4,7,4,1,1,1
MultiRepeat,20,1184,4,8,4,1,3,2
MultiRepeat,20,1185,4,9,4,1,1,3
MultiRepeat,20,1186,4,10,4,1,2,3
MultiRepeat,20,1187,4,11,4,1,4,1
MultiRepeat,20,1188,4,12,4,1,4,3
MultiRepeat,20,1189,5,1,5,1,1,2
MultiRepeat,20,1190,5,2,5,1,2,1
MultiRepeat,20,1191,5,3,5,1,2,2
MultiRepeat,20,1192,5,4,5,1,3,3
MultiRepeat,20,1193,5,5,5,1,4,2
MultiRepeat,20,1194,5,6,5,1,3,1
MultiRepeat,20,1195,5,7,5,1,1,1
MultiRepeat,20,1196,5,8,5,1,3,2
MultiRepeat,20,1197,5,9,5,1,1,3
MultiRepeat,20,1198,5,10,5,1,2,3
MultiRepeat,20,1199,5,11,5,1,4,1
MultiRepeat,20,1200,5,12,5,1,4,3
